station,date,year,month,day,tmax_c,tmax_f,qc_flag
USW00013958,1938-06-01,1938,6,1,32.8,91.04,
USW00013958,1938-06-02,1938,6,2,34.4,93.92,
USW00013958,1938-06-03,1938,6,3,34.4,93.92,
USW00013958,1938-06-04,1938,6,4,32.2,89.96,
USW00013958,1938-06-05,1938,6,5,34.4,93.92,
USW00013958,1938-06-06,1938,6,6,33.3,91.94,
USW00013958,1938-06-07,1938,6,7,35.0,95.0,
USW00013958,1938-06-08,1938,6,8,33.3,91.94,
USW00013958,1938-06-09,1938,6,9,30.6,87.08,
USW00013958,1938-06-10,1938,6,10,32.2,89.96,
USW00013958,1938-06-11,1938,6,11,33.3,91.94,
USW00013958,1938-06-12,1938,6,12,32.8,91.04,
USW00013958,1938-06-13,1938,6,13,32.8,91.04,
USW00013958,1938-06-14,1938,6,14,32.8,91.04,
USW00013958,1938-06-15,1938,6,15,31.7,89.06,
USW00013958,1938-06-16,1938,6,16,31.7,89.06,
USW00013958,1938-06-17,1938,6,17,32.2,89.96,
USW00013958,1938-06-18,1938,6,18,32.2,89.96,
USW00013958,1938-06-19,1938,6,19,33.9,93.02,
USW00013958,1938-06-20,1938,6,20,34.4,93.92,
USW00013958,1938-06-21,1938,6,21,35.0,95.0,
USW00013958,1938-06-22,1938,6,22,33.9,93.02,
USW00013958,1938-06-23,1938,6,23,33.3,91.94,
USW00013958,1938-06-24,1938,6,24,34.4,93.92,
USW00013958,1938-06-25,1938,6,25,33.9,93.02,
USW00013958,1938-06-26,1938,6,26,34.4,93.92,
USW00013958,1938-06-27,1938,6,27,33.9,93.02,
USW00013958,1938-06-28,1938,6,28,33.3,91.94,
USW00013958,1938-06-29,1938,6,29,33.3,91.94,
USW00013958,1938-06-30,1938,6,30,33.3,91.94,
USW00013958,1938-07-01,1938,7,1,34.4,93.92,
USW00013958,1938-07-02,1938,7,2,35.0,95.0,
USW00013958,1938-07-03,1938,7,3,35.0,95.0,
USW00013958,1938-07-04,1938,7,4,35.6,96.08,
USW00013958,1938-07-05,1938,7,5,36.7,98.06,
USW00013958,1938-07-06,1938,7,6,36.7,98.06,
USW00013958,1938-07-07,1938,7,7,36.1,96.98,
USW00013958,1938-07-08,1938,7,8,35.0,95.0,
USW00013958,1938-07-09,1938,7,9,35.6,96.08,
USW00013958,1938-07-10,1938,7,10,36.1,96.98,
USW00013958,1938-07-11,1938,7,11,35.6,96.08,
USW00013958,1938-07-12,1938,7,12,36.1,96.98,
USW00013958,1938-07-13,1938,7,13,35.6,96.08,
USW00013958,1938-07-14,1938,7,14,36.1,96.98,
USW00013958,1938-07-15,1938,7,15,36.1,96.98,
USW00013958,1938-07-16,1938,7,16,36.1,96.98,
USW00013958,1938-07-17,1938,7,17,37.2,98.96,
USW00013958,1938-07-18,1938,7,18,36.7,98.06,
USW00013958,1938-07-19,1938,7,19,35.0,95.0,
USW00013958,1938-07-20,1938,7,20,35.0,95.0,
USW00013958,1938-07-21,1938,7,21,31.7,89.06,
USW00013958,1938-07-22,1938,7,22,30.6,87.08,
USW00013958,1938-07-23,1938,7,23,28.9,84.02,
USW00013958,1938-07-24,1938,7,24,32.2,89.96,
USW00013958,1938-07-25,1938,7,25,34.4,93.92,
USW00013958,1938-07-26,1938,7,26,34.4,93.92,
USW00013958,1938-07-27,1938,7,27,35.0,95.0,
USW00013958,1938-07-28,1938,7,28,36.1,96.98,
USW00013958,1938-07-29,1938,7,29,36.7,98.06,
USW00013958,1938-07-30,1938,7,30,35.6,96.08,
USW00013958,1938-07-31,1938,7,31,36.7,98.06,
USW00013958,1938-08-01,1938,8,1,36.7,98.06,
USW00013958,1938-08-02,1938,8,2,35.6,96.08,
USW00013958,1938-08-03,1938,8,3,33.9,93.02,
USW00013958,1938-08-04,1938,8,4,33.9,93.02,
USW00013958,1938-08-05,1938,8,5,35.6,96.08,
USW00013958,1938-08-06,1938,8,6,35.6,96.08,
USW00013958,1938-08-07,1938,8,7,36.1,96.98,
USW00013958,1938-08-08,1938,8,8,36.7,98.06,
USW00013958,1938-08-09,1938,8,9,36.7,98.06,
USW00013958,1938-08-10,1938,8,10,36.7,98.06,
USW00013958,1938-08-11,1938,8,11,35.0,95.0,
USW00013958,1938-08-12,1938,8,12,36.1,96.98,
USW00013958,1938-08-13,1938,8,13,36.1,96.98,
USW00013958,1938-08-14,1938,8,14,36.7,98.06,
USW00013958,1938-08-15,1938,8,15,38.3,100.94,
USW00013958,1938-08-16,1938,8,16,37.8,100.04,
USW00013958,1938-08-17,1938,8,17,36.1,96.98,
USW00013958,1938-08-18,1938,8,18,36.7,98.06,
USW00013958,1938-08-19,1938,8,19,36.7,98.06,
USW00013958,1938-08-20,1938,8,20,36.1,96.98,
USW00013958,1938-08-21,1938,8,21,36.7,98.06,
USW00013958,1938-08-22,1938,8,22,36.7,98.06,
USW00013958,1938-08-23,1938,8,23,36.7,98.06,
USW00013958,1938-08-24,1938,8,24,35.6,96.08,
USW00013958,1938-08-25,1938,8,25,35.6,96.08,
USW00013958,1938-08-26,1938,8,26,36.1,96.98,
USW00013958,1938-08-27,1938,8,27,37.2,98.96,
USW00013958,1938-08-28,1938,8,28,28.9,84.02,
USW00013958,1938-08-29,1938,8,29,30.6,87.08,
USW00013958,1938-08-30,1938,8,30,35.0,95.0,
USW00013958,1938-08-31,1938,8,31,35.0,95.0,
USW00013958,1939-06-01,1939,6,1,29.4,84.92,
USW00013958,1939-06-02,1939,6,2,30.6,87.08,
USW00013958,1939-06-03,1939,6,3,31.1,87.98,
USW00013958,1939-06-04,1939,6,4,26.1,78.98,
USW00013958,1939-06-05,1939,6,5,32.8,91.04,
USW00013958,1939-06-06,1939,6,6,33.3,91.94,
USW00013958,1939-06-07,1939,6,7,33.3,91.94,
USW00013958,1939-06-08,1939,6,8,34.4,93.92,
USW00013958,1939-06-09,1939,6,9,35.6,96.08,
USW00013958,1939-06-10,1939,6,10,36.7,98.06,
USW00013958,1939-06-11,1939,6,11,35.6,96.08,
USW00013958,1939-06-12,1939,6,12,35.0,95.0,
USW00013958,1939-06-13,1939,6,13,35.0,95.0,
USW00013958,1939-06-14,1939,6,14,37.2,98.96,
USW00013958,1939-06-15,1939,6,15,38.3,100.94,
USW00013958,1939-06-16,1939,6,16,37.2,98.96,
USW00013958,1939-06-17,1939,6,17,36.1,96.98,
USW00013958,1939-06-18,1939,6,18,35.6,96.08,
USW00013958,1939-06-19,1939,6,19,30.0,86.0,
USW00013958,1939-06-20,1939,6,20,32.2,89.96,
USW00013958,1939-06-21,1939,6,21,35.0,95.0,
USW00013958,1939-06-22,1939,6,22,33.3,91.94,
USW00013958,1939-06-23,1939,6,23,35.6,96.08,
USW00013958,1939-06-24,1939,6,24,35.6,96.08,
USW00013958,1939-06-25,1939,6,25,35.6,96.08,
USW00013958,1939-06-26,1939,6,26,36.7,98.06,
USW00013958,1939-06-27,1939,6,27,36.7,98.06,
USW00013958,1939-06-28,1939,6,28,36.1,96.98,
USW00013958,1939-06-29,1939,6,29,37.8,100.04,
USW00013958,1939-06-30,1939,6,30,34.4,93.92,
USW00013958,1939-07-01,1939,7,1,37.2,98.96,
USW00013958,1939-07-02,1939,7,2,38.9,102.02,
USW00013958,1939-07-03,1939,7,3,38.9,102.02,
USW00013958,1939-07-04,1939,7,4,38.9,102.02,
USW00013958,1939-07-05,1939,7,5,40.0,104.0,
USW00013958,1939-07-06,1939,7,6,39.4,102.92,
USW00013958,1939-07-07,1939,7,7,39.4,102.92,
USW00013958,1939-07-08,1939,7,8,42.2,107.96,
USW00013958,1939-07-09,1939,7,9,39.4,102.92,
USW00013958,1939-07-10,1939,7,10,35.6,96.08,
USW00013958,1939-07-11,1939,7,11,28.9,84.02,
USW00013958,1939-07-12,1939,7,12,25.0,77.0,
USW00013958,1939-07-13,1939,7,13,32.8,91.04,
USW00013958,1939-07-14,1939,7,14,33.9,93.02,
USW00013958,1939-07-15,1939,7,15,35.6,96.08,
USW00013958,1939-07-16,1939,7,16,35.0,95.0,
USW00013958,1939-07-17,1939,7,17,35.0,95.0,
USW00013958,1939-07-18,1939,7,18,35.0,95.0,
USW00013958,1939-07-19,1939,7,19,36.1,96.98,
USW00013958,1939-07-20,1939,7,20,36.7,98.06,
USW00013958,1939-07-21,1939,7,21,36.7,98.06,
USW00013958,1939-07-22,1939,7,22,37.2,98.96,
USW00013958,1939-07-23,1939,7,23,35.0,95.0,
USW00013958,1939-07-24,1939,7,24,35.6,96.08,
USW00013958,1939-07-25,1939,7,25,35.0,95.0,
USW00013958,1939-07-26,1939,7,26,35.0,95.0,
USW00013958,1939-07-27,1939,7,27,36.1,96.98,
USW00013958,1939-07-28,1939,7,28,37.2,98.96,
USW00013958,1939-07-29,1939,7,29,35.0,95.0,
USW00013958,1939-07-30,1939,7,30,35.0,95.0,
USW00013958,1939-07-31,1939,7,31,34.4,93.92,
USW00013958,1939-08-01,1939,8,1,32.2,89.96,
USW00013958,1939-08-02,1939,8,2,30.0,86.0,
USW00013958,1939-08-03,1939,8,3,34.4,93.92,
USW00013958,1939-08-04,1939,8,4,33.9,93.02,
USW00013958,1939-08-05,1939,8,5,30.6,87.08,
USW00013958,1939-08-06,1939,8,6,33.3,91.94,
USW00013958,1939-08-07,1939,8,7,34.4,93.92,
USW00013958,1939-08-08,1939,8,8,33.3,91.94,
USW00013958,1939-08-09,1939,8,9,34.4,93.92,
USW00013958,1939-08-10,1939,8,10,33.9,93.02,
USW00013958,1939-08-11,1939,8,11,34.4,93.92,
USW00013958,1939-08-12,1939,8,12,35.0,95.0,
USW00013958,1939-08-13,1939,8,13,36.7,98.06,
USW00013958,1939-08-14,1939,8,14,36.7,98.06,
USW00013958,1939-08-15,1939,8,15,37.2,98.96,
USW00013958,1939-08-16,1939,8,16,38.3,100.94,
USW00013958,1939-08-17,1939,8,17,33.9,93.02,
USW00013958,1939-08-18,1939,8,18,35.6,96.08,
USW00013958,1939-08-19,1939,8,19,37.8,100.04,
USW00013958,1939-08-20,1939,8,20,36.7,98.06,
USW00013958,1939-08-21,1939,8,21,34.4,93.92,
USW00013958,1939-08-22,1939,8,22,35.0,95.0,
USW00013958,1939-08-23,1939,8,23,35.6,96.08,
USW00013958,1939-08-24,1939,8,24,35.6,96.08,
USW00013958,1939-08-25,1939,8,25,36.1,96.98,
USW00013958,1939-08-26,1939,8,26,36.1,96.98,
USW00013958,1939-08-27,1939,8,27,31.1,87.98,
USW00013958,1939-08-28,1939,8,28,33.3,91.94,
USW00013958,1939-08-29,1939,8,29,35.0,95.0,
USW00013958,1939-08-30,1939,8,30,36.7,98.06,
USW00013958,1939-08-31,1939,8,31,37.2,98.96,
USW00013958,1940-06-01,1940,6,1,32.2,89.96,
USW00013958,1940-06-02,1940,6,2,32.8,91.04,
USW00013958,1940-06-03,1940,6,3,32.8,91.04,
USW00013958,1940-06-04,1940,6,4,33.3,91.94,
USW00013958,1940-06-05,1940,6,5,33.9,93.02,
USW00013958,1940-06-06,1940,6,6,33.3,91.94,
USW00013958,1940-06-07,1940,6,7,33.9,93.02,
USW00013958,1940-06-08,1940,6,8,35.0,95.0,
USW00013958,1940-06-09,1940,6,9,27.2,80.96,
USW00013958,1940-06-10,1940,6,10,31.7,89.06,
USW00013958,1940-06-11,1940,6,11,28.9,84.02,
USW00013958,1940-06-12,1940,6,12,32.8,91.04,
USW00013958,1940-06-13,1940,6,13,27.8,82.04,
USW00013958,1940-06-14,1940,6,14,27.2,80.96,
USW00013958,1940-06-15,1940,6,15,29.4,84.92,
USW00013958,1940-06-16,1940,6,16,29.4,84.92,
USW00013958,1940-06-17,1940,6,17,30.6,87.08,
USW00013958,1940-06-18,1940,6,18,31.7,89.06,
USW00013958,1940-06-19,1940,6,19,26.7,80.06,
USW00013958,1940-06-20,1940,6,20,31.7,89.06,
USW00013958,1940-06-21,1940,6,21,32.2,89.96,
USW00013958,1940-06-22,1940,6,22,33.3,91.94,
USW00013958,1940-06-23,1940,6,23,33.9,93.02,
USW00013958,1940-06-24,1940,6,24,27.8,82.04,
USW00013958,1940-06-25,1940,6,25,30.0,86.0,
USW00013958,1940-06-26,1940,6,26,33.3,91.94,
USW00013958,1940-06-27,1940,6,27,35.0,95.0,
USW00013958,1940-06-28,1940,6,28,35.6,96.08,
USW00013958,1940-06-29,1940,6,29,26.7,80.06,
USW00013958,1940-06-30,1940,6,30,30.0,86.0,
USW00013958,1940-07-01,1940,7,1,33.3,91.94,
USW00013958,1940-07-02,1940,7,2,32.2,89.96,
USW00013958,1940-07-03,1940,7,3,31.1,87.98,
USW00013958,1940-07-04,1940,7,4,28.9,84.02,
USW00013958,1940-07-05,1940,7,5,30.0,86.0,
USW00013958,1940-07-06,1940,7,6,31.1,87.98,
USW00013958,1940-07-07,1940,7,7,32.8,91.04,
USW00013958,1940-07-08,1940,7,8,34.4,93.92,
USW00013958,1940-07-09,1940,7,9,37.2,98.96,
USW00013958,1940-07-10,1940,7,10,33.9,93.02,
USW00013958,1940-07-11,1940,7,11,35.0,95.0,
USW00013958,1940-07-12,1940,7,12,31.1,87.98,
USW00013958,1940-07-13,1940,7,13,30.0,86.0,
USW00013958,1940-07-14,1940,7,14,32.2,89.96,
USW00013958,1940-07-15,1940,7,15,33.3,91.94,
USW00013958,1940-07-16,1940,7,16,32.2,89.96,
USW00013958,1940-07-17,1940,7,17,32.8,91.04,
USW00013958,1940-07-18,1940,7,18,33.3,91.94,
USW00013958,1940-07-19,1940,7,19,32.8,91.04,
USW00013958,1940-07-20,1940,7,20,33.3,91.94,
USW00013958,1940-07-21,1940,7,21,34.4,93.92,
USW00013958,1940-07-22,1940,7,22,34.4,93.92,
USW00013958,1940-07-23,1940,7,23,35.0,95.0,
USW00013958,1940-07-24,1940,7,24,35.0,95.0,
USW00013958,1940-07-25,1940,7,25,35.0,95.0,
USW00013958,1940-07-26,1940,7,26,35.6,96.08,
USW00013958,1940-07-27,1940,7,27,36.1,96.98,
USW00013958,1940-07-28,1940,7,28,36.7,98.06,
USW00013958,1940-07-29,1940,7,29,36.1,96.98,
USW00013958,1940-07-30,1940,7,30,35.6,96.08,
USW00013958,1940-07-31,1940,7,31,36.1,96.98,
USW00013958,1940-08-01,1940,8,1,36.1,96.98,
USW00013958,1940-08-02,1940,8,2,37.2,98.96,
USW00013958,1940-08-03,1940,8,3,37.8,100.04,
USW00013958,1940-08-04,1940,8,4,37.8,100.04,
USW00013958,1940-08-05,1940,8,5,37.2,98.96,
USW00013958,1940-08-06,1940,8,6,35.0,95.0,
USW00013958,1940-08-07,1940,8,7,33.3,91.94,
USW00013958,1940-08-08,1940,8,8,32.2,89.96,
USW00013958,1940-08-09,1940,8,9,33.3,91.94,
USW00013958,1940-08-10,1940,8,10,36.7,98.06,
USW00013958,1940-08-11,1940,8,11,38.3,100.94,
USW00013958,1940-08-12,1940,8,12,36.1,96.98,
USW00013958,1940-08-13,1940,8,13,36.1,96.98,
USW00013958,1940-08-14,1940,8,14,37.2,98.96,
USW00013958,1940-08-15,1940,8,15,36.7,98.06,
USW00013958,1940-08-16,1940,8,16,37.2,98.96,
USW00013958,1940-08-17,1940,8,17,37.2,98.96,
USW00013958,1940-08-18,1940,8,18,29.4,84.92,
USW00013958,1940-08-19,1940,8,19,29.4,84.92,
USW00013958,1940-08-20,1940,8,20,30.0,86.0,
USW00013958,1940-08-21,1940,8,21,30.6,87.08,
USW00013958,1940-08-22,1940,8,22,32.8,91.04,
USW00013958,1940-08-23,1940,8,23,33.3,91.94,
USW00013958,1940-08-24,1940,8,24,34.4,93.92,
USW00013958,1940-08-25,1940,8,25,36.7,98.06,
USW00013958,1940-08-26,1940,8,26,37.2,98.96,
USW00013958,1940-08-27,1940,8,27,37.8,100.04,
USW00013958,1940-08-28,1940,8,28,38.9,102.02,
USW00013958,1940-08-29,1940,8,29,37.8,100.04,
USW00013958,1940-08-30,1940,8,30,32.8,91.04,
USW00013958,1940-08-31,1940,8,31,35.6,96.08,
USW00013958,1941-06-01,1941,6,1,32.2,89.96,
USW00013958,1941-06-02,1941,6,2,32.2,89.96,
USW00013958,1941-06-03,1941,6,3,30.0,86.0,
USW00013958,1941-06-04,1941,6,4,31.7,89.06,
USW00013958,1941-06-05,1941,6,5,31.7,89.06,
USW00013958,1941-06-06,1941,6,6,30.6,87.08,
USW00013958,1941-06-07,1941,6,7,31.1,87.98,
USW00013958,1941-06-08,1941,6,8,31.7,89.06,
USW00013958,1941-06-09,1941,6,9,31.1,87.98,
USW00013958,1941-06-10,1941,6,10,28.3,82.94,
USW00013958,1941-06-11,1941,6,11,32.8,91.04,
USW00013958,1941-06-12,1941,6,12,30.0,86.0,
USW00013958,1941-06-13,1941,6,13,32.2,89.96,
USW00013958,1941-06-14,1941,6,14,32.8,91.04,
USW00013958,1941-06-15,1941,6,15,30.6,87.08,
USW00013958,1941-06-16,1941,6,16,29.4,84.92,
USW00013958,1941-06-17,1941,6,17,27.8,82.04,
USW00013958,1941-06-18,1941,6,18,31.1,87.98,
USW00013958,1941-06-19,1941,6,19,32.2,89.96,
USW00013958,1941-06-20,1941,6,20,31.7,89.06,
USW00013958,1941-06-21,1941,6,21,31.1,87.98,
USW00013958,1941-06-22,1941,6,22,30.6,87.08,
USW00013958,1941-06-23,1941,6,23,32.8,91.04,
USW00013958,1941-06-24,1941,6,24,33.9,93.02,
USW00013958,1941-06-25,1941,6,25,31.1,87.98,
USW00013958,1941-06-26,1941,6,26,30.0,86.0,
USW00013958,1941-06-27,1941,6,27,32.2,89.96,
USW00013958,1941-06-28,1941,6,28,32.2,89.96,
USW00013958,1941-06-29,1941,6,29,32.8,91.04,
USW00013958,1941-06-30,1941,6,30,33.3,91.94,
USW00013958,1941-07-01,1941,7,1,34.4,93.92,
USW00013958,1941-07-02,1941,7,2,34.4,93.92,
USW00013958,1941-07-03,1941,7,3,33.3,91.94,
USW00013958,1941-07-04,1941,7,4,33.3,91.94,
USW00013958,1941-07-05,1941,7,5,33.3,91.94,
USW00013958,1941-07-06,1941,7,6,33.9,93.02,
USW00013958,1941-07-07,1941,7,7,36.1,96.98,
USW00013958,1941-07-08,1941,7,8,35.0,95.0,
USW00013958,1941-07-09,1941,7,9,35.0,95.0,
USW00013958,1941-07-10,1941,7,10,34.4,93.92,
USW00013958,1941-07-11,1941,7,11,29.4,84.92,
USW00013958,1941-07-12,1941,7,12,32.2,89.96,
USW00013958,1941-07-13,1941,7,13,30.6,87.08,
USW00013958,1941-07-14,1941,7,14,33.3,91.94,
USW00013958,1941-07-15,1941,7,15,28.9,84.02,
USW00013958,1941-07-16,1941,7,16,35.6,96.08,
USW00013958,1941-07-17,1941,7,17,34.4,93.92,
USW00013958,1941-07-18,1941,7,18,33.9,93.02,
USW00013958,1941-07-19,1941,7,19,32.8,91.04,
USW00013958,1941-07-20,1941,7,20,33.3,91.94,
USW00013958,1941-07-21,1941,7,21,33.9,93.02,
USW00013958,1941-07-22,1941,7,22,34.4,93.92,
USW00013958,1941-07-23,1941,7,23,33.9,93.02,
USW00013958,1941-07-24,1941,7,24,34.4,93.92,
USW00013958,1941-07-25,1941,7,25,33.9,93.02,
USW00013958,1941-07-26,1941,7,26,33.9,93.02,
USW00013958,1941-07-27,1941,7,27,34.4,93.92,
USW00013958,1941-07-28,1941,7,28,35.0,95.0,
USW00013958,1941-07-29,1941,7,29,36.1,96.98,
USW00013958,1941-07-30,1941,7,30,35.0,95.0,
USW00013958,1941-07-31,1941,7,31,35.0,95.0,
USW00013958,1941-08-01,1941,8,1,35.6,96.08,
USW00013958,1941-08-02,1941,8,2,35.6,96.08,
USW00013958,1941-08-03,1941,8,3,35.6,96.08,
USW00013958,1941-08-04,1941,8,4,34.4,93.92,
USW00013958,1941-08-05,1941,8,5,33.9,93.02,
USW00013958,1941-08-06,1941,8,6,31.7,89.06,
USW00013958,1941-08-07,1941,8,7,30.0,86.0,
USW00013958,1941-08-08,1941,8,8,34.4,93.92,
USW00013958,1941-08-09,1941,8,9,34.4,93.92,
USW00013958,1941-08-10,1941,8,10,35.6,96.08,
USW00013958,1941-08-11,1941,8,11,35.0,95.0,
USW00013958,1941-08-12,1941,8,12,35.6,96.08,
USW00013958,1941-08-13,1941,8,13,34.4,93.92,
USW00013958,1941-08-14,1941,8,14,35.6,96.08,
USW00013958,1941-08-15,1941,8,15,35.6,96.08,
USW00013958,1941-08-16,1941,8,16,36.7,98.06,
USW00013958,1941-08-17,1941,8,17,37.8,100.04,
USW00013958,1941-08-18,1941,8,18,37.2,98.96,
USW00013958,1941-08-19,1941,8,19,37.2,98.96,
USW00013958,1941-08-20,1941,8,20,37.8,100.04,
USW00013958,1941-08-21,1941,8,21,37.2,98.96,
USW00013958,1941-08-22,1941,8,22,36.1,96.98,
USW00013958,1941-08-23,1941,8,23,36.7,98.06,
USW00013958,1941-08-24,1941,8,24,36.1,96.98,
USW00013958,1941-08-25,1941,8,25,36.7,98.06,
USW00013958,1941-08-26,1941,8,26,37.2,98.96,
USW00013958,1941-08-27,1941,8,27,37.8,100.04,
USW00013958,1941-08-28,1941,8,28,36.1,96.98,
USW00013958,1941-08-29,1941,8,29,35.6,96.08,
USW00013958,1941-08-30,1941,8,30,36.1,96.98,
USW00013958,1941-08-31,1941,8,31,37.8,100.04,
USW00013958,1942-06-01,1942,6,1,32.8,91.04,
USW00013958,1942-06-02,1942,6,2,33.3,91.94,
USW00013958,1942-06-03,1942,6,3,33.3,91.94,
USW00013958,1942-06-04,1942,6,4,35.0,95.0,
USW00013958,1942-06-05,1942,6,5,31.1,87.98,
USW00013958,1942-06-06,1942,6,6,27.2,80.96,
USW00013958,1942-06-07,1942,6,7,30.6,87.08,
USW00013958,1942-06-08,1942,6,8,29.4,84.92,
USW00013958,1942-06-09,1942,6,9,32.8,91.04,
USW00013958,1942-06-10,1942,6,10,31.1,87.98,
USW00013958,1942-06-11,1942,6,11,36.1,96.98,
USW00013958,1942-06-12,1942,6,12,38.3,100.94,
USW00013958,1942-06-13,1942,6,13,37.2,98.96,
USW00013958,1942-06-14,1942,6,14,31.1,87.98,
USW00013958,1942-06-15,1942,6,15,32.8,91.04,
USW00013958,1942-06-16,1942,6,16,36.1,96.98,
USW00013958,1942-06-17,1942,6,17,36.1,96.98,
USW00013958,1942-06-18,1942,6,18,35.6,96.08,
USW00013958,1942-06-19,1942,6,19,35.6,96.08,
USW00013958,1942-06-20,1942,6,20,36.7,98.06,
USW00013958,1942-06-21,1942,6,21,36.1,96.98,
USW00013958,1942-06-22,1942,6,22,35.0,95.0,
USW00013958,1942-06-23,1942,6,23,34.4,93.92,
USW00013958,1942-06-24,1942,6,24,36.7,98.06,
USW00013958,1942-06-25,1942,6,25,35.6,96.08,
USW00013958,1942-06-26,1942,6,26,36.1,96.98,
USW00013958,1942-06-27,1942,6,27,36.7,98.06,
USW00013958,1942-06-28,1942,6,28,36.7,98.06,
USW00013958,1942-06-29,1942,6,29,35.6,96.08,
USW00013958,1942-06-30,1942,6,30,36.7,98.06,
USW00013958,1942-07-01,1942,7,1,33.3,91.94,
USW00013958,1942-07-02,1942,7,2,34.4,93.92,
USW00013958,1942-07-03,1942,7,3,31.7,89.06,
USW00013958,1942-07-04,1942,7,4,28.3,82.94,
USW00013958,1942-07-05,1942,7,5,23.3,73.94,
USW00013958,1942-07-06,1942,7,6,23.9,75.02,
USW00013958,1942-07-07,1942,7,7,31.7,89.06,
USW00013958,1942-07-08,1942,7,8,33.3,91.94,
USW00013958,1942-07-09,1942,7,9,33.9,93.02,
USW00013958,1942-07-10,1942,7,10,32.8,91.04,
USW00013958,1942-07-11,1942,7,11,34.4,93.92,
USW00013958,1942-07-12,1942,7,12,33.9,93.02,
USW00013958,1942-07-13,1942,7,13,34.4,93.92,
USW00013958,1942-07-14,1942,7,14,34.4,93.92,
USW00013958,1942-07-15,1942,7,15,33.9,93.02,
USW00013958,1942-07-16,1942,7,16,35.6,96.08,
USW00013958,1942-07-17,1942,7,17,34.4,93.92,
USW00013958,1942-07-18,1942,7,18,32.2,89.96,
USW00013958,1942-07-19,1942,7,19,34.4,93.92,
USW00013958,1942-07-20,1942,7,20,35.0,95.0,
USW00013958,1942-07-21,1942,7,21,36.7,98.06,
USW00013958,1942-07-22,1942,7,22,35.0,95.0,
USW00013958,1942-07-23,1942,7,23,35.0,95.0,
USW00013958,1942-07-24,1942,7,24,35.6,96.08,
USW00013958,1942-07-25,1942,7,25,32.8,91.04,
USW00013958,1942-07-26,1942,7,26,35.6,96.08,
USW00013958,1942-07-27,1942,7,27,35.0,95.0,
USW00013958,1942-07-28,1942,7,28,35.6,96.08,
USW00013958,1942-07-29,1942,7,29,35.6,96.08,
USW00013958,1942-07-30,1942,7,30,35.0,95.0,
USW00013958,1942-07-31,1942,7,31,36.1,96.98,
USW00013958,1942-08-01,1942,8,1,35.6,96.08,
USW00013958,1942-08-02,1942,8,2,35.0,95.0,
USW00013958,1942-08-03,1942,8,3,35.0,95.0,
USW00013958,1942-08-04,1942,8,4,34.4,93.92,
USW00013958,1942-08-05,1942,8,5,34.4,93.92,
USW00013958,1942-08-06,1942,8,6,35.0,95.0,
USW00013958,1942-08-07,1942,8,7,35.0,95.0,
USW00013958,1942-08-08,1942,8,8,36.7,98.06,
USW00013958,1942-08-09,1942,8,9,36.7,98.06,
USW00013958,1942-08-10,1942,8,10,36.7,98.06,
USW00013958,1942-08-11,1942,8,11,35.6,96.08,
USW00013958,1942-08-12,1942,8,12,35.0,95.0,
USW00013958,1942-08-13,1942,8,13,34.4,93.92,
USW00013958,1942-08-14,1942,8,14,35.0,95.0,
USW00013958,1942-08-15,1942,8,15,31.7,89.06,
USW00013958,1942-08-16,1942,8,16,28.3,82.94,
USW00013958,1942-08-17,1942,8,17,29.4,84.92,
USW00013958,1942-08-18,1942,8,18,31.1,87.98,
USW00013958,1942-08-19,1942,8,19,32.8,91.04,
USW00013958,1942-08-20,1942,8,20,35.0,95.0,
USW00013958,1942-08-21,1942,8,21,34.4,93.92,
USW00013958,1942-08-22,1942,8,22,33.9,93.02,
USW00013958,1942-08-23,1942,8,23,35.0,95.0,
USW00013958,1942-08-24,1942,8,24,32.8,91.04,
USW00013958,1942-08-25,1942,8,25,32.8,91.04,
USW00013958,1942-08-26,1942,8,26,34.4,93.92,
USW00013958,1942-08-27,1942,8,27,35.0,95.0,
USW00013958,1942-08-28,1942,8,28,32.8,91.04,
USW00013958,1942-08-29,1942,8,29,32.2,89.96,
USW00013958,1942-08-30,1942,8,30,28.3,82.94,
USW00013958,1942-08-31,1942,8,31,32.8,91.04,
USW00013958,1943-06-01,1943,6,1,30.0,86.0,
USW00013958,1943-06-02,1943,6,2,30.6,87.08,
USW00013958,1943-06-03,1943,6,3,31.7,89.06,
USW00013958,1943-06-04,1943,6,4,27.2,80.96,
USW00013958,1943-06-05,1943,6,5,27.2,80.96,
USW00013958,1943-06-06,1943,6,6,31.1,87.98,
USW00013958,1943-06-07,1943,6,7,31.7,89.06,
USW00013958,1943-06-08,1943,6,8,32.2,89.96,
USW00013958,1943-06-09,1943,6,9,32.2,89.96,
USW00013958,1943-06-10,1943,6,10,31.7,89.06,
USW00013958,1943-06-11,1943,6,11,32.2,89.96,
USW00013958,1943-06-12,1943,6,12,30.6,87.08,
USW00013958,1943-06-13,1943,6,13,28.3,82.94,
USW00013958,1943-06-14,1943,6,14,31.7,89.06,
USW00013958,1943-06-15,1943,6,15,32.8,91.04,
USW00013958,1943-06-16,1943,6,16,33.3,91.94,
USW00013958,1943-06-17,1943,6,17,33.3,91.94,
USW00013958,1943-06-18,1943,6,18,33.3,91.94,
USW00013958,1943-06-19,1943,6,19,33.3,91.94,
USW00013958,1943-06-20,1943,6,20,33.3,91.94,
USW00013958,1943-06-21,1943,6,21,33.9,93.02,
USW00013958,1943-06-22,1943,6,22,33.3,91.94,
USW00013958,1943-06-23,1943,6,23,34.4,93.92,
USW00013958,1943-06-24,1943,6,24,34.4,93.92,
USW00013958,1943-06-25,1943,6,25,33.9,93.02,
USW00013958,1943-06-26,1943,6,26,35.0,95.0,
USW00013958,1943-06-27,1943,6,27,35.6,96.08,
USW00013958,1943-06-28,1943,6,28,37.2,98.96,
USW00013958,1943-06-29,1943,6,29,36.1,96.98,
USW00013958,1943-06-30,1943,6,30,31.1,87.98,
USW00013958,1943-07-01,1943,7,1,33.3,91.94,
USW00013958,1943-07-02,1943,7,2,33.3,91.94,
USW00013958,1943-07-03,1943,7,3,34.4,93.92,
USW00013958,1943-07-04,1943,7,4,34.4,93.92,
USW00013958,1943-07-05,1943,7,5,35.0,95.0,
USW00013958,1943-07-06,1943,7,6,37.2,98.96,
USW00013958,1943-07-07,1943,7,7,38.9,102.02,
USW00013958,1943-07-08,1943,7,8,37.8,100.04,
USW00013958,1943-07-09,1943,7,9,35.0,95.0,
USW00013958,1943-07-10,1943,7,10,33.3,91.94,
USW00013958,1943-07-11,1943,7,11,27.8,82.04,
USW00013958,1943-07-12,1943,7,12,27.8,82.04,
USW00013958,1943-07-13,1943,7,13,31.1,87.98,
USW00013958,1943-07-14,1943,7,14,33.3,91.94,
USW00013958,1943-07-15,1943,7,15,33.3,91.94,
USW00013958,1943-07-16,1943,7,16,33.9,93.02,
USW00013958,1943-07-17,1943,7,17,34.4,93.92,
USW00013958,1943-07-18,1943,7,18,34.4,93.92,
USW00013958,1943-07-19,1943,7,19,35.0,95.0,
USW00013958,1943-07-20,1943,7,20,35.6,96.08,
USW00013958,1943-07-21,1943,7,21,36.1,96.98,
USW00013958,1943-07-22,1943,7,22,36.7,98.06,
USW00013958,1943-07-23,1943,7,23,36.7,98.06,
USW00013958,1943-07-24,1943,7,24,38.3,100.94,
USW00013958,1943-07-25,1943,7,25,37.2,98.96,
USW00013958,1943-07-26,1943,7,26,37.8,100.04,
USW00013958,1943-07-27,1943,7,27,34.4,93.92,
USW00013958,1943-07-28,1943,7,28,32.2,89.96,
USW00013958,1943-07-29,1943,7,29,31.1,87.98,
USW00013958,1943-07-30,1943,7,30,33.9,93.02,
USW00013958,1943-07-31,1943,7,31,33.9,93.02,
USW00013958,1943-08-01,1943,8,1,34.4,93.92,
USW00013958,1943-08-02,1943,8,2,35.0,95.0,
USW00013958,1943-08-03,1943,8,3,35.6,96.08,
USW00013958,1943-08-04,1943,8,4,35.0,95.0,
USW00013958,1943-08-05,1943,8,5,36.1,96.98,
USW00013958,1943-08-06,1943,8,6,36.1,96.98,
USW00013958,1943-08-07,1943,8,7,36.7,98.06,
USW00013958,1943-08-08,1943,8,8,36.1,96.98,
USW00013958,1943-08-09,1943,8,9,36.7,98.06,
USW00013958,1943-08-10,1943,8,10,36.1,96.98,
USW00013958,1943-08-11,1943,8,11,33.3,91.94,
USW00013958,1943-08-12,1943,8,12,35.6,96.08,
USW00013958,1943-08-13,1943,8,13,36.1,96.98,
USW00013958,1943-08-14,1943,8,14,36.1,96.98,
USW00013958,1943-08-15,1943,8,15,37.2,98.96,
USW00013958,1943-08-16,1943,8,16,38.9,102.02,
USW00013958,1943-08-17,1943,8,17,40.0,104.0,
USW00013958,1943-08-18,1943,8,18,33.9,93.02,
USW00013958,1943-08-19,1943,8,19,36.1,96.98,
USW00013958,1943-08-20,1943,8,20,36.7,98.06,
USW00013958,1943-08-21,1943,8,21,36.1,96.98,
USW00013958,1943-08-22,1943,8,22,35.6,96.08,
USW00013958,1943-08-23,1943,8,23,36.1,96.98,
USW00013958,1943-08-24,1943,8,24,36.1,96.98,
USW00013958,1943-08-25,1943,8,25,36.1,96.98,
USW00013958,1943-08-26,1943,8,26,35.6,96.08,
USW00013958,1943-08-27,1943,8,27,36.7,98.06,
USW00013958,1943-08-28,1943,8,28,38.3,100.94,
USW00013958,1943-08-29,1943,8,29,38.3,100.94,
USW00013958,1943-08-30,1943,8,30,35.0,95.0,
USW00013958,1943-08-31,1943,8,31,35.0,95.0,
USW00013958,1944-06-01,1944,6,1,31.1,87.98,
USW00013958,1944-06-02,1944,6,2,30.6,87.08,
USW00013958,1944-06-03,1944,6,3,31.1,87.98,
USW00013958,1944-06-04,1944,6,4,31.1,87.98,
USW00013958,1944-06-05,1944,6,5,32.8,91.04,
USW00013958,1944-06-06,1944,6,6,26.7,80.06,
USW00013958,1944-06-07,1944,6,7,30.0,86.0,
USW00013958,1944-06-08,1944,6,8,30.6,87.08,
USW00013958,1944-06-09,1944,6,9,32.2,89.96,
USW00013958,1944-06-10,1944,6,10,32.8,91.04,
USW00013958,1944-06-11,1944,6,11,28.3,82.94,
USW00013958,1944-06-12,1944,6,12,31.1,87.98,
USW00013958,1944-06-13,1944,6,13,32.2,89.96,
USW00013958,1944-06-14,1944,6,14,31.7,89.06,
USW00013958,1944-06-15,1944,6,15,32.2,89.96,
USW00013958,1944-06-16,1944,6,16,32.8,91.04,
USW00013958,1944-06-17,1944,6,17,33.3,91.94,
USW00013958,1944-06-18,1944,6,18,33.9,93.02,
USW00013958,1944-06-19,1944,6,19,34.4,93.92,
USW00013958,1944-06-20,1944,6,20,34.4,93.92,
USW00013958,1944-06-21,1944,6,21,33.9,93.02,
USW00013958,1944-06-22,1944,6,22,34.4,93.92,
USW00013958,1944-06-23,1944,6,23,34.4,93.92,
USW00013958,1944-06-24,1944,6,24,34.4,93.92,
USW00013958,1944-06-25,1944,6,25,34.4,93.92,
USW00013958,1944-06-26,1944,6,26,33.9,93.02,
USW00013958,1944-06-27,1944,6,27,34.4,93.92,
USW00013958,1944-06-28,1944,6,28,33.3,91.94,
USW00013958,1944-06-29,1944,6,29,33.9,93.02,
USW00013958,1944-06-30,1944,6,30,32.2,89.96,
USW00013958,1944-07-01,1944,7,1,33.3,91.94,
USW00013958,1944-07-02,1944,7,2,33.3,91.94,
USW00013958,1944-07-03,1944,7,3,30.0,86.0,
USW00013958,1944-07-04,1944,7,4,32.8,91.04,
USW00013958,1944-07-05,1944,7,5,32.8,91.04,
USW00013958,1944-07-06,1944,7,6,33.9,93.02,
USW00013958,1944-07-07,1944,7,7,33.9,93.02,
USW00013958,1944-07-08,1944,7,8,34.4,93.92,
USW00013958,1944-07-09,1944,7,9,35.0,95.0,
USW00013958,1944-07-10,1944,7,10,35.0,95.0,
USW00013958,1944-07-11,1944,7,11,35.6,96.08,
USW00013958,1944-07-12,1944,7,12,36.1,96.98,
USW00013958,1944-07-13,1944,7,13,36.7,98.06,
USW00013958,1944-07-14,1944,7,14,36.1,96.98,
USW00013958,1944-07-15,1944,7,15,35.6,96.08,
USW00013958,1944-07-16,1944,7,16,36.7,98.06,
USW00013958,1944-07-17,1944,7,17,37.2,98.96,
USW00013958,1944-07-18,1944,7,18,37.8,100.04,
USW00013958,1944-07-19,1944,7,19,38.3,100.94,
USW00013958,1944-07-20,1944,7,20,37.2,98.96,
USW00013958,1944-07-21,1944,7,21,30.6,87.08,
USW00013958,1944-07-22,1944,7,22,32.2,89.96,
USW00013958,1944-07-23,1944,7,23,35.6,96.08,
USW00013958,1944-07-24,1944,7,24,36.1,96.98,
USW00013958,1944-07-25,1944,7,25,37.8,100.04,
USW00013958,1944-07-26,1944,7,26,39.4,102.92,
USW00013958,1944-07-27,1944,7,27,38.9,102.02,
USW00013958,1944-07-28,1944,7,28,38.3,100.94,
USW00013958,1944-07-29,1944,7,29,37.2,98.96,
USW00013958,1944-07-30,1944,7,30,37.8,100.04,
USW00013958,1944-07-31,1944,7,31,37.2,98.96,
USW00013958,1944-08-01,1944,8,1,37.8,100.04,
USW00013958,1944-08-02,1944,8,2,37.8,100.04,
USW00013958,1944-08-03,1944,8,3,38.3,100.94,
USW00013958,1944-08-04,1944,8,4,37.2,98.96,
USW00013958,1944-08-05,1944,8,5,36.1,96.98,
USW00013958,1944-08-06,1944,8,6,37.2,98.96,
USW00013958,1944-08-07,1944,8,7,37.2,98.96,
USW00013958,1944-08-08,1944,8,8,37.2,98.96,
USW00013958,1944-08-09,1944,8,9,36.7,98.06,
USW00013958,1944-08-10,1944,8,10,37.2,98.96,
USW00013958,1944-08-11,1944,8,11,36.7,98.06,
USW00013958,1944-08-12,1944,8,12,37.2,98.96,
USW00013958,1944-08-13,1944,8,13,37.2,98.96,
USW00013958,1944-08-14,1944,8,14,36.7,98.06,
USW00013958,1944-08-15,1944,8,15,36.7,98.06,
USW00013958,1944-08-16,1944,8,16,36.7,98.06,
USW00013958,1944-08-17,1944,8,17,35.0,95.0,
USW00013958,1944-08-18,1944,8,18,36.7,98.06,
USW00013958,1944-08-19,1944,8,19,36.7,98.06,
USW00013958,1944-08-20,1944,8,20,37.2,98.96,
USW00013958,1944-08-21,1944,8,21,35.6,96.08,
USW00013958,1944-08-22,1944,8,22,30.6,87.08,
USW00013958,1944-08-23,1944,8,23,34.4,93.92,
USW00013958,1944-08-24,1944,8,24,35.0,95.0,
USW00013958,1944-08-25,1944,8,25,35.0,95.0,
USW00013958,1944-08-26,1944,8,26,35.6,96.08,
USW00013958,1944-08-27,1944,8,27,27.2,80.96,
USW00013958,1944-08-28,1944,8,28,26.1,78.98,
USW00013958,1944-08-29,1944,8,29,30.0,86.0,
USW00013958,1944-08-30,1944,8,30,24.4,75.92,
USW00013958,1944-08-31,1944,8,31,29.4,84.92,
USW00013958,1945-06-01,1945,6,1,30.0,86.0,
USW00013958,1945-06-02,1945,6,2,36.1,96.98,
USW00013958,1945-06-03,1945,6,3,34.4,93.92,
USW00013958,1945-06-04,1945,6,4,32.8,91.04,
USW00013958,1945-06-05,1945,6,5,35.0,95.0,
USW00013958,1945-06-06,1945,6,6,35.0,95.0,
USW00013958,1945-06-07,1945,6,7,35.6,96.08,
USW00013958,1945-06-08,1945,6,8,34.4,93.92,
USW00013958,1945-06-09,1945,6,9,35.0,95.0,
USW00013958,1945-06-10,1945,6,10,32.2,89.96,
USW00013958,1945-06-11,1945,6,11,34.4,93.92,
USW00013958,1945-06-12,1945,6,12,27.2,80.96,
USW00013958,1945-06-13,1945,6,13,30.6,87.08,
USW00013958,1945-06-14,1945,6,14,33.9,93.02,
USW00013958,1945-06-15,1945,6,15,32.8,91.04,
USW00013958,1945-06-16,1945,6,16,32.8,91.04,
USW00013958,1945-06-17,1945,6,17,33.3,91.94,
USW00013958,1945-06-18,1945,6,18,28.3,82.94,
USW00013958,1945-06-19,1945,6,19,29.4,84.92,
USW00013958,1945-06-20,1945,6,20,31.1,87.98,
USW00013958,1945-06-21,1945,6,21,31.7,89.06,
USW00013958,1945-06-22,1945,6,22,26.7,80.06,
USW00013958,1945-06-23,1945,6,23,31.7,89.06,
USW00013958,1945-06-24,1945,6,24,35.0,95.0,
USW00013958,1945-06-25,1945,6,25,35.0,95.0,
USW00013958,1945-06-26,1945,6,26,33.9,93.02,
USW00013958,1945-06-27,1945,6,27,34.4,93.92,
USW00013958,1945-06-28,1945,6,28,34.4,93.92,
USW00013958,1945-06-29,1945,6,29,34.4,93.92,
USW00013958,1945-06-30,1945,6,30,33.9,93.02,
USW00013958,1945-07-01,1945,7,1,35.0,95.0,
USW00013958,1945-07-02,1945,7,2,30.0,86.0,
USW00013958,1945-07-03,1945,7,3,32.2,89.96,
USW00013958,1945-07-04,1945,7,4,33.3,91.94,
USW00013958,1945-07-05,1945,7,5,34.4,93.92,
USW00013958,1945-07-06,1945,7,6,32.8,91.04,
USW00013958,1945-07-07,1945,7,7,33.9,93.02,
USW00013958,1945-07-08,1945,7,8,35.0,95.0,
USW00013958,1945-07-09,1945,7,9,35.6,96.08,
USW00013958,1945-07-10,1945,7,10,32.8,91.04,
USW00013958,1945-07-11,1945,7,11,31.7,89.06,
USW00013958,1945-07-12,1945,7,12,34.4,93.92,
USW00013958,1945-07-13,1945,7,13,34.4,93.92,
USW00013958,1945-07-14,1945,7,14,28.3,82.94,
USW00013958,1945-07-15,1945,7,15,33.9,93.02,
USW00013958,1945-07-16,1945,7,16,33.9,93.02,
USW00013958,1945-07-17,1945,7,17,32.8,91.04,
USW00013958,1945-07-18,1945,7,18,32.2,89.96,
USW00013958,1945-07-19,1945,7,19,31.7,89.06,
USW00013958,1945-07-20,1945,7,20,33.3,91.94,
USW00013958,1945-07-21,1945,7,21,33.9,93.02,
USW00013958,1945-07-22,1945,7,22,33.3,91.94,
USW00013958,1945-07-23,1945,7,23,34.4,93.92,
USW00013958,1945-07-24,1945,7,24,33.9,93.02,
USW00013958,1945-07-25,1945,7,25,36.1,96.98,
USW00013958,1945-07-26,1945,7,26,36.7,98.06,
USW00013958,1945-07-27,1945,7,27,35.0,95.0,
USW00013958,1945-07-28,1945,7,28,33.3,91.94,
USW00013958,1945-07-29,1945,7,29,35.6,96.08,
USW00013958,1945-07-30,1945,7,30,35.0,95.0,
USW00013958,1945-07-31,1945,7,31,30.6,87.08,
USW00013958,1945-08-01,1945,8,1,33.9,93.02,
USW00013958,1945-08-02,1945,8,2,33.9,93.02,
USW00013958,1945-08-03,1945,8,3,35.0,95.0,
USW00013958,1945-08-04,1945,8,4,36.7,98.06,
USW00013958,1945-08-05,1945,8,5,36.7,98.06,
USW00013958,1945-08-06,1945,8,6,34.4,93.92,
USW00013958,1945-08-07,1945,8,7,35.6,96.08,
USW00013958,1945-08-08,1945,8,8,34.4,93.92,
USW00013958,1945-08-09,1945,8,9,35.0,95.0,
USW00013958,1945-08-10,1945,8,10,36.1,96.98,
USW00013958,1945-08-11,1945,8,11,36.1,96.98,
USW00013958,1945-08-12,1945,8,12,36.1,96.98,
USW00013958,1945-08-13,1945,8,13,36.1,96.98,
USW00013958,1945-08-14,1945,8,14,36.7,98.06,
USW00013958,1945-08-15,1945,8,15,36.7,98.06,
USW00013958,1945-08-16,1945,8,16,37.8,100.04,
USW00013958,1945-08-17,1945,8,17,39.4,102.92,
USW00013958,1945-08-18,1945,8,18,40.0,104.0,
USW00013958,1945-08-19,1945,8,19,37.8,100.04,
USW00013958,1945-08-20,1945,8,20,35.0,95.0,
USW00013958,1945-08-21,1945,8,21,33.9,93.02,
USW00013958,1945-08-22,1945,8,22,32.2,89.96,
USW00013958,1945-08-23,1945,8,23,31.1,87.98,
USW00013958,1945-08-24,1945,8,24,31.7,89.06,
USW00013958,1945-08-25,1945,8,25,32.8,91.04,
USW00013958,1945-08-26,1945,8,26,33.9,93.02,
USW00013958,1945-08-27,1945,8,27,30.0,86.0,
USW00013958,1945-08-28,1945,8,28,26.7,80.06,
USW00013958,1945-08-29,1945,8,29,31.7,89.06,
USW00013958,1945-08-30,1945,8,30,30.0,86.0,
USW00013958,1945-08-31,1945,8,31,33.9,93.02,
USW00013958,1946-06-01,1946,6,1,28.9,84.02,
USW00013958,1946-06-02,1946,6,2,28.9,84.02,
USW00013958,1946-06-03,1946,6,3,27.2,80.96,
USW00013958,1946-06-04,1946,6,4,27.8,82.04,
USW00013958,1946-06-05,1946,6,5,28.3,82.94,
USW00013958,1946-06-06,1946,6,6,29.4,84.92,
USW00013958,1946-06-07,1946,6,7,31.1,87.98,
USW00013958,1946-06-08,1946,6,8,30.6,87.08,
USW00013958,1946-06-09,1946,6,9,27.2,80.96,
USW00013958,1946-06-10,1946,6,10,31.1,87.98,
USW00013958,1946-06-11,1946,6,11,31.1,87.98,
USW00013958,1946-06-12,1946,6,12,31.7,89.06,
USW00013958,1946-06-13,1946,6,13,34.4,93.92,
USW00013958,1946-06-14,1946,6,14,33.9,93.02,
USW00013958,1946-06-15,1946,6,15,34.4,93.92,
USW00013958,1946-06-16,1946,6,16,33.3,91.94,
USW00013958,1946-06-17,1946,6,17,33.3,91.94,
USW00013958,1946-06-18,1946,6,18,33.3,91.94,
USW00013958,1946-06-19,1946,6,19,33.9,93.02,
USW00013958,1946-06-20,1946,6,20,27.2,80.96,
USW00013958,1946-06-21,1946,6,21,27.8,82.04,
USW00013958,1946-06-22,1946,6,22,29.4,84.92,
USW00013958,1946-06-23,1946,6,23,30.6,87.08,
USW00013958,1946-06-24,1946,6,24,32.2,89.96,
USW00013958,1946-06-25,1946,6,25,32.8,91.04,
USW00013958,1946-06-26,1946,6,26,32.8,91.04,
USW00013958,1946-06-27,1946,6,27,33.3,91.94,
USW00013958,1946-06-28,1946,6,28,33.3,91.94,
USW00013958,1946-06-29,1946,6,29,33.9,93.02,
USW00013958,1946-06-30,1946,6,30,33.9,93.02,
USW00013958,1946-07-01,1946,7,1,33.9,93.02,
USW00013958,1946-07-02,1946,7,2,32.8,91.04,
USW00013958,1946-07-03,1946,7,3,32.2,89.96,
USW00013958,1946-07-04,1946,7,4,33.9,93.02,
USW00013958,1946-07-05,1946,7,5,35.0,95.0,
USW00013958,1946-07-06,1946,7,6,35.0,95.0,
USW00013958,1946-07-07,1946,7,7,34.4,93.92,
USW00013958,1946-07-08,1946,7,8,34.4,93.92,
USW00013958,1946-07-09,1946,7,9,33.3,91.94,
USW00013958,1946-07-10,1946,7,10,35.0,95.0,
USW00013958,1946-07-11,1946,7,11,36.7,98.06,
USW00013958,1946-07-12,1946,7,12,37.8,100.04,
USW00013958,1946-07-13,1946,7,13,37.2,98.96,
USW00013958,1946-07-14,1946,7,14,36.1,96.98,
USW00013958,1946-07-15,1946,7,15,35.6,96.08,
USW00013958,1946-07-16,1946,7,16,35.6,96.08,
USW00013958,1946-07-17,1946,7,17,35.6,96.08,
USW00013958,1946-07-18,1946,7,18,35.6,96.08,
USW00013958,1946-07-19,1946,7,19,36.1,96.98,
USW00013958,1946-07-20,1946,7,20,31.7,89.06,
USW00013958,1946-07-21,1946,7,21,32.2,89.96,
USW00013958,1946-07-22,1946,7,22,33.3,91.94,
USW00013958,1946-07-23,1946,7,23,34.4,93.92,
USW00013958,1946-07-24,1946,7,24,35.0,95.0,
USW00013958,1946-07-25,1946,7,25,35.0,95.0,
USW00013958,1946-07-26,1946,7,26,36.1,96.98,
USW00013958,1946-07-27,1946,7,27,37.2,98.96,
USW00013958,1946-07-28,1946,7,28,36.7,98.06,
USW00013958,1946-07-29,1946,7,29,37.2,98.96,
USW00013958,1946-07-30,1946,7,30,36.7,98.06,
USW00013958,1946-07-31,1946,7,31,33.9,93.02,
USW00013958,1946-08-01,1946,8,1,28.3,82.94,
USW00013958,1946-08-02,1946,8,2,33.9,93.02,
USW00013958,1946-08-03,1946,8,3,34.4,93.92,
USW00013958,1946-08-04,1946,8,4,35.6,96.08,
USW00013958,1946-08-05,1946,8,5,35.6,96.08,
USW00013958,1946-08-06,1946,8,6,36.7,98.06,
USW00013958,1946-08-07,1946,8,7,36.7,98.06,
USW00013958,1946-08-08,1946,8,8,36.7,98.06,
USW00013958,1946-08-09,1946,8,9,36.7,98.06,
USW00013958,1946-08-10,1946,8,10,36.7,98.06,
USW00013958,1946-08-11,1946,8,11,36.7,98.06,
USW00013958,1946-08-12,1946,8,12,35.6,96.08,
USW00013958,1946-08-13,1946,8,13,36.7,98.06,
USW00013958,1946-08-14,1946,8,14,36.7,98.06,
USW00013958,1946-08-15,1946,8,15,35.6,96.08,
USW00013958,1946-08-16,1946,8,16,35.6,96.08,
USW00013958,1946-08-17,1946,8,17,36.1,96.98,
USW00013958,1946-08-18,1946,8,18,36.1,96.98,
USW00013958,1946-08-19,1946,8,19,36.7,98.06,
USW00013958,1946-08-20,1946,8,20,33.9,93.02,
USW00013958,1946-08-21,1946,8,21,33.9,93.02,
USW00013958,1946-08-22,1946,8,22,33.9,93.02,
USW00013958,1946-08-23,1946,8,23,34.4,93.92,
USW00013958,1946-08-24,1946,8,24,35.0,95.0,
USW00013958,1946-08-25,1946,8,25,35.0,95.0,
USW00013958,1946-08-26,1946,8,26,35.6,96.08,
USW00013958,1946-08-27,1946,8,27,33.9,93.02,
USW00013958,1946-08-28,1946,8,28,33.9,93.02,
USW00013958,1946-08-29,1946,8,29,23.3,73.94,
USW00013958,1946-08-30,1946,8,30,27.8,82.04,
USW00013958,1946-08-31,1946,8,31,29.4,84.92,
USW00013958,1947-06-01,1947,6,1,32.8,91.04,
USW00013958,1947-06-02,1947,6,2,33.9,93.02,
USW00013958,1947-06-03,1947,6,3,33.9,93.02,
USW00013958,1947-06-04,1947,6,4,32.8,91.04,
USW00013958,1947-06-05,1947,6,5,32.8,91.04,
USW00013958,1947-06-06,1947,6,6,33.3,91.94,
USW00013958,1947-06-07,1947,6,7,33.9,93.02,
USW00013958,1947-06-08,1947,6,8,33.9,93.02,
USW00013958,1947-06-09,1947,6,9,33.9,93.02,
USW00013958,1947-06-10,1947,6,10,34.4,93.92,
USW00013958,1947-06-11,1947,6,11,34.4,93.92,
USW00013958,1947-06-12,1947,6,12,34.4,93.92,
USW00013958,1947-06-13,1947,6,13,30.6,87.08,
USW00013958,1947-06-14,1947,6,14,28.9,84.02,
USW00013958,1947-06-15,1947,6,15,25.0,77.0,
USW00013958,1947-06-16,1947,6,16,30.0,86.0,
USW00013958,1947-06-17,1947,6,17,34.4,93.92,
USW00013958,1947-06-18,1947,6,18,35.6,96.08,
USW00013958,1947-06-19,1947,6,19,33.3,91.94,
USW00013958,1947-06-20,1947,6,20,33.3,91.94,
USW00013958,1947-06-21,1947,6,21,33.9,93.02,
USW00013958,1947-06-22,1947,6,22,34.4,93.92,
USW00013958,1947-06-23,1947,6,23,34.4,93.92,
USW00013958,1947-06-24,1947,6,24,34.4,93.92,
USW00013958,1947-06-25,1947,6,25,35.0,95.0,
USW00013958,1947-06-26,1947,6,26,36.1,96.98,
USW00013958,1947-06-27,1947,6,27,36.1,96.98,
USW00013958,1947-06-28,1947,6,28,36.7,98.06,
USW00013958,1947-06-29,1947,6,29,35.6,96.08,
USW00013958,1947-06-30,1947,6,30,36.1,96.98,
USW00013958,1947-07-01,1947,7,1,35.6,96.08,
USW00013958,1947-07-02,1947,7,2,37.8,100.04,
USW00013958,1947-07-03,1947,7,3,37.2,98.96,
USW00013958,1947-07-04,1947,7,4,35.6,96.08,
USW00013958,1947-07-05,1947,7,5,35.6,96.08,
USW00013958,1947-07-06,1947,7,6,35.0,95.0,
USW00013958,1947-07-07,1947,7,7,35.6,96.08,
USW00013958,1947-07-08,1947,7,8,37.8,100.04,
USW00013958,1947-07-09,1947,7,9,32.8,91.04,
USW00013958,1947-07-10,1947,7,10,32.8,91.04,
USW00013958,1947-07-11,1947,7,11,34.4,93.92,
USW00013958,1947-07-12,1947,7,12,36.7,98.06,
USW00013958,1947-07-13,1947,7,13,32.8,91.04,
USW00013958,1947-07-14,1947,7,14,35.0,95.0,
USW00013958,1947-07-15,1947,7,15,36.1,96.98,
USW00013958,1947-07-16,1947,7,16,37.2,98.96,
USW00013958,1947-07-17,1947,7,17,37.8,100.04,
USW00013958,1947-07-18,1947,7,18,37.8,100.04,
USW00013958,1947-07-19,1947,7,19,33.3,91.94,
USW00013958,1947-07-20,1947,7,20,34.4,93.92,
USW00013958,1947-07-21,1947,7,21,35.0,95.0,
USW00013958,1947-07-22,1947,7,22,35.0,95.0,
USW00013958,1947-07-23,1947,7,23,32.8,91.04,
USW00013958,1947-07-24,1947,7,24,34.4,93.92,
USW00013958,1947-07-25,1947,7,25,34.4,93.92,
USW00013958,1947-07-26,1947,7,26,34.4,93.92,
USW00013958,1947-07-27,1947,7,27,35.6,96.08,
USW00013958,1947-07-28,1947,7,28,35.6,96.08,
USW00013958,1947-07-29,1947,7,29,35.6,96.08,
USW00013958,1947-07-30,1947,7,30,36.7,98.06,
USW00013958,1947-07-31,1947,7,31,37.2,98.96,
USW00013958,1947-08-01,1947,8,1,34.4,93.92,
USW00013958,1947-08-02,1947,8,2,32.8,91.04,
USW00013958,1947-08-03,1947,8,3,35.0,95.0,
USW00013958,1947-08-04,1947,8,4,35.6,96.08,
USW00013958,1947-08-05,1947,8,5,35.0,95.0,
USW00013958,1947-08-06,1947,8,6,36.1,96.98,
USW00013958,1947-08-07,1947,8,7,37.2,98.96,
USW00013958,1947-08-08,1947,8,8,38.3,100.94,
USW00013958,1947-08-09,1947,8,9,39.4,102.92,
USW00013958,1947-08-10,1947,8,10,40.0,104.0,
USW00013958,1947-08-11,1947,8,11,31.7,89.06,
USW00013958,1947-08-12,1947,8,12,32.8,91.04,
USW00013958,1947-08-13,1947,8,13,34.4,93.92,
USW00013958,1947-08-14,1947,8,14,33.9,93.02,
USW00013958,1947-08-15,1947,8,15,34.4,93.92,
USW00013958,1947-08-16,1947,8,16,34.4,93.92,
USW00013958,1947-08-17,1947,8,17,33.9,93.02,
USW00013958,1947-08-18,1947,8,18,33.9,93.02,
USW00013958,1947-08-19,1947,8,19,35.0,95.0,
USW00013958,1947-08-20,1947,8,20,33.9,93.02,
USW00013958,1947-08-21,1947,8,21,30.6,87.08,
USW00013958,1947-08-22,1947,8,22,33.3,91.94,
USW00013958,1947-08-23,1947,8,23,36.1,96.98,
USW00013958,1947-08-24,1947,8,24,34.4,93.92,
USW00013958,1947-08-25,1947,8,25,28.9,84.02,
USW00013958,1947-08-26,1947,8,26,28.9,84.02,
USW00013958,1947-08-27,1947,8,27,32.8,91.04,
USW00013958,1947-08-28,1947,8,28,33.3,91.94,
USW00013958,1947-08-29,1947,8,29,33.9,93.02,
USW00013958,1947-08-30,1947,8,30,34.4,93.92,
USW00013958,1947-08-31,1947,8,31,36.1,96.98,
USW00013958,1948-06-01,1948,6,1,32.2,89.96,
USW00013958,1948-06-02,1948,6,2,31.1,87.98,
USW00013958,1948-06-03,1948,6,3,32.2,89.96,
USW00013958,1948-06-04,1948,6,4,33.9,93.02,
USW00013958,1948-06-05,1948,6,5,36.7,98.06,
USW00013958,1948-06-06,1948,6,6,35.6,96.08,
USW00013958,1948-06-07,1948,6,7,36.1,96.98,
USW00013958,1948-06-08,1948,6,8,37.2,98.96,
USW00013958,1948-06-09,1948,6,9,38.3,100.94,
USW00013958,1948-06-10,1948,6,10,37.8,100.04,
USW00013958,1948-06-11,1948,6,11,35.0,95.0,
USW00013958,1948-06-12,1948,6,12,36.1,96.98,
USW00013958,1948-06-13,1948,6,13,36.7,98.06,
USW00013958,1948-06-14,1948,6,14,35.6,96.08,
USW00013958,1948-06-15,1948,6,15,35.6,96.08,
USW00013958,1948-06-16,1948,6,16,36.7,98.06,
USW00013958,1948-06-17,1948,6,17,36.7,98.06,
USW00013958,1948-06-18,1948,6,18,37.2,98.96,
USW00013958,1948-06-19,1948,6,19,37.2,98.96,
USW00013958,1948-06-20,1948,6,20,36.1,96.98,
USW00013958,1948-06-21,1948,6,21,36.1,96.98,
USW00013958,1948-06-22,1948,6,22,36.1,96.98,
USW00013958,1948-06-23,1948,6,23,35.6,96.08,
USW00013958,1948-06-24,1948,6,24,31.1,87.98,
USW00013958,1948-06-25,1948,6,25,34.4,93.92,
USW00013958,1948-06-26,1948,6,26,32.8,91.04,
USW00013958,1948-06-27,1948,6,27,35.6,96.08,
USW00013958,1948-06-28,1948,6,28,35.0,95.0,
USW00013958,1948-06-29,1948,6,29,30.6,87.08,
USW00013958,1948-06-30,1948,6,30,32.2,89.96,
USW00013958,1948-07-01,1948,7,1,31.7,89.06,
USW00013958,1948-07-02,1948,7,2,31.7,89.06,
USW00013958,1948-07-03,1948,7,3,31.1,87.98,
USW00013958,1948-07-04,1948,7,4,33.3,91.94,
USW00013958,1948-07-05,1948,7,5,32.8,91.04,
USW00013958,1948-07-06,1948,7,6,33.3,91.94,
USW00013958,1948-07-07,1948,7,7,35.0,95.0,
USW00013958,1948-07-08,1948,7,8,36.1,96.98,
USW00013958,1948-07-09,1948,7,9,35.6,96.08,
USW00013958,1948-07-10,1948,7,10,35.0,95.0,
USW00013958,1948-07-11,1948,7,11,35.0,95.0,
USW00013958,1948-07-12,1948,7,12,35.0,95.0,
USW00013958,1948-07-13,1948,7,13,35.6,96.08,
USW00013958,1948-07-14,1948,7,14,35.0,95.0,
USW00013958,1948-07-15,1948,7,15,36.1,96.98,
USW00013958,1948-07-16,1948,7,16,36.1,96.98,
USW00013958,1948-07-17,1948,7,17,36.1,96.98,
USW00013958,1948-07-18,1948,7,18,36.1,96.98,
USW00013958,1948-07-19,1948,7,19,35.0,95.0,
USW00013958,1948-07-20,1948,7,20,35.0,95.0,
USW00013958,1948-07-21,1948,7,21,35.6,96.08,
USW00013958,1948-07-22,1948,7,22,36.7,98.06,
USW00013958,1948-07-23,1948,7,23,37.2,98.96,
USW00013958,1948-07-24,1948,7,24,37.2,98.96,
USW00013958,1948-07-25,1948,7,25,37.2,98.96,
USW00013958,1948-07-26,1948,7,26,37.8,100.04,
USW00013958,1948-07-27,1948,7,27,37.2,98.96,
USW00013958,1948-07-28,1948,7,28,37.2,98.96,
USW00013958,1948-07-29,1948,7,29,37.2,98.96,
USW00013958,1948-07-30,1948,7,30,37.2,98.96,
USW00013958,1948-07-31,1948,7,31,38.3,100.94,
USW00013958,1948-08-01,1948,8,1,34.4,93.92,
USW00013958,1948-08-02,1948,8,2,36.7,98.06,
USW00013958,1948-08-03,1948,8,3,36.7,98.06,
USW00013958,1948-08-04,1948,8,4,37.8,100.04,
USW00013958,1948-08-05,1948,8,5,34.4,93.92,
USW00013958,1948-08-06,1948,8,6,36.7,98.06,
USW00013958,1948-08-07,1948,8,7,38.3,100.94,
USW00013958,1948-08-08,1948,8,8,37.8,100.04,
USW00013958,1948-08-09,1948,8,9,37.8,100.04,
USW00013958,1948-08-10,1948,8,10,38.3,100.94,
USW00013958,1948-08-11,1948,8,11,38.3,100.94,
USW00013958,1948-08-12,1948,8,12,38.3,100.94,
USW00013958,1948-08-13,1948,8,13,38.9,102.02,
USW00013958,1948-08-14,1948,8,14,38.3,100.94,
USW00013958,1948-08-15,1948,8,15,38.3,100.94,
USW00013958,1948-08-16,1948,8,16,37.8,100.04,
USW00013958,1948-08-17,1948,8,17,36.7,98.06,
USW00013958,1948-08-18,1948,8,18,38.3,100.94,
USW00013958,1948-08-19,1948,8,19,39.4,102.92,
USW00013958,1948-08-20,1948,8,20,39.4,102.92,
USW00013958,1948-08-21,1948,8,21,39.4,102.92,
USW00013958,1948-08-22,1948,8,22,39.4,102.92,
USW00013958,1948-08-23,1948,8,23,37.2,98.96,
USW00013958,1948-08-24,1948,8,24,33.3,91.94,
USW00013958,1948-08-25,1948,8,25,30.6,87.08,
USW00013958,1948-08-26,1948,8,26,32.8,91.04,
USW00013958,1948-08-27,1948,8,27,33.9,93.02,
USW00013958,1948-08-28,1948,8,28,34.4,93.92,
USW00013958,1948-08-29,1948,8,29,35.0,95.0,
USW00013958,1948-08-30,1948,8,30,35.6,96.08,
USW00013958,1948-08-31,1948,8,31,37.2,98.96,
USW00013958,1949-06-01,1949,6,1,35.6,96.08,
USW00013958,1949-06-02,1949,6,2,35.0,95.0,
USW00013958,1949-06-03,1949,6,3,33.9,93.02,
USW00013958,1949-06-04,1949,6,4,32.2,89.96,
USW00013958,1949-06-05,1949,6,5,32.8,91.04,
USW00013958,1949-06-06,1949,6,6,32.8,91.04,
USW00013958,1949-06-07,1949,6,7,32.8,91.04,
USW00013958,1949-06-08,1949,6,8,29.4,84.92,
USW00013958,1949-06-09,1949,6,9,31.1,87.98,
USW00013958,1949-06-10,1949,6,10,34.4,93.92,
USW00013958,1949-06-11,1949,6,11,31.1,87.98,
USW00013958,1949-06-12,1949,6,12,28.9,84.02,
USW00013958,1949-06-13,1949,6,13,29.4,84.92,
USW00013958,1949-06-14,1949,6,14,32.8,91.04,
USW00013958,1949-06-15,1949,6,15,32.2,89.96,
USW00013958,1949-06-16,1949,6,16,32.8,91.04,
USW00013958,1949-06-17,1949,6,17,33.9,93.02,
USW00013958,1949-06-18,1949,6,18,34.4,93.92,
USW00013958,1949-06-19,1949,6,19,34.4,93.92,
USW00013958,1949-06-20,1949,6,20,34.4,93.92,
USW00013958,1949-06-21,1949,6,21,35.0,95.0,
USW00013958,1949-06-22,1949,6,22,36.1,96.98,
USW00013958,1949-06-23,1949,6,23,33.9,93.02,
USW00013958,1949-06-24,1949,6,24,35.0,95.0,
USW00013958,1949-06-25,1949,6,25,34.4,93.92,
USW00013958,1949-06-26,1949,6,26,33.3,91.94,
USW00013958,1949-06-27,1949,6,27,32.8,91.04,
USW00013958,1949-06-28,1949,6,28,33.3,91.94,
USW00013958,1949-06-29,1949,6,29,33.3,91.94,
USW00013958,1949-06-30,1949,6,30,34.4,93.92,
USW00013958,1949-07-01,1949,7,1,36.1,96.98,
USW00013958,1949-07-02,1949,7,2,33.3,91.94,
USW00013958,1949-07-03,1949,7,3,35.0,95.0,
USW00013958,1949-07-04,1949,7,4,32.8,91.04,
USW00013958,1949-07-05,1949,7,5,34.4,93.92,
USW00013958,1949-07-06,1949,7,6,35.0,95.0,
USW00013958,1949-07-07,1949,7,7,36.1,96.98,
USW00013958,1949-07-08,1949,7,8,35.6,96.08,
USW00013958,1949-07-09,1949,7,9,35.6,96.08,
USW00013958,1949-07-10,1949,7,10,36.1,96.98,
USW00013958,1949-07-11,1949,7,11,37.8,100.04,
USW00013958,1949-07-12,1949,7,12,36.7,98.06,
USW00013958,1949-07-13,1949,7,13,36.7,98.06,
USW00013958,1949-07-14,1949,7,14,35.0,95.0,
USW00013958,1949-07-15,1949,7,15,32.8,91.04,
USW00013958,1949-07-16,1949,7,16,33.9,93.02,
USW00013958,1949-07-17,1949,7,17,35.6,96.08,
USW00013958,1949-07-18,1949,7,18,35.0,95.0,
USW00013958,1949-07-19,1949,7,19,35.0,95.0,
USW00013958,1949-07-20,1949,7,20,36.1,96.98,
USW00013958,1949-07-21,1949,7,21,35.0,95.0,
USW00013958,1949-07-22,1949,7,22,35.6,96.08,
USW00013958,1949-07-23,1949,7,23,35.6,96.08,
USW00013958,1949-07-24,1949,7,24,33.9,93.02,
USW00013958,1949-07-25,1949,7,25,25.6,78.08,
USW00013958,1949-07-26,1949,7,26,33.3,91.94,
USW00013958,1949-07-27,1949,7,27,33.9,93.02,
USW00013958,1949-07-28,1949,7,28,32.2,89.96,
USW00013958,1949-07-29,1949,7,29,33.9,93.02,
USW00013958,1949-07-30,1949,7,30,36.1,96.98,
USW00013958,1949-07-31,1949,7,31,36.1,96.98,
USW00013958,1949-08-01,1949,8,1,35.6,96.08,
USW00013958,1949-08-02,1949,8,2,37.2,98.96,
USW00013958,1949-08-03,1949,8,3,33.9,93.02,
USW00013958,1949-08-04,1949,8,4,33.9,93.02,
USW00013958,1949-08-05,1949,8,5,27.8,82.04,
USW00013958,1949-08-06,1949,8,6,31.1,87.98,
USW00013958,1949-08-07,1949,8,7,30.0,86.0,
USW00013958,1949-08-08,1949,8,8,33.3,91.94,
USW00013958,1949-08-09,1949,8,9,31.7,89.06,
USW00013958,1949-08-10,1949,8,10,33.9,93.02,
USW00013958,1949-08-11,1949,8,11,35.0,95.0,
USW00013958,1949-08-12,1949,8,12,35.0,95.0,
USW00013958,1949-08-13,1949,8,13,36.1,96.98,
USW00013958,1949-08-14,1949,8,14,36.7,98.06,
USW00013958,1949-08-15,1949,8,15,37.8,100.04,
USW00013958,1949-08-16,1949,8,16,38.3,100.94,
USW00013958,1949-08-17,1949,8,17,34.4,93.92,
USW00013958,1949-08-18,1949,8,18,35.0,95.0,
USW00013958,1949-08-19,1949,8,19,36.7,98.06,
USW00013958,1949-08-20,1949,8,20,37.8,100.04,
USW00013958,1949-08-21,1949,8,21,33.9,93.02,
USW00013958,1949-08-22,1949,8,22,33.9,93.02,
USW00013958,1949-08-23,1949,8,23,35.0,95.0,
USW00013958,1949-08-24,1949,8,24,33.9,93.02,
USW00013958,1949-08-25,1949,8,25,34.4,93.92,
USW00013958,1949-08-26,1949,8,26,34.4,93.92,
USW00013958,1949-08-27,1949,8,27,33.9,93.02,
USW00013958,1949-08-28,1949,8,28,36.1,96.98,
USW00013958,1949-08-29,1949,8,29,37.8,100.04,
USW00013958,1949-08-30,1949,8,30,36.7,98.06,
USW00013958,1949-08-31,1949,8,31,35.6,96.08,
USW00013958,1950-06-01,1950,6,1,28.9,84.02,
USW00013958,1950-06-02,1950,6,2,23.9,75.02,
USW00013958,1950-06-03,1950,6,3,30.6,87.08,
USW00013958,1950-06-04,1950,6,4,28.9,84.02,
USW00013958,1950-06-05,1950,6,5,24.4,75.92,
USW00013958,1950-06-06,1950,6,6,26.7,80.06,
USW00013958,1950-06-07,1950,6,7,30.6,87.08,
USW00013958,1950-06-08,1950,6,8,31.7,89.06,
USW00013958,1950-06-09,1950,6,9,33.3,91.94,
USW00013958,1950-06-10,1950,6,10,33.3,91.94,
USW00013958,1950-06-11,1950,6,11,33.3,91.94,
USW00013958,1950-06-12,1950,6,12,33.3,91.94,
USW00013958,1950-06-13,1950,6,13,33.3,91.94,
USW00013958,1950-06-14,1950,6,14,32.8,91.04,
USW00013958,1950-06-15,1950,6,15,32.2,89.96,
USW00013958,1950-06-16,1950,6,16,33.3,91.94,
USW00013958,1950-06-17,1950,6,17,32.8,91.04,
USW00013958,1950-06-18,1950,6,18,32.8,91.04,
USW00013958,1950-06-19,1950,6,19,32.8,91.04,
USW00013958,1950-06-20,1950,6,20,35.0,95.0,
USW00013958,1950-06-21,1950,6,21,28.9,84.02,
USW00013958,1950-06-22,1950,6,22,32.2,89.96,
USW00013958,1950-06-23,1950,6,23,33.9,93.02,
USW00013958,1950-06-24,1950,6,24,35.0,95.0,
USW00013958,1950-06-25,1950,6,25,35.0,95.0,
USW00013958,1950-06-26,1950,6,26,35.0,95.0,
USW00013958,1950-06-27,1950,6,27,35.6,96.08,
USW00013958,1950-06-28,1950,6,28,36.1,96.98,
USW00013958,1950-06-29,1950,6,29,36.7,98.06,
USW00013958,1950-06-30,1950,6,30,30.6,87.08,
USW00013958,1950-07-01,1950,7,1,32.8,91.04,
USW00013958,1950-07-02,1950,7,2,33.9,93.02,
USW00013958,1950-07-03,1950,7,3,35.0,95.0,
USW00013958,1950-07-04,1950,7,4,35.0,95.0,
USW00013958,1950-07-05,1950,7,5,35.6,96.08,
USW00013958,1950-07-06,1950,7,6,36.1,96.98,
USW00013958,1950-07-07,1950,7,7,35.6,96.08,
USW00013958,1950-07-08,1950,7,8,35.0,95.0,
USW00013958,1950-07-09,1950,7,9,36.1,96.98,
USW00013958,1950-07-10,1950,7,10,31.1,87.98,
USW00013958,1950-07-11,1950,7,11,32.2,89.96,
USW00013958,1950-07-12,1950,7,12,35.6,96.08,
USW00013958,1950-07-13,1950,7,13,30.6,87.08,
USW00013958,1950-07-14,1950,7,14,27.2,80.96,
USW00013958,1950-07-15,1950,7,15,32.8,91.04,
USW00013958,1950-07-16,1950,7,16,33.9,93.02,
USW00013958,1950-07-17,1950,7,17,33.9,93.02,
USW00013958,1950-07-18,1950,7,18,34.4,93.92,
USW00013958,1950-07-19,1950,7,19,34.4,93.92,
USW00013958,1950-07-20,1950,7,20,35.0,95.0,
USW00013958,1950-07-21,1950,7,21,35.0,95.0,
USW00013958,1950-07-22,1950,7,22,35.0,95.0,
USW00013958,1950-07-23,1950,7,23,35.6,96.08,
USW00013958,1950-07-24,1950,7,24,35.6,96.08,
USW00013958,1950-07-25,1950,7,25,35.0,95.0,
USW00013958,1950-07-26,1950,7,26,36.1,96.98,
USW00013958,1950-07-27,1950,7,27,35.6,96.08,
USW00013958,1950-07-28,1950,7,28,36.7,98.06,
USW00013958,1950-07-29,1950,7,29,37.2,98.96,
USW00013958,1950-07-30,1950,7,30,36.7,98.06,
USW00013958,1950-07-31,1950,7,31,36.7,98.06,
USW00013958,1950-08-01,1950,8,1,35.6,96.08,
USW00013958,1950-08-02,1950,8,2,36.1,96.98,
USW00013958,1950-08-03,1950,8,3,37.2,98.96,
USW00013958,1950-08-04,1950,8,4,37.2,98.96,
USW00013958,1950-08-05,1950,8,5,37.8,100.04,
USW00013958,1950-08-06,1950,8,6,37.2,98.96,
USW00013958,1950-08-07,1950,8,7,35.6,96.08,
USW00013958,1950-08-08,1950,8,8,36.1,96.98,
USW00013958,1950-08-09,1950,8,9,36.1,96.98,
USW00013958,1950-08-10,1950,8,10,36.7,98.06,
USW00013958,1950-08-11,1950,8,11,36.7,98.06,
USW00013958,1950-08-12,1950,8,12,35.6,96.08,
USW00013958,1950-08-13,1950,8,13,30.6,87.08,
USW00013958,1950-08-14,1950,8,14,35.0,95.0,
USW00013958,1950-08-15,1950,8,15,35.6,96.08,
USW00013958,1950-08-16,1950,8,16,36.1,96.98,
USW00013958,1950-08-17,1950,8,17,37.8,100.04,
USW00013958,1950-08-18,1950,8,18,29.4,84.92,
USW00013958,1950-08-19,1950,8,19,33.9,93.02,
USW00013958,1950-08-20,1950,8,20,33.9,93.02,
USW00013958,1950-08-21,1950,8,21,33.9,93.02,
USW00013958,1950-08-22,1950,8,22,35.6,96.08,
USW00013958,1950-08-23,1950,8,23,35.6,96.08,
USW00013958,1950-08-24,1950,8,24,36.7,98.06,
USW00013958,1950-08-25,1950,8,25,36.7,98.06,
USW00013958,1950-08-26,1950,8,26,36.7,98.06,
USW00013958,1950-08-27,1950,8,27,36.1,96.98,
USW00013958,1950-08-28,1950,8,28,32.2,89.96,
USW00013958,1950-08-29,1950,8,29,34.4,93.92,
USW00013958,1950-08-30,1950,8,30,33.3,91.94,
USW00013958,1950-08-31,1950,8,31,27.8,82.04,
USW00013958,1951-06-01,1951,6,1,33.3,91.94,
USW00013958,1951-06-02,1951,6,2,33.3,91.94,
USW00013958,1951-06-03,1951,6,3,24.4,75.92,
USW00013958,1951-06-04,1951,6,4,23.3,73.94,
USW00013958,1951-06-05,1951,6,5,28.3,82.94,
USW00013958,1951-06-06,1951,6,6,30.6,87.08,
USW00013958,1951-06-07,1951,6,7,31.7,89.06,
USW00013958,1951-06-08,1951,6,8,32.8,91.04,
USW00013958,1951-06-09,1951,6,9,33.9,93.02,
USW00013958,1951-06-10,1951,6,10,33.9,93.02,
USW00013958,1951-06-11,1951,6,11,33.9,93.02,
USW00013958,1951-06-12,1951,6,12,30.0,86.0,
USW00013958,1951-06-13,1951,6,13,31.7,89.06,
USW00013958,1951-06-14,1951,6,14,33.9,93.02,
USW00013958,1951-06-15,1951,6,15,33.9,93.02,
USW00013958,1951-06-16,1951,6,16,34.4,93.92,
USW00013958,1951-06-17,1951,6,17,35.6,96.08,
USW00013958,1951-06-18,1951,6,18,35.0,95.0,
USW00013958,1951-06-19,1951,6,19,35.0,95.0,
USW00013958,1951-06-20,1951,6,20,33.9,93.02,
USW00013958,1951-06-21,1951,6,21,35.0,95.0,
USW00013958,1951-06-22,1951,6,22,35.0,95.0,
USW00013958,1951-06-23,1951,6,23,33.9,93.02,
USW00013958,1951-06-24,1951,6,24,35.0,95.0,
USW00013958,1951-06-25,1951,6,25,32.8,91.04,
USW00013958,1951-06-26,1951,6,26,33.3,91.94,
USW00013958,1951-06-27,1951,6,27,33.9,93.02,
USW00013958,1951-06-28,1951,6,28,35.0,95.0,
USW00013958,1951-06-29,1951,6,29,35.0,95.0,
USW00013958,1951-06-30,1951,6,30,35.0,95.0,
USW00013958,1951-07-01,1951,7,1,33.9,93.02,
USW00013958,1951-07-02,1951,7,2,35.0,95.0,
USW00013958,1951-07-03,1951,7,3,34.4,93.92,
USW00013958,1951-07-04,1951,7,4,35.6,96.08,
USW00013958,1951-07-05,1951,7,5,35.6,96.08,
USW00013958,1951-07-06,1951,7,6,35.6,96.08,
USW00013958,1951-07-07,1951,7,7,35.6,96.08,
USW00013958,1951-07-08,1951,7,8,35.0,95.0,
USW00013958,1951-07-09,1951,7,9,36.1,96.98,
USW00013958,1951-07-10,1951,7,10,35.6,96.08,
USW00013958,1951-07-11,1951,7,11,34.4,93.92,
USW00013958,1951-07-12,1951,7,12,36.1,96.98,
USW00013958,1951-07-13,1951,7,13,36.1,96.98,
USW00013958,1951-07-14,1951,7,14,37.2,98.96,
USW00013958,1951-07-15,1951,7,15,33.3,91.94,
USW00013958,1951-07-16,1951,7,16,36.1,96.98,
USW00013958,1951-07-17,1951,7,17,38.3,100.94,
USW00013958,1951-07-18,1951,7,18,40.0,104.0,
USW00013958,1951-07-19,1951,7,19,40.6,105.08,
USW00013958,1951-07-20,1951,7,20,38.3,100.94,
USW00013958,1951-07-21,1951,7,21,36.7,98.06,
USW00013958,1951-07-22,1951,7,22,37.2,98.96,
USW00013958,1951-07-23,1951,7,23,36.7,98.06,
USW00013958,1951-07-24,1951,7,24,37.8,100.04,
USW00013958,1951-07-25,1951,7,25,36.1,96.98,
USW00013958,1951-07-26,1951,7,26,36.7,98.06,
USW00013958,1951-07-27,1951,7,27,38.3,100.94,
USW00013958,1951-07-28,1951,7,28,38.3,100.94,
USW00013958,1951-07-29,1951,7,29,38.9,102.02,
USW00013958,1951-07-30,1951,7,30,38.9,102.02,
USW00013958,1951-07-31,1951,7,31,37.8,100.04,
USW00013958,1951-08-01,1951,8,1,37.8,100.04,
USW00013958,1951-08-02,1951,8,2,37.2,98.96,
USW00013958,1951-08-03,1951,8,3,37.8,100.04,
USW00013958,1951-08-04,1951,8,4,40.6,105.08,
USW00013958,1951-08-05,1951,8,5,40.6,105.08,
USW00013958,1951-08-06,1951,8,6,39.4,102.92,
USW00013958,1951-08-07,1951,8,7,38.9,102.02,
USW00013958,1951-08-08,1951,8,8,38.9,102.02,
USW00013958,1951-08-09,1951,8,9,37.8,100.04,
USW00013958,1951-08-10,1951,8,10,37.8,100.04,
USW00013958,1951-08-11,1951,8,11,37.8,100.04,
USW00013958,1951-08-12,1951,8,12,38.3,100.94,
USW00013958,1951-08-13,1951,8,13,38.3,100.94,
USW00013958,1951-08-14,1951,8,14,39.4,102.92,
USW00013958,1951-08-15,1951,8,15,39.4,102.92,
USW00013958,1951-08-16,1951,8,16,40.0,104.0,
USW00013958,1951-08-17,1951,8,17,40.6,105.08,
USW00013958,1951-08-18,1951,8,18,39.4,102.92,
USW00013958,1951-08-19,1951,8,19,31.7,89.06,
USW00013958,1951-08-20,1951,8,20,34.4,93.92,
USW00013958,1951-08-21,1951,8,21,35.6,96.08,
USW00013958,1951-08-22,1951,8,22,36.7,98.06,
USW00013958,1951-08-23,1951,8,23,36.1,96.98,
USW00013958,1951-08-24,1951,8,24,36.7,98.06,
USW00013958,1951-08-25,1951,8,25,36.7,98.06,
USW00013958,1951-08-26,1951,8,26,36.7,98.06,
USW00013958,1951-08-27,1951,8,27,37.2,98.96,
USW00013958,1951-08-28,1951,8,28,37.8,100.04,
USW00013958,1951-08-29,1951,8,29,37.2,98.96,
USW00013958,1951-08-30,1951,8,30,37.2,98.96,
USW00013958,1951-08-31,1951,8,31,38.3,100.94,
USW00013958,1952-06-01,1952,6,1,31.7,89.06,
USW00013958,1952-06-02,1952,6,2,31.7,89.06,
USW00013958,1952-06-03,1952,6,3,30.6,87.08,
USW00013958,1952-06-04,1952,6,4,32.2,89.96,
USW00013958,1952-06-05,1952,6,5,32.8,91.04,
USW00013958,1952-06-06,1952,6,6,30.6,87.08,
USW00013958,1952-06-07,1952,6,7,30.0,86.0,
USW00013958,1952-06-08,1952,6,8,32.2,89.96,
USW00013958,1952-06-09,1952,6,9,32.8,91.04,
USW00013958,1952-06-10,1952,6,10,31.7,89.06,
USW00013958,1952-06-11,1952,6,11,30.6,87.08,
USW00013958,1952-06-12,1952,6,12,32.2,89.96,
USW00013958,1952-06-13,1952,6,13,33.3,91.94,
USW00013958,1952-06-14,1952,6,14,33.3,91.94,
USW00013958,1952-06-15,1952,6,15,33.9,93.02,
USW00013958,1952-06-16,1952,6,16,33.9,93.02,
USW00013958,1952-06-17,1952,6,17,34.4,93.92,
USW00013958,1952-06-18,1952,6,18,35.0,95.0,
USW00013958,1952-06-19,1952,6,19,34.4,93.92,
USW00013958,1952-06-20,1952,6,20,35.0,95.0,
USW00013958,1952-06-21,1952,6,21,35.0,95.0,
USW00013958,1952-06-22,1952,6,22,35.0,95.0,
USW00013958,1952-06-23,1952,6,23,34.4,93.92,
USW00013958,1952-06-24,1952,6,24,34.4,93.92,
USW00013958,1952-06-25,1952,6,25,35.0,95.0,
USW00013958,1952-06-26,1952,6,26,35.6,96.08,
USW00013958,1952-06-27,1952,6,27,33.3,91.94,
USW00013958,1952-06-28,1952,6,28,35.0,95.0,
USW00013958,1952-06-29,1952,6,29,32.2,89.96,
USW00013958,1952-06-30,1952,6,30,29.4,84.92,
USW00013958,1952-07-01,1952,7,1,34.4,93.92,
USW00013958,1952-07-02,1952,7,2,35.0,95.0,
USW00013958,1952-07-03,1952,7,3,37.2,98.96,
USW00013958,1952-07-04,1952,7,4,37.8,100.04,
USW00013958,1952-07-05,1952,7,5,35.6,96.08,
USW00013958,1952-07-06,1952,7,6,36.1,96.98,
USW00013958,1952-07-07,1952,7,7,36.1,96.98,
USW00013958,1952-07-08,1952,7,8,29.4,84.92,
USW00013958,1952-07-09,1952,7,9,34.4,93.92,
USW00013958,1952-07-10,1952,7,10,36.1,96.98,
USW00013958,1952-07-11,1952,7,11,35.6,96.08,
USW00013958,1952-07-12,1952,7,12,35.0,95.0,
USW00013958,1952-07-13,1952,7,13,35.6,96.08,
USW00013958,1952-07-14,1952,7,14,36.1,96.98,
USW00013958,1952-07-15,1952,7,15,36.1,96.98,
USW00013958,1952-07-16,1952,7,16,33.3,91.94,
USW00013958,1952-07-17,1952,7,17,33.3,91.94,
USW00013958,1952-07-18,1952,7,18,31.1,87.98,
USW00013958,1952-07-19,1952,7,19,31.7,89.06,
USW00013958,1952-07-20,1952,7,20,32.2,89.96,
USW00013958,1952-07-21,1952,7,21,34.4,93.92,
USW00013958,1952-07-22,1952,7,22,34.4,93.92,
USW00013958,1952-07-23,1952,7,23,35.0,95.0,
USW00013958,1952-07-24,1952,7,24,36.1,96.98,
USW00013958,1952-07-25,1952,7,25,36.7,98.06,
USW00013958,1952-07-26,1952,7,26,36.1,96.98,
USW00013958,1952-07-27,1952,7,27,34.4,93.92,
USW00013958,1952-07-28,1952,7,28,35.6,96.08,
USW00013958,1952-07-29,1952,7,29,36.1,96.98,
USW00013958,1952-07-30,1952,7,30,37.2,98.96,
USW00013958,1952-07-31,1952,7,31,33.3,91.94,
USW00013958,1952-08-01,1952,8,1,35.0,95.0,
USW00013958,1952-08-02,1952,8,2,36.7,98.06,
USW00013958,1952-08-03,1952,8,3,36.7,98.06,
USW00013958,1952-08-04,1952,8,4,37.8,100.04,
USW00013958,1952-08-05,1952,8,5,38.3,100.94,
USW00013958,1952-08-06,1952,8,6,38.9,102.02,
USW00013958,1952-08-07,1952,8,7,38.9,102.02,
USW00013958,1952-08-08,1952,8,8,38.3,100.94,
USW00013958,1952-08-09,1952,8,9,38.3,100.94,
USW00013958,1952-08-10,1952,8,10,38.3,100.94,
USW00013958,1952-08-11,1952,8,11,37.2,98.96,
USW00013958,1952-08-12,1952,8,12,37.8,100.04,
USW00013958,1952-08-13,1952,8,13,37.8,100.04,
USW00013958,1952-08-14,1952,8,14,37.8,100.04,
USW00013958,1952-08-15,1952,8,15,38.3,100.94,
USW00013958,1952-08-16,1952,8,16,38.9,102.02,
USW00013958,1952-08-17,1952,8,17,38.3,100.94,
USW00013958,1952-08-18,1952,8,18,37.2,98.96,
USW00013958,1952-08-19,1952,8,19,38.3,100.94,
USW00013958,1952-08-20,1952,8,20,38.3,100.94,
USW00013958,1952-08-21,1952,8,21,36.1,96.98,
USW00013958,1952-08-22,1952,8,22,37.8,100.04,
USW00013958,1952-08-23,1952,8,23,38.9,102.02,
USW00013958,1952-08-24,1952,8,24,38.9,102.02,
USW00013958,1952-08-25,1952,8,25,38.9,102.02,
USW00013958,1952-08-26,1952,8,26,37.2,98.96,
USW00013958,1952-08-27,1952,8,27,36.1,96.98,
USW00013958,1952-08-28,1952,8,28,35.6,96.08,
USW00013958,1952-08-29,1952,8,29,35.6,96.08,
USW00013958,1952-08-30,1952,8,30,37.2,98.96,
USW00013958,1952-08-31,1952,8,31,37.8,100.04,
USW00013958,1953-06-01,1953,6,1,34.4,93.92,
USW00013958,1953-06-02,1953,6,2,33.9,93.02,
USW00013958,1953-06-03,1953,6,3,34.4,93.92,
USW00013958,1953-06-04,1953,6,4,33.3,91.94,
USW00013958,1953-06-05,1953,6,5,33.9,93.02,
USW00013958,1953-06-06,1953,6,6,33.3,91.94,
USW00013958,1953-06-07,1953,6,7,35.0,95.0,
USW00013958,1953-06-08,1953,6,8,36.1,96.98,
USW00013958,1953-06-09,1953,6,9,36.1,96.98,
USW00013958,1953-06-10,1953,6,10,35.6,96.08,
USW00013958,1953-06-11,1953,6,11,36.7,98.06,
USW00013958,1953-06-12,1953,6,12,39.4,102.92,
USW00013958,1953-06-13,1953,6,13,36.1,96.98,
USW00013958,1953-06-14,1953,6,14,37.2,98.96,
USW00013958,1953-06-15,1953,6,15,36.1,96.98,
USW00013958,1953-06-16,1953,6,16,36.1,96.98,
USW00013958,1953-06-17,1953,6,17,36.7,98.06,
USW00013958,1953-06-18,1953,6,18,36.7,98.06,
USW00013958,1953-06-19,1953,6,19,37.8,100.04,
USW00013958,1953-06-20,1953,6,20,37.8,100.04,
USW00013958,1953-06-21,1953,6,21,37.8,100.04,
USW00013958,1953-06-22,1953,6,22,38.3,100.94,
USW00013958,1953-06-23,1953,6,23,38.3,100.94,
USW00013958,1953-06-24,1953,6,24,36.1,96.98,
USW00013958,1953-06-25,1953,6,25,37.8,100.04,
USW00013958,1953-06-26,1953,6,26,37.8,100.04,
USW00013958,1953-06-27,1953,6,27,37.8,100.04,
USW00013958,1953-06-28,1953,6,28,36.7,98.06,
USW00013958,1953-06-29,1953,6,29,27.2,80.96,
USW00013958,1953-06-30,1953,6,30,33.9,93.02,
USW00013958,1953-07-01,1953,7,1,34.4,93.92,
USW00013958,1953-07-02,1953,7,2,35.0,95.0,
USW00013958,1953-07-03,1953,7,3,35.6,96.08,
USW00013958,1953-07-04,1953,7,4,35.6,96.08,
USW00013958,1953-07-05,1953,7,5,35.6,96.08,
USW00013958,1953-07-06,1953,7,6,35.6,96.08,
USW00013958,1953-07-07,1953,7,7,36.1,96.98,
USW00013958,1953-07-08,1953,7,8,36.1,96.98,
USW00013958,1953-07-09,1953,7,9,36.7,98.06,
USW00013958,1953-07-10,1953,7,10,37.2,98.96,
USW00013958,1953-07-11,1953,7,11,36.7,98.06,
USW00013958,1953-07-12,1953,7,12,35.6,96.08,
USW00013958,1953-07-13,1953,7,13,27.2,80.96,
USW00013958,1953-07-14,1953,7,14,32.8,91.04,
USW00013958,1953-07-15,1953,7,15,32.8,91.04,
USW00013958,1953-07-16,1953,7,16,35.6,96.08,
USW00013958,1953-07-17,1953,7,17,35.6,96.08,
USW00013958,1953-07-18,1953,7,18,35.6,96.08,
USW00013958,1953-07-19,1953,7,19,36.7,98.06,
USW00013958,1953-07-20,1953,7,20,37.2,98.96,
USW00013958,1953-07-21,1953,7,21,37.8,100.04,
USW00013958,1953-07-22,1953,7,22,36.7,98.06,
USW00013958,1953-07-23,1953,7,23,37.2,98.96,
USW00013958,1953-07-24,1953,7,24,35.0,95.0,
USW00013958,1953-07-25,1953,7,25,32.8,91.04,
USW00013958,1953-07-26,1953,7,26,36.1,96.98,
USW00013958,1953-07-27,1953,7,27,35.6,96.08,
USW00013958,1953-07-28,1953,7,28,35.6,96.08,
USW00013958,1953-07-29,1953,7,29,35.0,95.0,
USW00013958,1953-07-30,1953,7,30,36.7,98.06,
USW00013958,1953-07-31,1953,7,31,37.2,98.96,
USW00013958,1953-08-01,1953,8,1,36.7,98.06,
USW00013958,1953-08-02,1953,8,2,38.3,100.94,
USW00013958,1953-08-03,1953,8,3,37.8,100.04,
USW00013958,1953-08-04,1953,8,4,37.8,100.04,
USW00013958,1953-08-05,1953,8,5,37.2,98.96,
USW00013958,1953-08-06,1953,8,6,38.3,100.94,
USW00013958,1953-08-07,1953,8,7,40.0,104.0,
USW00013958,1953-08-08,1953,8,8,40.6,105.08,
USW00013958,1953-08-09,1953,8,9,41.1,105.98,
USW00013958,1953-08-10,1953,8,10,40.6,105.08,
USW00013958,1953-08-11,1953,8,11,38.9,102.02,
USW00013958,1953-08-12,1953,8,12,34.4,93.92,
USW00013958,1953-08-13,1953,8,13,36.1,96.98,
USW00013958,1953-08-14,1953,8,14,37.8,100.04,
USW00013958,1953-08-15,1953,8,15,37.2,98.96,
USW00013958,1953-08-16,1953,8,16,36.7,98.06,
USW00013958,1953-08-17,1953,8,17,36.1,96.98,
USW00013958,1953-08-18,1953,8,18,36.1,96.98,
USW00013958,1953-08-19,1953,8,19,32.8,91.04,
USW00013958,1953-08-20,1953,8,20,27.2,80.96,
USW00013958,1953-08-21,1953,8,21,32.2,89.96,
USW00013958,1953-08-22,1953,8,22,33.9,93.02,
USW00013958,1953-08-23,1953,8,23,33.3,91.94,
USW00013958,1953-08-24,1953,8,24,31.1,87.98,
USW00013958,1953-08-25,1953,8,25,35.0,95.0,
USW00013958,1953-08-26,1953,8,26,33.3,91.94,
USW00013958,1953-08-27,1953,8,27,32.2,89.96,
USW00013958,1953-08-28,1953,8,28,31.1,87.98,
USW00013958,1953-08-29,1953,8,29,26.1,78.98,
USW00013958,1953-08-30,1953,8,30,28.9,84.02,
USW00013958,1953-08-31,1953,8,31,30.0,86.0,
USW00013958,1954-06-01,1954,6,1,33.9,93.02,
USW00013958,1954-06-02,1954,6,2,36.1,96.98,
USW00013958,1954-06-03,1954,6,3,30.6,87.08,
USW00013958,1954-06-04,1954,6,4,31.1,87.98,
USW00013958,1954-06-05,1954,6,5,32.8,91.04,
USW00013958,1954-06-06,1954,6,6,35.0,95.0,
USW00013958,1954-06-07,1954,6,7,35.0,95.0,
USW00013958,1954-06-08,1954,6,8,35.6,96.08,
USW00013958,1954-06-09,1954,6,9,35.6,96.08,
USW00013958,1954-06-10,1954,6,10,35.0,95.0,
USW00013958,1954-06-11,1954,6,11,36.1,96.98,
USW00013958,1954-06-12,1954,6,12,35.0,95.0,
USW00013958,1954-06-13,1954,6,13,35.0,95.0,
USW00013958,1954-06-14,1954,6,14,35.0,95.0,
USW00013958,1954-06-15,1954,6,15,31.7,89.06,
USW00013958,1954-06-16,1954,6,16,36.1,96.98,
USW00013958,1954-06-17,1954,6,17,36.7,98.06,
USW00013958,1954-06-18,1954,6,18,36.1,96.98,
USW00013958,1954-06-19,1954,6,19,33.9,93.02,
USW00013958,1954-06-20,1954,6,20,35.0,95.0,
USW00013958,1954-06-21,1954,6,21,35.0,95.0,
USW00013958,1954-06-22,1954,6,22,36.1,96.98,
USW00013958,1954-06-23,1954,6,23,36.7,98.06,
USW00013958,1954-06-24,1954,6,24,36.1,96.98,
USW00013958,1954-06-25,1954,6,25,35.0,95.0,
USW00013958,1954-06-26,1954,6,26,31.7,89.06,
USW00013958,1954-06-27,1954,6,27,35.0,95.0,
USW00013958,1954-06-28,1954,6,28,34.4,93.92,
USW00013958,1954-06-29,1954,6,29,35.0,95.0,
USW00013958,1954-06-30,1954,6,30,37.2,98.96,
USW00013958,1954-07-01,1954,7,1,37.2,98.96,
USW00013958,1954-07-02,1954,7,2,35.6,96.08,
USW00013958,1954-07-03,1954,7,3,29.4,84.92,
USW00013958,1954-07-04,1954,7,4,34.4,93.92,
USW00013958,1954-07-05,1954,7,5,37.8,100.04,
USW00013958,1954-07-06,1954,7,6,37.2,98.96,
USW00013958,1954-07-07,1954,7,7,36.1,96.98,
USW00013958,1954-07-08,1954,7,8,36.1,96.98,
USW00013958,1954-07-09,1954,7,9,37.2,98.96,
USW00013958,1954-07-10,1954,7,10,37.8,100.04,
USW00013958,1954-07-11,1954,7,11,38.9,102.02,
USW00013958,1954-07-12,1954,7,12,41.7,107.06,
USW00013958,1954-07-13,1954,7,13,39.4,102.92,
USW00013958,1954-07-14,1954,7,14,36.1,96.98,
USW00013958,1954-07-15,1954,7,15,36.1,96.98,
USW00013958,1954-07-16,1954,7,16,38.9,102.02,
USW00013958,1954-07-17,1954,7,17,35.6,96.08,
USW00013958,1954-07-18,1954,7,18,37.8,100.04,
USW00013958,1954-07-19,1954,7,19,37.2,98.96,
USW00013958,1954-07-20,1954,7,20,36.7,98.06,
USW00013958,1954-07-21,1954,7,21,37.8,100.04,
USW00013958,1954-07-22,1954,7,22,37.2,98.96,
USW00013958,1954-07-23,1954,7,23,38.3,100.94,
USW00013958,1954-07-24,1954,7,24,38.9,102.02,
USW00013958,1954-07-25,1954,7,25,40.0,104.0,
USW00013958,1954-07-26,1954,7,26,42.8,109.04,
USW00013958,1954-07-27,1954,7,27,40.6,105.08,
USW00013958,1954-07-28,1954,7,28,37.8,100.04,
USW00013958,1954-07-29,1954,7,29,38.3,100.94,
USW00013958,1954-07-30,1954,7,30,29.4,84.92,
USW00013958,1954-07-31,1954,7,31,31.1,87.98,
USW00013958,1954-08-01,1954,8,1,35.6,96.08,
USW00013958,1954-08-02,1954,8,2,36.7,98.06,
USW00013958,1954-08-03,1954,8,3,37.2,98.96,
USW00013958,1954-08-04,1954,8,4,36.7,98.06,
USW00013958,1954-08-05,1954,8,5,37.8,100.04,
USW00013958,1954-08-06,1954,8,6,38.3,100.94,
USW00013958,1954-08-07,1954,8,7,38.3,100.94,
USW00013958,1954-08-08,1954,8,8,38.9,102.02,
USW00013958,1954-08-09,1954,8,9,38.9,102.02,
USW00013958,1954-08-10,1954,8,10,38.9,102.02,
USW00013958,1954-08-11,1954,8,11,37.8,100.04,
USW00013958,1954-08-12,1954,8,12,37.8,100.04,
USW00013958,1954-08-13,1954,8,13,37.8,100.04,
USW00013958,1954-08-14,1954,8,14,37.8,100.04,
USW00013958,1954-08-15,1954,8,15,37.2,98.96,
USW00013958,1954-08-16,1954,8,16,36.7,98.06,
USW00013958,1954-08-17,1954,8,17,36.7,98.06,
USW00013958,1954-08-18,1954,8,18,37.2,98.96,
USW00013958,1954-08-19,1954,8,19,37.2,98.96,
USW00013958,1954-08-20,1954,8,20,37.8,100.04,
USW00013958,1954-08-21,1954,8,21,37.8,100.04,
USW00013958,1954-08-22,1954,8,22,32.8,91.04,
USW00013958,1954-08-23,1954,8,23,34.4,93.92,
USW00013958,1954-08-24,1954,8,24,34.4,93.92,
USW00013958,1954-08-25,1954,8,25,33.9,93.02,
USW00013958,1954-08-26,1954,8,26,36.7,98.06,
USW00013958,1954-08-27,1954,8,27,36.1,96.98,
USW00013958,1954-08-28,1954,8,28,35.0,95.0,
USW00013958,1954-08-29,1954,8,29,35.0,95.0,
USW00013958,1954-08-30,1954,8,30,40.0,104.0,
USW00013958,1954-08-31,1954,8,31,40.6,105.08,
USW00013958,1955-06-01,1955,6,1,32.8,91.04,
USW00013958,1955-06-02,1955,6,2,31.1,87.98,
USW00013958,1955-06-03,1955,6,3,31.1,87.98,
USW00013958,1955-06-04,1955,6,4,32.2,89.96,
USW00013958,1955-06-05,1955,6,5,32.2,89.96,
USW00013958,1955-06-06,1955,6,6,31.1,87.98,
USW00013958,1955-06-07,1955,6,7,32.8,91.04,
USW00013958,1955-06-08,1955,6,8,33.9,93.02,
USW00013958,1955-06-09,1955,6,9,27.2,80.96,
USW00013958,1955-06-10,1955,6,10,24.4,75.92,
USW00013958,1955-06-11,1955,6,11,27.8,82.04,
USW00013958,1955-06-12,1955,6,12,31.1,87.98,
USW00013958,1955-06-13,1955,6,13,32.2,89.96,
USW00013958,1955-06-14,1955,6,14,32.8,91.04,
USW00013958,1955-06-15,1955,6,15,34.4,93.92,
USW00013958,1955-06-16,1955,6,16,33.9,93.02,
USW00013958,1955-06-17,1955,6,17,33.3,91.94,
USW00013958,1955-06-18,1955,6,18,33.3,91.94,
USW00013958,1955-06-19,1955,6,19,32.8,91.04,
USW00013958,1955-06-20,1955,6,20,32.8,91.04,
USW00013958,1955-06-21,1955,6,21,32.8,91.04,
USW00013958,1955-06-22,1955,6,22,33.3,91.94,
USW00013958,1955-06-23,1955,6,23,33.3,91.94,
USW00013958,1955-06-24,1955,6,24,33.9,93.02,
USW00013958,1955-06-25,1955,6,25,35.6,96.08,
USW00013958,1955-06-26,1955,6,26,35.6,96.08,
USW00013958,1955-06-27,1955,6,27,36.1,96.98,
USW00013958,1955-06-28,1955,6,28,35.6,96.08,
USW00013958,1955-06-29,1955,6,29,35.0,95.0,
USW00013958,1955-06-30,1955,6,30,36.1,96.98,
USW00013958,1955-07-01,1955,7,1,35.6,96.08,
USW00013958,1955-07-02,1955,7,2,35.0,95.0,
USW00013958,1955-07-03,1955,7,3,34.4,93.92,
USW00013958,1955-07-04,1955,7,4,33.9,93.02,
USW00013958,1955-07-05,1955,7,5,35.6,96.08,
USW00013958,1955-07-06,1955,7,6,35.6,96.08,
USW00013958,1955-07-07,1955,7,7,36.7,98.06,
USW00013958,1955-07-08,1955,7,8,36.1,96.98,
USW00013958,1955-07-09,1955,7,9,33.9,93.02,
USW00013958,1955-07-10,1955,7,10,32.8,91.04,
USW00013958,1955-07-11,1955,7,11,37.2,98.96,
USW00013958,1955-07-12,1955,7,12,38.3,100.94,
USW00013958,1955-07-13,1955,7,13,37.2,98.96,
USW00013958,1955-07-14,1955,7,14,36.1,96.98,
USW00013958,1955-07-15,1955,7,15,35.6,96.08,
USW00013958,1955-07-16,1955,7,16,36.1,96.98,
USW00013958,1955-07-17,1955,7,17,35.6,96.08,
USW00013958,1955-07-18,1955,7,18,35.6,96.08,
USW00013958,1955-07-19,1955,7,19,35.0,95.0,
USW00013958,1955-07-20,1955,7,20,32.8,91.04,
USW00013958,1955-07-21,1955,7,21,34.4,93.92,
USW00013958,1955-07-22,1955,7,22,35.6,96.08,
USW00013958,1955-07-23,1955,7,23,34.4,93.92,
USW00013958,1955-07-24,1955,7,24,35.0,95.0,
USW00013958,1955-07-25,1955,7,25,35.6,96.08,
USW00013958,1955-07-26,1955,7,26,34.4,93.92,
USW00013958,1955-07-27,1955,7,27,36.7,98.06,
USW00013958,1955-07-28,1955,7,28,34.4,93.92,
USW00013958,1955-07-29,1955,7,29,35.0,95.0,
USW00013958,1955-07-30,1955,7,30,36.7,98.06,
USW00013958,1955-07-31,1955,7,31,38.9,102.02,
USW00013958,1955-08-01,1955,8,1,36.7,98.06,
USW00013958,1955-08-02,1955,8,2,35.6,96.08,
USW00013958,1955-08-03,1955,8,3,35.0,95.0,
USW00013958,1955-08-04,1955,8,4,34.4,93.92,
USW00013958,1955-08-05,1955,8,5,36.1,96.98,
USW00013958,1955-08-06,1955,8,6,36.7,98.06,
USW00013958,1955-08-07,1955,8,7,37.8,100.04,
USW00013958,1955-08-08,1955,8,8,38.9,102.02,
USW00013958,1955-08-09,1955,8,9,38.9,102.02,
USW00013958,1955-08-10,1955,8,10,37.8,100.04,
USW00013958,1955-08-11,1955,8,11,31.7,89.06,
USW00013958,1955-08-12,1955,8,12,32.2,89.96,
USW00013958,1955-08-13,1955,8,13,33.3,91.94,
USW00013958,1955-08-14,1955,8,14,33.3,91.94,
USW00013958,1955-08-15,1955,8,15,34.4,93.92,
USW00013958,1955-08-16,1955,8,16,35.6,96.08,
USW00013958,1955-08-17,1955,8,17,36.7,98.06,
USW00013958,1955-08-18,1955,8,18,29.4,84.92,
USW00013958,1955-08-19,1955,8,19,30.0,86.0,
USW00013958,1955-08-20,1955,8,20,32.8,91.04,
USW00013958,1955-08-21,1955,8,21,33.3,91.94,
USW00013958,1955-08-22,1955,8,22,35.6,96.08,
USW00013958,1955-08-23,1955,8,23,36.7,98.06,
USW00013958,1955-08-24,1955,8,24,37.8,100.04,
USW00013958,1955-08-25,1955,8,25,37.2,98.96,
USW00013958,1955-08-26,1955,8,26,35.6,96.08,
USW00013958,1955-08-27,1955,8,27,36.1,96.98,
USW00013958,1955-08-28,1955,8,28,33.9,93.02,
USW00013958,1955-08-29,1955,8,29,36.7,98.06,
USW00013958,1955-08-30,1955,8,30,36.1,96.98,
USW00013958,1955-08-31,1955,8,31,33.3,91.94,
USW00013958,1956-06-01,1956,6,1,30.6,87.08,
USW00013958,1956-06-02,1956,6,2,32.8,91.04,
USW00013958,1956-06-03,1956,6,3,32.2,89.96,
USW00013958,1956-06-04,1956,6,4,35.0,95.0,
USW00013958,1956-06-05,1956,6,5,35.6,96.08,
USW00013958,1956-06-06,1956,6,6,35.0,95.0,
USW00013958,1956-06-07,1956,6,7,36.1,96.98,
USW00013958,1956-06-08,1956,6,8,36.7,98.06,
USW00013958,1956-06-09,1956,6,9,37.2,98.96,
USW00013958,1956-06-10,1956,6,10,33.3,91.94,
USW00013958,1956-06-11,1956,6,11,35.6,96.08,
USW00013958,1956-06-12,1956,6,12,34.4,93.92,
USW00013958,1956-06-13,1956,6,13,34.4,93.92,
USW00013958,1956-06-14,1956,6,14,36.7,98.06,
USW00013958,1956-06-15,1956,6,15,35.6,96.08,
USW00013958,1956-06-16,1956,6,16,37.2,98.96,
USW00013958,1956-06-17,1956,6,17,34.4,93.92,
USW00013958,1956-06-18,1956,6,18,31.7,89.06,
USW00013958,1956-06-19,1956,6,19,35.6,96.08,
USW00013958,1956-06-20,1956,6,20,34.4,93.92,
USW00013958,1956-06-21,1956,6,21,36.1,96.98,
USW00013958,1956-06-22,1956,6,22,36.7,98.06,
USW00013958,1956-06-23,1956,6,23,37.2,98.96,
USW00013958,1956-06-24,1956,6,24,36.1,96.98,
USW00013958,1956-06-25,1956,6,25,36.7,98.06,
USW00013958,1956-06-26,1956,6,26,37.2,98.96,
USW00013958,1956-06-27,1956,6,27,37.8,100.04,
USW00013958,1956-06-28,1956,6,28,38.9,102.02,
USW00013958,1956-06-29,1956,6,29,38.9,102.02,
USW00013958,1956-06-30,1956,6,30,37.2,98.96,
USW00013958,1956-07-01,1956,7,1,36.1,96.98,
USW00013958,1956-07-02,1956,7,2,36.7,98.06,
USW00013958,1956-07-03,1956,7,3,35.0,95.0,
USW00013958,1956-07-04,1956,7,4,37.2,98.96,
USW00013958,1956-07-05,1956,7,5,38.3,100.94,
USW00013958,1956-07-06,1956,7,6,38.9,102.02,
USW00013958,1956-07-07,1956,7,7,38.3,100.94,
USW00013958,1956-07-08,1956,7,8,38.9,102.02,
USW00013958,1956-07-09,1956,7,9,37.8,100.04,
USW00013958,1956-07-10,1956,7,10,37.2,98.96,
USW00013958,1956-07-11,1956,7,11,36.7,98.06,
USW00013958,1956-07-12,1956,7,12,36.7,98.06,
USW00013958,1956-07-13,1956,7,13,36.7,98.06,
USW00013958,1956-07-14,1956,7,14,37.8,100.04,
USW00013958,1956-07-15,1956,7,15,38.3,100.94,
USW00013958,1956-07-16,1956,7,16,39.4,102.92,
USW00013958,1956-07-17,1956,7,17,39.4,102.92,
USW00013958,1956-07-18,1956,7,18,38.9,102.02,
USW00013958,1956-07-19,1956,7,19,38.3,100.94,
USW00013958,1956-07-20,1956,7,20,38.3,100.94,
USW00013958,1956-07-21,1956,7,21,36.7,98.06,
USW00013958,1956-07-22,1956,7,22,36.1,96.98,
USW00013958,1956-07-23,1956,7,23,36.7,98.06,
USW00013958,1956-07-24,1956,7,24,38.3,100.94,
USW00013958,1956-07-25,1956,7,25,37.2,98.96,
USW00013958,1956-07-26,1956,7,26,36.1,96.98,
USW00013958,1956-07-27,1956,7,27,36.1,96.98,
USW00013958,1956-07-28,1956,7,28,36.7,98.06,
USW00013958,1956-07-29,1956,7,29,37.2,98.96,
USW00013958,1956-07-30,1956,7,30,36.1,96.98,
USW00013958,1956-07-31,1956,7,31,37.8,100.04,
USW00013958,1956-08-01,1956,8,1,37.2,98.96,
USW00013958,1956-08-02,1956,8,2,37.2,98.96,
USW00013958,1956-08-03,1956,8,3,37.2,98.96,
USW00013958,1956-08-04,1956,8,4,38.3,100.94,
USW00013958,1956-08-05,1956,8,5,38.9,102.02,
USW00013958,1956-08-06,1956,8,6,38.9,102.02,
USW00013958,1956-08-07,1956,8,7,37.2,98.96,
USW00013958,1956-08-08,1956,8,8,38.3,100.94,
USW00013958,1956-08-09,1956,8,9,38.9,102.02,
USW00013958,1956-08-10,1956,8,10,38.3,100.94,
USW00013958,1956-08-11,1956,8,11,37.8,100.04,
USW00013958,1956-08-12,1956,8,12,38.3,100.94,
USW00013958,1956-08-13,1956,8,13,38.3,100.94,
USW00013958,1956-08-14,1956,8,14,38.9,102.02,
USW00013958,1956-08-15,1956,8,15,40.0,104.0,
USW00013958,1956-08-16,1956,8,16,40.0,104.0,
USW00013958,1956-08-17,1956,8,17,35.0,95.0,
USW00013958,1956-08-18,1956,8,18,38.3,100.94,
USW00013958,1956-08-19,1956,8,19,38.3,100.94,
USW00013958,1956-08-20,1956,8,20,30.0,86.0,
USW00013958,1956-08-21,1956,8,21,31.7,89.06,
USW00013958,1956-08-22,1956,8,22,34.4,93.92,
USW00013958,1956-08-23,1956,8,23,36.1,96.98,
USW00013958,1956-08-24,1956,8,24,36.7,98.06,
USW00013958,1956-08-25,1956,8,25,33.9,93.02,
USW00013958,1956-08-26,1956,8,26,27.8,82.04,
USW00013958,1956-08-27,1956,8,27,33.3,91.94,
USW00013958,1956-08-28,1956,8,28,35.0,95.0,
USW00013958,1956-08-29,1956,8,29,36.7,98.06,
USW00013958,1956-08-30,1956,8,30,37.8,100.04,
USW00013958,1956-08-31,1956,8,31,36.7,98.06,
USW00013958,1957-06-01,1957,6,1,30.0,86.0,
USW00013958,1957-06-02,1957,6,2,26.1,78.98,
USW00013958,1957-06-03,1957,6,3,23.3,73.94,
USW00013958,1957-06-04,1957,6,4,27.2,80.96,
USW00013958,1957-06-05,1957,6,5,27.2,80.96,
USW00013958,1957-06-06,1957,6,6,30.6,87.08,
USW00013958,1957-06-07,1957,6,7,30.6,87.08,
USW00013958,1957-06-08,1957,6,8,32.8,91.04,
USW00013958,1957-06-09,1957,6,9,33.3,91.94,
USW00013958,1957-06-10,1957,6,10,33.3,91.94,
USW00013958,1957-06-11,1957,6,11,34.4,93.92,
USW00013958,1957-06-12,1957,6,12,30.0,86.0,
USW00013958,1957-06-13,1957,6,13,33.3,91.94,
USW00013958,1957-06-14,1957,6,14,33.3,91.94,
USW00013958,1957-06-15,1957,6,15,33.3,91.94,
USW00013958,1957-06-16,1957,6,16,33.3,91.94,
USW00013958,1957-06-17,1957,6,17,32.8,91.04,
USW00013958,1957-06-18,1957,6,18,32.8,91.04,
USW00013958,1957-06-19,1957,6,19,32.8,91.04,
USW00013958,1957-06-20,1957,6,20,32.8,91.04,
USW00013958,1957-06-21,1957,6,21,32.2,89.96,
USW00013958,1957-06-22,1957,6,22,35.0,95.0,
USW00013958,1957-06-23,1957,6,23,33.9,93.02,
USW00013958,1957-06-24,1957,6,24,31.7,89.06,
USW00013958,1957-06-25,1957,6,25,33.3,91.94,
USW00013958,1957-06-26,1957,6,26,33.9,93.02,
USW00013958,1957-06-27,1957,6,27,34.4,93.92,
USW00013958,1957-06-28,1957,6,28,36.1,96.98,
USW00013958,1957-06-29,1957,6,29,36.1,96.98,
USW00013958,1957-06-30,1957,6,30,35.6,96.08,
USW00013958,1957-07-01,1957,7,1,35.6,96.08,
USW00013958,1957-07-02,1957,7,2,36.7,98.06,
USW00013958,1957-07-03,1957,7,3,36.7,98.06,
USW00013958,1957-07-04,1957,7,4,36.7,98.06,
USW00013958,1957-07-05,1957,7,5,37.2,98.96,
USW00013958,1957-07-06,1957,7,6,37.8,100.04,
USW00013958,1957-07-07,1957,7,7,37.2,98.96,
USW00013958,1957-07-08,1957,7,8,36.1,96.98,
USW00013958,1957-07-09,1957,7,9,33.3,91.94,
USW00013958,1957-07-10,1957,7,10,35.0,95.0,
USW00013958,1957-07-11,1957,7,11,36.1,96.98,
USW00013958,1957-07-12,1957,7,12,36.7,98.06,
USW00013958,1957-07-13,1957,7,13,36.7,98.06,
USW00013958,1957-07-14,1957,7,14,36.1,96.98,
USW00013958,1957-07-15,1957,7,15,35.6,96.08,
USW00013958,1957-07-16,1957,7,16,36.1,96.98,
USW00013958,1957-07-17,1957,7,17,36.7,98.06,
USW00013958,1957-07-18,1957,7,18,36.7,98.06,
USW00013958,1957-07-19,1957,7,19,37.2,98.96,
USW00013958,1957-07-20,1957,7,20,37.8,100.04,
USW00013958,1957-07-21,1957,7,21,37.8,100.04,
USW00013958,1957-07-22,1957,7,22,34.4,93.92,
USW00013958,1957-07-23,1957,7,23,35.6,96.08,
USW00013958,1957-07-24,1957,7,24,35.6,96.08,
USW00013958,1957-07-25,1957,7,25,36.1,96.98,
USW00013958,1957-07-26,1957,7,26,37.2,98.96,
USW00013958,1957-07-27,1957,7,27,37.2,98.96,
USW00013958,1957-07-28,1957,7,28,38.9,102.02,
USW00013958,1957-07-29,1957,7,29,39.4,102.92,
USW00013958,1957-07-30,1957,7,30,40.0,104.0,
USW00013958,1957-07-31,1957,7,31,37.2,98.96,
USW00013958,1957-08-01,1957,8,1,37.8,100.04,
USW00013958,1957-08-02,1957,8,2,38.3,100.94,
USW00013958,1957-08-03,1957,8,3,37.8,100.04,
USW00013958,1957-08-04,1957,8,4,37.8,100.04,
USW00013958,1957-08-05,1957,8,5,36.7,98.06,
USW00013958,1957-08-06,1957,8,6,32.2,89.96,
USW00013958,1957-08-07,1957,8,7,35.6,96.08,
USW00013958,1957-08-08,1957,8,8,36.1,96.98,
USW00013958,1957-08-09,1957,8,9,36.7,98.06,
USW00013958,1957-08-10,1957,8,10,34.4,93.92,
USW00013958,1957-08-11,1957,8,11,38.3,100.94,
USW00013958,1957-08-12,1957,8,12,37.8,100.04,
USW00013958,1957-08-13,1957,8,13,37.8,100.04,
USW00013958,1957-08-14,1957,8,14,38.3,100.94,
USW00013958,1957-08-15,1957,8,15,37.2,98.96,
USW00013958,1957-08-16,1957,8,16,37.8,100.04,
USW00013958,1957-08-17,1957,8,17,38.3,100.94,
USW00013958,1957-08-18,1957,8,18,36.7,98.06,
USW00013958,1957-08-19,1957,8,19,34.4,93.92,
USW00013958,1957-08-20,1957,8,20,35.6,96.08,
USW00013958,1957-08-21,1957,8,21,35.6,96.08,
USW00013958,1957-08-22,1957,8,22,35.6,96.08,
USW00013958,1957-08-23,1957,8,23,36.1,96.98,
USW00013958,1957-08-24,1957,8,24,36.7,98.06,
USW00013958,1957-08-25,1957,8,25,37.2,98.96,
USW00013958,1957-08-26,1957,8,26,37.8,100.04,
USW00013958,1957-08-27,1957,8,27,37.8,100.04,
USW00013958,1957-08-28,1957,8,28,36.7,98.06,
USW00013958,1957-08-29,1957,8,29,35.6,96.08,
USW00013958,1957-08-30,1957,8,30,35.6,96.08,
USW00013958,1957-08-31,1957,8,31,35.6,96.08,
USW00013958,1958-06-01,1958,6,1,34.4,93.92,
USW00013958,1958-06-02,1958,6,2,33.9,93.02,
USW00013958,1958-06-03,1958,6,3,34.4,93.92,
USW00013958,1958-06-04,1958,6,4,34.4,93.92,
USW00013958,1958-06-05,1958,6,5,34.4,93.92,
USW00013958,1958-06-06,1958,6,6,35.6,96.08,
USW00013958,1958-06-07,1958,6,7,34.4,93.92,
USW00013958,1958-06-08,1958,6,8,35.0,95.0,
USW00013958,1958-06-09,1958,6,9,35.0,95.0,
USW00013958,1958-06-10,1958,6,10,36.1,96.98,
USW00013958,1958-06-11,1958,6,11,36.1,96.98,
USW00013958,1958-06-12,1958,6,12,35.6,96.08,
USW00013958,1958-06-13,1958,6,13,35.6,96.08,
USW00013958,1958-06-14,1958,6,14,35.6,96.08,
USW00013958,1958-06-15,1958,6,15,35.0,95.0,
USW00013958,1958-06-16,1958,6,16,31.7,89.06,
USW00013958,1958-06-17,1958,6,17,30.6,87.08,
USW00013958,1958-06-18,1958,6,18,35.0,95.0,
USW00013958,1958-06-19,1958,6,19,36.1,96.98,
USW00013958,1958-06-20,1958,6,20,37.2,98.96,
USW00013958,1958-06-21,1958,6,21,35.6,96.08,
USW00013958,1958-06-22,1958,6,22,30.0,86.0,
USW00013958,1958-06-23,1958,6,23,32.2,89.96,
USW00013958,1958-06-24,1958,6,24,35.0,95.0,
USW00013958,1958-06-25,1958,6,25,35.6,96.08,
USW00013958,1958-06-26,1958,6,26,30.0,86.0,
USW00013958,1958-06-27,1958,6,27,31.1,87.98,
USW00013958,1958-06-28,1958,6,28,30.6,87.08,
USW00013958,1958-06-29,1958,6,29,35.0,95.0,
USW00013958,1958-06-30,1958,6,30,35.0,95.0,
USW00013958,1958-07-01,1958,7,1,33.9,93.02,
USW00013958,1958-07-02,1958,7,2,35.0,95.0,
USW00013958,1958-07-03,1958,7,3,33.9,93.02,
USW00013958,1958-07-04,1958,7,4,35.0,95.0,
USW00013958,1958-07-05,1958,7,5,35.6,96.08,
USW00013958,1958-07-06,1958,7,6,34.4,93.92,
USW00013958,1958-07-07,1958,7,7,30.6,87.08,
USW00013958,1958-07-08,1958,7,8,32.8,91.04,
USW00013958,1958-07-09,1958,7,9,35.0,95.0,
USW00013958,1958-07-10,1958,7,10,33.9,93.02,
USW00013958,1958-07-11,1958,7,11,34.4,93.92,
USW00013958,1958-07-12,1958,7,12,34.4,93.92,
USW00013958,1958-07-13,1958,7,13,35.0,95.0,
USW00013958,1958-07-14,1958,7,14,35.0,95.0,
USW00013958,1958-07-15,1958,7,15,35.6,96.08,
USW00013958,1958-07-16,1958,7,16,36.1,96.98,
USW00013958,1958-07-17,1958,7,17,36.1,96.98,
USW00013958,1958-07-18,1958,7,18,35.6,96.08,
USW00013958,1958-07-19,1958,7,19,35.6,96.08,
USW00013958,1958-07-20,1958,7,20,36.7,98.06,
USW00013958,1958-07-21,1958,7,21,36.7,98.06,
USW00013958,1958-07-22,1958,7,22,36.7,98.06,
USW00013958,1958-07-23,1958,7,23,37.2,98.96,
USW00013958,1958-07-24,1958,7,24,37.2,98.96,
USW00013958,1958-07-25,1958,7,25,36.7,98.06,
USW00013958,1958-07-26,1958,7,26,36.1,96.98,
USW00013958,1958-07-27,1958,7,27,36.7,98.06,
USW00013958,1958-07-28,1958,7,28,36.7,98.06,
USW00013958,1958-07-29,1958,7,29,37.2,98.96,
USW00013958,1958-07-30,1958,7,30,37.8,100.04,
USW00013958,1958-07-31,1958,7,31,37.2,98.96,
USW00013958,1958-08-01,1958,8,1,37.2,98.96,
USW00013958,1958-08-02,1958,8,2,38.3,100.94,
USW00013958,1958-08-03,1958,8,3,38.9,102.02,
USW00013958,1958-08-04,1958,8,4,38.3,100.94,
USW00013958,1958-08-05,1958,8,5,37.2,98.96,
USW00013958,1958-08-06,1958,8,6,37.2,98.96,
USW00013958,1958-08-07,1958,8,7,37.8,100.04,
USW00013958,1958-08-08,1958,8,8,37.8,100.04,
USW00013958,1958-08-09,1958,8,9,36.7,98.06,
USW00013958,1958-08-10,1958,8,10,36.7,98.06,
USW00013958,1958-08-11,1958,8,11,36.7,98.06,
USW00013958,1958-08-12,1958,8,12,38.9,102.02,
USW00013958,1958-08-13,1958,8,13,39.4,102.92,
USW00013958,1958-08-14,1958,8,14,36.7,98.06,
USW00013958,1958-08-15,1958,8,15,37.8,100.04,
USW00013958,1958-08-16,1958,8,16,36.1,96.98,
USW00013958,1958-08-17,1958,8,17,38.9,102.02,
USW00013958,1958-08-18,1958,8,18,33.3,91.94,
USW00013958,1958-08-19,1958,8,19,36.1,96.98,
USW00013958,1958-08-20,1958,8,20,36.7,98.06,
USW00013958,1958-08-21,1958,8,21,35.6,96.08,
USW00013958,1958-08-22,1958,8,22,32.2,89.96,
USW00013958,1958-08-23,1958,8,23,36.1,96.98,
USW00013958,1958-08-24,1958,8,24,32.8,91.04,
USW00013958,1958-08-25,1958,8,25,32.8,91.04,
USW00013958,1958-08-26,1958,8,26,36.1,96.98,
USW00013958,1958-08-27,1958,8,27,37.2,98.96,
USW00013958,1958-08-28,1958,8,28,37.2,98.96,
USW00013958,1958-08-29,1958,8,29,36.1,96.98,
USW00013958,1958-08-30,1958,8,30,36.1,96.98,
USW00013958,1958-08-31,1958,8,31,36.7,98.06,
USW00013958,1959-06-01,1959,6,1,33.9,93.02,
USW00013958,1959-06-02,1959,6,2,33.3,91.94,
USW00013958,1959-06-03,1959,6,3,32.8,91.04,
USW00013958,1959-06-04,1959,6,4,33.3,91.94,
USW00013958,1959-06-05,1959,6,5,32.8,91.04,
USW00013958,1959-06-06,1959,6,6,29.4,84.92,
USW00013958,1959-06-07,1959,6,7,30.6,87.08,
USW00013958,1959-06-08,1959,6,8,32.2,89.96,
USW00013958,1959-06-09,1959,6,9,34.4,93.92,
USW00013958,1959-06-10,1959,6,10,35.6,96.08,
USW00013958,1959-06-11,1959,6,11,35.6,96.08,
USW00013958,1959-06-12,1959,6,12,36.1,96.98,
USW00013958,1959-06-13,1959,6,13,35.0,95.0,
USW00013958,1959-06-14,1959,6,14,33.9,93.02,
USW00013958,1959-06-15,1959,6,15,35.0,95.0,
USW00013958,1959-06-16,1959,6,16,33.9,93.02,
USW00013958,1959-06-17,1959,6,17,35.6,96.08,
USW00013958,1959-06-18,1959,6,18,36.7,98.06,
USW00013958,1959-06-19,1959,6,19,37.2,98.96,
USW00013958,1959-06-20,1959,6,20,36.7,98.06,
USW00013958,1959-06-21,1959,6,21,36.7,98.06,
USW00013958,1959-06-22,1959,6,22,33.9,93.02,
USW00013958,1959-06-23,1959,6,23,35.0,95.0,
USW00013958,1959-06-24,1959,6,24,31.1,87.98,
USW00013958,1959-06-25,1959,6,25,27.8,82.04,
USW00013958,1959-06-26,1959,6,26,32.8,91.04,
USW00013958,1959-06-27,1959,6,27,33.3,91.94,
USW00013958,1959-06-28,1959,6,28,33.3,91.94,
USW00013958,1959-06-29,1959,6,29,33.9,93.02,
USW00013958,1959-06-30,1959,6,30,34.4,93.92,
USW00013958,1959-07-01,1959,7,1,34.4,93.92,
USW00013958,1959-07-02,1959,7,2,35.0,95.0,
USW00013958,1959-07-03,1959,7,3,35.6,96.08,
USW00013958,1959-07-04,1959,7,4,35.6,96.08,
USW00013958,1959-07-05,1959,7,5,35.0,95.0,
USW00013958,1959-07-06,1959,7,6,35.0,95.0,
USW00013958,1959-07-07,1959,7,7,35.0,95.0,
USW00013958,1959-07-08,1959,7,8,35.6,96.08,
USW00013958,1959-07-09,1959,7,9,36.1,96.98,
USW00013958,1959-07-10,1959,7,10,36.1,96.98,
USW00013958,1959-07-11,1959,7,11,36.1,96.98,
USW00013958,1959-07-12,1959,7,12,35.0,95.0,
USW00013958,1959-07-13,1959,7,13,34.4,93.92,
USW00013958,1959-07-14,1959,7,14,35.0,95.0,
USW00013958,1959-07-15,1959,7,15,35.6,96.08,
USW00013958,1959-07-16,1959,7,16,36.1,96.98,
USW00013958,1959-07-17,1959,7,17,36.1,96.98,
USW00013958,1959-07-18,1959,7,18,36.1,96.98,
USW00013958,1959-07-19,1959,7,19,35.0,95.0,
USW00013958,1959-07-20,1959,7,20,34.4,93.92,
USW00013958,1959-07-21,1959,7,21,33.9,93.02,
USW00013958,1959-07-22,1959,7,22,34.4,93.92,
USW00013958,1959-07-23,1959,7,23,36.1,96.98,
USW00013958,1959-07-24,1959,7,24,33.9,93.02,
USW00013958,1959-07-25,1959,7,25,31.1,87.98,
USW00013958,1959-07-26,1959,7,26,34.4,93.92,
USW00013958,1959-07-27,1959,7,27,35.0,95.0,
USW00013958,1959-07-28,1959,7,28,34.4,93.92,
USW00013958,1959-07-29,1959,7,29,35.0,95.0,
USW00013958,1959-07-30,1959,7,30,34.4,93.92,
USW00013958,1959-07-31,1959,7,31,35.6,96.08,
USW00013958,1959-08-01,1959,8,1,36.7,98.06,
USW00013958,1959-08-02,1959,8,2,36.7,98.06,
USW00013958,1959-08-03,1959,8,3,37.8,100.04,
USW00013958,1959-08-04,1959,8,4,37.2,98.96,
USW00013958,1959-08-05,1959,8,5,36.7,98.06,
USW00013958,1959-08-06,1959,8,6,37.2,98.96,
USW00013958,1959-08-07,1959,8,7,37.8,100.04,
USW00013958,1959-08-08,1959,8,8,32.8,91.04,
USW00013958,1959-08-09,1959,8,9,32.8,91.04,
USW00013958,1959-08-10,1959,8,10,34.4,93.92,
USW00013958,1959-08-11,1959,8,11,35.6,96.08,
USW00013958,1959-08-12,1959,8,12,35.6,96.08,
USW00013958,1959-08-13,1959,8,13,35.6,96.08,
USW00013958,1959-08-14,1959,8,14,33.9,93.02,
USW00013958,1959-08-15,1959,8,15,33.9,93.02,
USW00013958,1959-08-16,1959,8,16,35.6,96.08,
USW00013958,1959-08-17,1959,8,17,35.6,96.08,
USW00013958,1959-08-18,1959,8,18,36.1,96.98,
USW00013958,1959-08-19,1959,8,19,36.1,96.98,
USW00013958,1959-08-20,1959,8,20,35.0,95.0,
USW00013958,1959-08-21,1959,8,21,34.4,93.92,
USW00013958,1959-08-22,1959,8,22,33.9,93.02,
USW00013958,1959-08-23,1959,8,23,26.1,78.98,
USW00013958,1959-08-24,1959,8,24,30.0,86.0,
USW00013958,1959-08-25,1959,8,25,28.9,84.02,
USW00013958,1959-08-26,1959,8,26,25.6,78.08,
USW00013958,1959-08-27,1959,8,27,31.7,89.06,
USW00013958,1959-08-28,1959,8,28,33.9,93.02,
USW00013958,1959-08-29,1959,8,29,35.0,95.0,
USW00013958,1959-08-30,1959,8,30,36.7,98.06,
USW00013958,1959-08-31,1959,8,31,33.3,91.94,
USW00013958,1960-06-01,1960,6,1,33.9,93.02,
USW00013958,1960-06-02,1960,6,2,35.6,96.08,
USW00013958,1960-06-03,1960,6,3,36.7,98.06,
USW00013958,1960-06-04,1960,6,4,36.7,98.06,
USW00013958,1960-06-05,1960,6,5,36.7,98.06,
USW00013958,1960-06-06,1960,6,6,34.4,93.92,
USW00013958,1960-06-07,1960,6,7,34.4,93.92,
USW00013958,1960-06-08,1960,6,8,33.3,91.94,
USW00013958,1960-06-09,1960,6,9,34.4,93.92,
USW00013958,1960-06-10,1960,6,10,34.4,93.92,
USW00013958,1960-06-11,1960,6,11,33.3,91.94,
USW00013958,1960-06-12,1960,6,12,36.1,96.98,
USW00013958,1960-06-13,1960,6,13,38.3,100.94,
USW00013958,1960-06-14,1960,6,14,38.3,100.94,
USW00013958,1960-06-15,1960,6,15,38.9,102.02,
USW00013958,1960-06-16,1960,6,16,38.3,100.94,
USW00013958,1960-06-17,1960,6,17,35.6,96.08,
USW00013958,1960-06-18,1960,6,18,36.7,98.06,
USW00013958,1960-06-19,1960,6,19,36.7,98.06,
USW00013958,1960-06-20,1960,6,20,37.2,98.96,
USW00013958,1960-06-21,1960,6,21,37.2,98.96,
USW00013958,1960-06-22,1960,6,22,36.1,96.98,
USW00013958,1960-06-23,1960,6,23,33.9,93.02,
USW00013958,1960-06-24,1960,6,24,25.0,77.0,
USW00013958,1960-06-25,1960,6,25,23.9,75.02,
USW00013958,1960-06-26,1960,6,26,30.0,86.0,
USW00013958,1960-06-27,1960,6,27,33.3,91.94,
USW00013958,1960-06-28,1960,6,28,33.3,91.94,
USW00013958,1960-06-29,1960,6,29,33.9,93.02,
USW00013958,1960-06-30,1960,6,30,34.4,93.92,
USW00013958,1960-07-01,1960,7,1,34.4,93.92,
USW00013958,1960-07-02,1960,7,2,33.9,93.02,
USW00013958,1960-07-03,1960,7,3,34.4,93.92,
USW00013958,1960-07-04,1960,7,4,35.0,95.0,
USW00013958,1960-07-05,1960,7,5,35.0,95.0,
USW00013958,1960-07-06,1960,7,6,35.0,95.0,
USW00013958,1960-07-07,1960,7,7,35.0,95.0,
USW00013958,1960-07-08,1960,7,8,34.4,93.92,
USW00013958,1960-07-09,1960,7,9,35.0,95.0,
USW00013958,1960-07-10,1960,7,10,35.0,95.0,
USW00013958,1960-07-11,1960,7,11,35.6,96.08,
USW00013958,1960-07-12,1960,7,12,36.1,96.98,
USW00013958,1960-07-13,1960,7,13,37.8,100.04,
USW00013958,1960-07-14,1960,7,14,36.7,98.06,
USW00013958,1960-07-15,1960,7,15,32.8,91.04,
USW00013958,1960-07-16,1960,7,16,33.9,93.02,
USW00013958,1960-07-17,1960,7,17,29.4,84.92,
USW00013958,1960-07-18,1960,7,18,29.4,84.92,
USW00013958,1960-07-19,1960,7,19,33.3,91.94,
USW00013958,1960-07-20,1960,7,20,31.1,87.98,
USW00013958,1960-07-21,1960,7,21,33.9,93.02,
USW00013958,1960-07-22,1960,7,22,33.9,93.02,
USW00013958,1960-07-23,1960,7,23,34.4,93.92,
USW00013958,1960-07-24,1960,7,24,35.0,95.0,
USW00013958,1960-07-25,1960,7,25,35.0,95.0,
USW00013958,1960-07-26,1960,7,26,36.7,98.06,
USW00013958,1960-07-27,1960,7,27,37.8,100.04,
USW00013958,1960-07-28,1960,7,28,36.1,96.98,
USW00013958,1960-07-29,1960,7,29,39.4,102.92,
USW00013958,1960-07-30,1960,7,30,38.9,102.02,
USW00013958,1960-07-31,1960,7,31,36.7,98.06,
USW00013958,1960-08-01,1960,8,1,35.6,96.08,
USW00013958,1960-08-02,1960,8,2,35.0,95.0,
USW00013958,1960-08-03,1960,8,3,35.6,96.08,
USW00013958,1960-08-04,1960,8,4,35.6,96.08,
USW00013958,1960-08-05,1960,8,5,35.6,96.08,
USW00013958,1960-08-06,1960,8,6,36.1,96.98,
USW00013958,1960-08-07,1960,8,7,36.1,96.98,
USW00013958,1960-08-08,1960,8,8,35.6,96.08,
USW00013958,1960-08-09,1960,8,9,35.0,95.0,
USW00013958,1960-08-10,1960,8,10,33.9,93.02,
USW00013958,1960-08-11,1960,8,11,30.0,86.0,
USW00013958,1960-08-12,1960,8,12,31.7,89.06,
USW00013958,1960-08-13,1960,8,13,29.4,84.92,
USW00013958,1960-08-14,1960,8,14,26.7,80.06,
USW00013958,1960-08-15,1960,8,15,26.1,78.98,
USW00013958,1960-08-16,1960,8,16,32.2,89.96,
USW00013958,1960-08-17,1960,8,17,32.8,91.04,
USW00013958,1960-08-18,1960,8,18,35.0,95.0,
USW00013958,1960-08-19,1960,8,19,34.4,93.92,
USW00013958,1960-08-20,1960,8,20,34.4,93.92,
USW00013958,1960-08-21,1960,8,21,32.8,91.04,
USW00013958,1960-08-22,1960,8,22,34.4,93.92,
USW00013958,1960-08-23,1960,8,23,34.4,93.92,
USW00013958,1960-08-24,1960,8,24,34.4,93.92,
USW00013958,1960-08-25,1960,8,25,35.0,95.0,
USW00013958,1960-08-26,1960,8,26,35.0,95.0,
USW00013958,1960-08-27,1960,8,27,32.8,91.04,
USW00013958,1960-08-28,1960,8,28,28.9,84.02,
USW00013958,1960-08-29,1960,8,29,32.8,91.04,
USW00013958,1960-08-30,1960,8,30,32.8,91.04,
USW00013958,1960-08-31,1960,8,31,32.8,91.04,
USW00013958,1961-06-01,1961,6,1,34.4,93.92,
USW00013958,1961-06-02,1961,6,2,33.9,93.02,
USW00013958,1961-06-03,1961,6,3,34.4,93.92,
USW00013958,1961-06-04,1961,6,4,34.4,93.92,
USW00013958,1961-06-05,1961,6,5,34.4,93.92,
USW00013958,1961-06-06,1961,6,6,34.4,93.92,
USW00013958,1961-06-07,1961,6,7,35.0,95.0,
USW00013958,1961-06-08,1961,6,8,33.9,93.02,
USW00013958,1961-06-09,1961,6,9,31.7,89.06,
USW00013958,1961-06-10,1961,6,10,32.2,89.96,
USW00013958,1961-06-11,1961,6,11,29.4,84.92,
USW00013958,1961-06-12,1961,6,12,33.3,91.94,
USW00013958,1961-06-13,1961,6,13,31.7,89.06,
USW00013958,1961-06-14,1961,6,14,32.8,91.04,
USW00013958,1961-06-15,1961,6,15,29.4,84.92,
USW00013958,1961-06-16,1961,6,16,29.4,84.92,
USW00013958,1961-06-17,1961,6,17,20.0,68.0,
USW00013958,1961-06-18,1961,6,18,21.7,71.06,
USW00013958,1961-06-19,1961,6,19,26.7,80.06,
USW00013958,1961-06-20,1961,6,20,30.0,86.0,
USW00013958,1961-06-21,1961,6,21,31.1,87.98,
USW00013958,1961-06-22,1961,6,22,33.3,91.94,
USW00013958,1961-06-23,1961,6,23,33.3,91.94,
USW00013958,1961-06-24,1961,6,24,32.8,91.04,
USW00013958,1961-06-25,1961,6,25,31.7,89.06,
USW00013958,1961-06-26,1961,6,26,30.6,87.08,
USW00013958,1961-06-27,1961,6,27,33.3,91.94,
USW00013958,1961-06-28,1961,6,28,33.3,91.94,
USW00013958,1961-06-29,1961,6,29,33.3,91.94,
USW00013958,1961-06-30,1961,6,30,32.8,91.04,
USW00013958,1961-07-01,1961,7,1,32.8,91.04,
USW00013958,1961-07-02,1961,7,2,34.4,93.92,
USW00013958,1961-07-03,1961,7,3,32.8,91.04,
USW00013958,1961-07-04,1961,7,4,33.9,93.02,
USW00013958,1961-07-05,1961,7,5,34.4,93.92,
USW00013958,1961-07-06,1961,7,6,33.9,93.02,
USW00013958,1961-07-07,1961,7,7,34.4,93.92,
USW00013958,1961-07-08,1961,7,8,34.4,93.92,
USW00013958,1961-07-09,1961,7,9,30.0,86.0,
USW00013958,1961-07-10,1961,7,10,27.2,80.96,
USW00013958,1961-07-11,1961,7,11,29.4,84.92,
USW00013958,1961-07-12,1961,7,12,33.9,93.02,
USW00013958,1961-07-13,1961,7,13,32.2,89.96,
USW00013958,1961-07-14,1961,7,14,33.3,91.94,
USW00013958,1961-07-15,1961,7,15,32.8,91.04,
USW00013958,1961-07-16,1961,7,16,33.3,91.94,
USW00013958,1961-07-17,1961,7,17,32.2,89.96,
USW00013958,1961-07-18,1961,7,18,33.3,91.94,
USW00013958,1961-07-19,1961,7,19,33.9,93.02,
USW00013958,1961-07-20,1961,7,20,33.9,93.02,
USW00013958,1961-07-21,1961,7,21,33.3,91.94,
USW00013958,1961-07-22,1961,7,22,31.1,87.98,
USW00013958,1961-07-23,1961,7,23,31.1,87.98,
USW00013958,1961-07-24,1961,7,24,30.6,87.08,
USW00013958,1961-07-25,1961,7,25,32.8,91.04,
USW00013958,1961-07-26,1961,7,26,33.3,91.94,
USW00013958,1961-07-27,1961,7,27,33.3,91.94,
USW00013958,1961-07-28,1961,7,28,32.8,91.04,
USW00013958,1961-07-29,1961,7,29,33.3,91.94,
USW00013958,1961-07-30,1961,7,30,33.3,91.94,
USW00013958,1961-07-31,1961,7,31,33.9,93.02,
USW00013958,1961-08-01,1961,8,1,34.4,93.92,
USW00013958,1961-08-02,1961,8,2,34.4,93.92,
USW00013958,1961-08-03,1961,8,3,36.7,98.06,
USW00013958,1961-08-04,1961,8,4,38.3,100.94,
USW00013958,1961-08-05,1961,8,5,33.9,93.02,
USW00013958,1961-08-06,1961,8,6,35.6,96.08,
USW00013958,1961-08-07,1961,8,7,35.6,96.08,
USW00013958,1961-08-08,1961,8,8,33.9,93.02,
USW00013958,1961-08-09,1961,8,9,34.4,93.92,
USW00013958,1961-08-10,1961,8,10,34.4,93.92,
USW00013958,1961-08-11,1961,8,11,33.3,91.94,
USW00013958,1961-08-12,1961,8,12,33.9,93.02,
USW00013958,1961-08-13,1961,8,13,34.4,93.92,
USW00013958,1961-08-14,1961,8,14,33.9,93.02,
USW00013958,1961-08-15,1961,8,15,33.9,93.02,
USW00013958,1961-08-16,1961,8,16,33.9,93.02,
USW00013958,1961-08-17,1961,8,17,32.8,91.04,
USW00013958,1961-08-18,1961,8,18,32.2,89.96,
USW00013958,1961-08-19,1961,8,19,33.3,91.94,
USW00013958,1961-08-20,1961,8,20,33.3,91.94,
USW00013958,1961-08-21,1961,8,21,33.3,91.94,
USW00013958,1961-08-22,1961,8,22,36.7,98.06,
USW00013958,1961-08-23,1961,8,23,30.0,86.0,
USW00013958,1961-08-24,1961,8,24,31.1,87.98,
USW00013958,1961-08-25,1961,8,25,31.1,87.98,
USW00013958,1961-08-26,1961,8,26,32.2,89.96,
USW00013958,1961-08-27,1961,8,27,32.8,91.04,
USW00013958,1961-08-28,1961,8,28,32.8,91.04,
USW00013958,1961-08-29,1961,8,29,28.9,84.02,
USW00013958,1961-08-30,1961,8,30,32.2,89.96,
USW00013958,1961-08-31,1961,8,31,33.3,91.94,
USW00013958,1962-06-01,1962,6,1,28.9,84.02,
USW00013958,1962-06-02,1962,6,2,27.8,82.04,
USW00013958,1962-06-03,1962,6,3,28.9,84.02,
USW00013958,1962-06-04,1962,6,4,30.6,87.08,
USW00013958,1962-06-05,1962,6,5,32.2,89.96,
USW00013958,1962-06-06,1962,6,6,32.8,91.04,
USW00013958,1962-06-07,1962,6,7,32.8,91.04,
USW00013958,1962-06-08,1962,6,8,32.8,91.04,
USW00013958,1962-06-09,1962,6,9,32.2,89.96,
USW00013958,1962-06-10,1962,6,10,31.7,89.06,
USW00013958,1962-06-11,1962,6,11,32.8,91.04,
USW00013958,1962-06-12,1962,6,12,31.7,89.06,
USW00013958,1962-06-13,1962,6,13,32.8,91.04,
USW00013958,1962-06-14,1962,6,14,32.2,89.96,
USW00013958,1962-06-15,1962,6,15,32.2,89.96,
USW00013958,1962-06-16,1962,6,16,32.8,91.04,
USW00013958,1962-06-17,1962,6,17,34.4,93.92,
USW00013958,1962-06-18,1962,6,18,34.4,93.92,
USW00013958,1962-06-19,1962,6,19,36.7,98.06,
USW00013958,1962-06-20,1962,6,20,33.9,93.02,
USW00013958,1962-06-21,1962,6,21,33.9,93.02,
USW00013958,1962-06-22,1962,6,22,33.3,91.94,
USW00013958,1962-06-23,1962,6,23,35.0,95.0,
USW00013958,1962-06-24,1962,6,24,33.9,93.02,
USW00013958,1962-06-25,1962,6,25,33.9,93.02,
USW00013958,1962-06-26,1962,6,26,33.9,93.02,
USW00013958,1962-06-27,1962,6,27,23.9,75.02,
USW00013958,1962-06-28,1962,6,28,30.6,87.08,
USW00013958,1962-06-29,1962,6,29,31.1,87.98,
USW00013958,1962-06-30,1962,6,30,31.1,87.98,
USW00013958,1962-07-01,1962,7,1,31.1,87.98,
USW00013958,1962-07-02,1962,7,2,33.3,91.94,
USW00013958,1962-07-03,1962,7,3,33.3,91.94,
USW00013958,1962-07-04,1962,7,4,34.4,93.92,
USW00013958,1962-07-05,1962,7,5,34.4,93.92,
USW00013958,1962-07-06,1962,7,6,35.0,95.0,
USW00013958,1962-07-07,1962,7,7,35.0,95.0,
USW00013958,1962-07-08,1962,7,8,35.0,95.0,
USW00013958,1962-07-09,1962,7,9,35.6,96.08,
USW00013958,1962-07-10,1962,7,10,36.1,96.98,
USW00013958,1962-07-11,1962,7,11,37.2,98.96,
USW00013958,1962-07-12,1962,7,12,36.7,98.06,
USW00013958,1962-07-13,1962,7,13,35.6,96.08,
USW00013958,1962-07-14,1962,7,14,36.7,98.06,
USW00013958,1962-07-15,1962,7,15,36.7,98.06,
USW00013958,1962-07-16,1962,7,16,36.7,98.06,
USW00013958,1962-07-17,1962,7,17,36.1,96.98,
USW00013958,1962-07-18,1962,7,18,36.1,96.98,
USW00013958,1962-07-19,1962,7,19,35.0,95.0,
USW00013958,1962-07-20,1962,7,20,36.7,98.06,
USW00013958,1962-07-21,1962,7,21,36.1,96.98,
USW00013958,1962-07-22,1962,7,22,36.7,98.06,
USW00013958,1962-07-23,1962,7,23,37.2,98.96,
USW00013958,1962-07-24,1962,7,24,37.2,98.96,
USW00013958,1962-07-25,1962,7,25,37.8,100.04,
USW00013958,1962-07-26,1962,7,26,37.2,98.96,
USW00013958,1962-07-27,1962,7,27,35.6,96.08,
USW00013958,1962-07-28,1962,7,28,38.3,100.94,
USW00013958,1962-07-29,1962,7,29,37.8,100.04,
USW00013958,1962-07-30,1962,7,30,38.3,100.94,
USW00013958,1962-07-31,1962,7,31,37.8,100.04,
USW00013958,1962-08-01,1962,8,1,37.8,100.04,
USW00013958,1962-08-02,1962,8,2,36.7,98.06,
USW00013958,1962-08-03,1962,8,3,37.8,100.04,
USW00013958,1962-08-04,1962,8,4,38.9,102.02,
USW00013958,1962-08-05,1962,8,5,38.9,102.02,
USW00013958,1962-08-06,1962,8,6,38.3,100.94,
USW00013958,1962-08-07,1962,8,7,38.3,100.94,
USW00013958,1962-08-08,1962,8,8,38.9,102.02,
USW00013958,1962-08-09,1962,8,9,40.6,105.08,
USW00013958,1962-08-10,1962,8,10,40.0,104.0,
USW00013958,1962-08-11,1962,8,11,39.4,102.92,
USW00013958,1962-08-12,1962,8,12,40.6,105.08,
USW00013958,1962-08-13,1962,8,13,38.9,102.02,
USW00013958,1962-08-14,1962,8,14,36.7,98.06,
USW00013958,1962-08-15,1962,8,15,37.2,98.96,
USW00013958,1962-08-16,1962,8,16,37.2,98.96,
USW00013958,1962-08-17,1962,8,17,37.8,100.04,
USW00013958,1962-08-18,1962,8,18,37.8,100.04,
USW00013958,1962-08-19,1962,8,19,36.7,98.06,
USW00013958,1962-08-20,1962,8,20,36.1,96.98,
USW00013958,1962-08-21,1962,8,21,36.1,96.98,
USW00013958,1962-08-22,1962,8,22,36.1,96.98,
USW00013958,1962-08-23,1962,8,23,36.1,96.98,
USW00013958,1962-08-24,1962,8,24,37.2,98.96,
USW00013958,1962-08-25,1962,8,25,31.7,89.06,
USW00013958,1962-08-26,1962,8,26,32.8,91.04,
USW00013958,1962-08-27,1962,8,27,32.8,91.04,
USW00013958,1962-08-28,1962,8,28,34.4,93.92,
USW00013958,1962-08-29,1962,8,29,34.4,93.92,
USW00013958,1962-08-30,1962,8,30,36.7,98.06,
USW00013958,1962-08-31,1962,8,31,36.7,98.06,
USW00013958,1963-06-01,1963,6,1,32.8,91.04,
USW00013958,1963-06-02,1963,6,2,33.3,91.94,
USW00013958,1963-06-03,1963,6,3,33.9,93.02,
USW00013958,1963-06-04,1963,6,4,35.0,95.0,
USW00013958,1963-06-05,1963,6,5,33.9,93.02,
USW00013958,1963-06-06,1963,6,6,35.0,95.0,
USW00013958,1963-06-07,1963,6,7,35.0,95.0,
USW00013958,1963-06-08,1963,6,8,36.1,96.98,
USW00013958,1963-06-09,1963,6,9,35.6,96.08,
USW00013958,1963-06-10,1963,6,10,36.7,98.06,
USW00013958,1963-06-11,1963,6,11,36.1,96.98,
USW00013958,1963-06-12,1963,6,12,32.8,91.04,
USW00013958,1963-06-13,1963,6,13,36.7,98.06,
USW00013958,1963-06-14,1963,6,14,36.7,98.06,
USW00013958,1963-06-15,1963,6,15,37.2,98.96,
USW00013958,1963-06-16,1963,6,16,37.8,100.04,
USW00013958,1963-06-17,1963,6,17,31.1,87.98,
USW00013958,1963-06-18,1963,6,18,32.8,91.04,
USW00013958,1963-06-19,1963,6,19,35.0,95.0,
USW00013958,1963-06-20,1963,6,20,33.3,91.94,
USW00013958,1963-06-21,1963,6,21,34.4,93.92,
USW00013958,1963-06-22,1963,6,22,35.0,95.0,
USW00013958,1963-06-23,1963,6,23,35.6,96.08,
USW00013958,1963-06-24,1963,6,24,31.1,87.98,
USW00013958,1963-06-25,1963,6,25,31.7,89.06,
USW00013958,1963-06-26,1963,6,26,33.3,91.94,
USW00013958,1963-06-27,1963,6,27,34.4,93.92,
USW00013958,1963-06-28,1963,6,28,35.6,96.08,
USW00013958,1963-06-29,1963,6,29,35.6,96.08,
USW00013958,1963-06-30,1963,6,30,32.8,91.04,
USW00013958,1963-07-01,1963,7,1,35.0,95.0,
USW00013958,1963-07-02,1963,7,2,30.0,86.0,
USW00013958,1963-07-03,1963,7,3,32.2,89.96,
USW00013958,1963-07-04,1963,7,4,35.0,95.0,
USW00013958,1963-07-05,1963,7,5,35.6,96.08,
USW00013958,1963-07-06,1963,7,6,35.6,96.08,
USW00013958,1963-07-07,1963,7,7,35.6,96.08,
USW00013958,1963-07-08,1963,7,8,36.1,96.98,
USW00013958,1963-07-09,1963,7,9,37.2,98.96,
USW00013958,1963-07-10,1963,7,10,37.2,98.96,
USW00013958,1963-07-11,1963,7,11,36.1,96.98,
USW00013958,1963-07-12,1963,7,12,37.2,98.96,
USW00013958,1963-07-13,1963,7,13,36.7,98.06,
USW00013958,1963-07-14,1963,7,14,37.8,100.04,
USW00013958,1963-07-15,1963,7,15,37.8,100.04,
USW00013958,1963-07-16,1963,7,16,37.2,98.96,
USW00013958,1963-07-17,1963,7,17,37.2,98.96,
USW00013958,1963-07-18,1963,7,18,37.8,100.04,
USW00013958,1963-07-19,1963,7,19,36.7,98.06,
USW00013958,1963-07-20,1963,7,20,37.2,98.96,
USW00013958,1963-07-21,1963,7,21,38.9,102.02,
USW00013958,1963-07-22,1963,7,22,38.3,100.94,
USW00013958,1963-07-23,1963,7,23,38.3,100.94,
USW00013958,1963-07-24,1963,7,24,39.4,102.92,
USW00013958,1963-07-25,1963,7,25,38.3,100.94,
USW00013958,1963-07-26,1963,7,26,37.2,98.96,
USW00013958,1963-07-27,1963,7,27,37.2,98.96,
USW00013958,1963-07-28,1963,7,28,37.2,98.96,
USW00013958,1963-07-29,1963,7,29,37.8,100.04,
USW00013958,1963-07-30,1963,7,30,38.3,100.94,
USW00013958,1963-07-31,1963,7,31,38.9,102.02,
USW00013958,1963-08-01,1963,8,1,38.3,100.94,
USW00013958,1963-08-02,1963,8,2,37.8,100.04,
USW00013958,1963-08-03,1963,8,3,37.2,98.96,
USW00013958,1963-08-04,1963,8,4,37.2,98.96,
USW00013958,1963-08-05,1963,8,5,37.8,100.04,
USW00013958,1963-08-06,1963,8,6,37.8,100.04,
USW00013958,1963-08-07,1963,8,7,38.9,102.02,
USW00013958,1963-08-08,1963,8,8,38.3,100.94,
USW00013958,1963-08-09,1963,8,9,36.1,96.98,
USW00013958,1963-08-10,1963,8,10,36.1,96.98,
USW00013958,1963-08-11,1963,8,11,37.8,100.04,
USW00013958,1963-08-12,1963,8,12,37.2,98.96,
USW00013958,1963-08-13,1963,8,13,39.4,102.92,
USW00013958,1963-08-14,1963,8,14,36.1,96.98,
USW00013958,1963-08-15,1963,8,15,32.8,91.04,
USW00013958,1963-08-16,1963,8,16,36.1,96.98,
USW00013958,1963-08-17,1963,8,17,37.8,100.04,
USW00013958,1963-08-18,1963,8,18,38.3,100.94,
USW00013958,1963-08-19,1963,8,19,37.8,100.04,
USW00013958,1963-08-20,1963,8,20,34.4,93.92,
USW00013958,1963-08-21,1963,8,21,39.4,102.92,
USW00013958,1963-08-22,1963,8,22,38.3,100.94,
USW00013958,1963-08-23,1963,8,23,37.8,100.04,
USW00013958,1963-08-24,1963,8,24,38.3,100.94,
USW00013958,1963-08-25,1963,8,25,38.9,102.02,
USW00013958,1963-08-26,1963,8,26,38.9,102.02,
USW00013958,1963-08-27,1963,8,27,39.4,102.92,
USW00013958,1963-08-28,1963,8,28,38.9,102.02,
USW00013958,1963-08-29,1963,8,29,37.8,100.04,
USW00013958,1963-08-30,1963,8,30,37.2,98.96,
USW00013958,1963-08-31,1963,8,31,36.7,98.06,
USW00013958,1964-06-01,1964,6,1,26.7,80.06,
USW00013958,1964-06-02,1964,6,2,29.4,84.92,
USW00013958,1964-06-03,1964,6,3,30.6,87.08,
USW00013958,1964-06-04,1964,6,4,30.0,86.0,
USW00013958,1964-06-05,1964,6,5,30.0,86.0,
USW00013958,1964-06-06,1964,6,6,35.0,95.0,
USW00013958,1964-06-07,1964,6,7,34.4,93.92,
USW00013958,1964-06-08,1964,6,8,34.4,93.92,
USW00013958,1964-06-09,1964,6,9,33.9,93.02,
USW00013958,1964-06-10,1964,6,10,35.6,96.08,
USW00013958,1964-06-11,1964,6,11,33.9,93.02,
USW00013958,1964-06-12,1964,6,12,35.6,96.08,
USW00013958,1964-06-13,1964,6,13,35.6,96.08,
USW00013958,1964-06-14,1964,6,14,32.8,91.04,
USW00013958,1964-06-15,1964,6,15,25.6,78.08,
USW00013958,1964-06-16,1964,6,16,26.1,78.98,
USW00013958,1964-06-17,1964,6,17,31.1,87.98,
USW00013958,1964-06-18,1964,6,18,32.8,91.04,
USW00013958,1964-06-19,1964,6,19,33.3,91.94,
USW00013958,1964-06-20,1964,6,20,33.3,91.94,
USW00013958,1964-06-21,1964,6,21,33.9,93.02,
USW00013958,1964-06-22,1964,6,22,33.9,93.02,
USW00013958,1964-06-23,1964,6,23,35.0,95.0,
USW00013958,1964-06-24,1964,6,24,34.4,93.92,
USW00013958,1964-06-25,1964,6,25,32.8,91.04,
USW00013958,1964-06-26,1964,6,26,33.9,93.02,
USW00013958,1964-06-27,1964,6,27,34.4,93.92,
USW00013958,1964-06-28,1964,6,28,35.6,96.08,
USW00013958,1964-06-29,1964,6,29,33.9,93.02,
USW00013958,1964-06-30,1964,6,30,35.0,95.0,
USW00013958,1964-07-01,1964,7,1,35.0,95.0,
USW00013958,1964-07-02,1964,7,2,35.0,95.0,
USW00013958,1964-07-03,1964,7,3,36.1,96.98,
USW00013958,1964-07-04,1964,7,4,35.6,96.08,
USW00013958,1964-07-05,1964,7,5,35.6,96.08,
USW00013958,1964-07-06,1964,7,6,36.1,96.98,
USW00013958,1964-07-07,1964,7,7,36.1,96.98,
USW00013958,1964-07-08,1964,7,8,35.0,95.0,
USW00013958,1964-07-09,1964,7,9,35.6,96.08,
USW00013958,1964-07-10,1964,7,10,36.1,96.98,
USW00013958,1964-07-11,1964,7,11,36.7,98.06,
USW00013958,1964-07-12,1964,7,12,35.6,96.08,
USW00013958,1964-07-13,1964,7,13,33.3,91.94,
USW00013958,1964-07-14,1964,7,14,35.0,95.0,
USW00013958,1964-07-15,1964,7,15,35.6,96.08,
USW00013958,1964-07-16,1964,7,16,35.6,96.08,
USW00013958,1964-07-17,1964,7,17,34.4,93.92,
USW00013958,1964-07-18,1964,7,18,33.9,93.02,
USW00013958,1964-07-19,1964,7,19,31.1,87.98,
USW00013958,1964-07-20,1964,7,20,32.8,91.04,
USW00013958,1964-07-21,1964,7,21,34.4,93.92,
USW00013958,1964-07-22,1964,7,22,35.0,95.0,
USW00013958,1964-07-23,1964,7,23,35.6,96.08,
USW00013958,1964-07-24,1964,7,24,37.8,100.04,
USW00013958,1964-07-25,1964,7,25,39.4,102.92,
USW00013958,1964-07-26,1964,7,26,38.9,102.02,
USW00013958,1964-07-27,1964,7,27,37.2,98.96,
USW00013958,1964-07-28,1964,7,28,36.7,98.06,
USW00013958,1964-07-29,1964,7,29,36.7,98.06,
USW00013958,1964-07-30,1964,7,30,34.4,93.92,
USW00013958,1964-07-31,1964,7,31,36.1,96.98,
USW00013958,1964-08-01,1964,8,1,36.1,96.98,
USW00013958,1964-08-02,1964,8,2,36.7,98.06,
USW00013958,1964-08-03,1964,8,3,36.7,98.06,
USW00013958,1964-08-04,1964,8,4,37.8,100.04,
USW00013958,1964-08-05,1964,8,5,38.9,102.02,
USW00013958,1964-08-06,1964,8,6,38.3,100.94,
USW00013958,1964-08-07,1964,8,7,37.2,98.96,
USW00013958,1964-08-08,1964,8,8,32.2,89.96,
USW00013958,1964-08-09,1964,8,9,35.0,95.0,
USW00013958,1964-08-10,1964,8,10,36.7,98.06,
USW00013958,1964-08-11,1964,8,11,37.2,98.96,
USW00013958,1964-08-12,1964,8,12,37.2,98.96,
USW00013958,1964-08-13,1964,8,13,36.7,98.06,
USW00013958,1964-08-14,1964,8,14,36.7,98.06,
USW00013958,1964-08-15,1964,8,15,36.7,98.06,
USW00013958,1964-08-16,1964,8,16,31.7,89.06,
USW00013958,1964-08-17,1964,8,17,36.1,96.98,
USW00013958,1964-08-18,1964,8,18,36.7,98.06,
USW00013958,1964-08-19,1964,8,19,37.2,98.96,
USW00013958,1964-08-20,1964,8,20,36.1,96.98,
USW00013958,1964-08-21,1964,8,21,37.8,100.04,
USW00013958,1964-08-22,1964,8,22,34.4,93.92,
USW00013958,1964-08-23,1964,8,23,31.1,87.98,
USW00013958,1964-08-24,1964,8,24,32.8,91.04,
USW00013958,1964-08-25,1964,8,25,33.9,93.02,
USW00013958,1964-08-26,1964,8,26,35.0,95.0,
USW00013958,1964-08-27,1964,8,27,35.0,95.0,
USW00013958,1964-08-28,1964,8,28,35.6,96.08,
USW00013958,1964-08-29,1964,8,29,35.6,96.08,
USW00013958,1964-08-30,1964,8,30,35.0,95.0,
USW00013958,1964-08-31,1964,8,31,36.1,96.98,
USW00013958,1965-06-01,1965,6,1,31.1,87.98,
USW00013958,1965-06-02,1965,6,2,31.1,87.98,
USW00013958,1965-06-03,1965,6,3,31.7,89.06,
USW00013958,1965-06-04,1965,6,4,31.7,89.06,
USW00013958,1965-06-05,1965,6,5,24.4,75.92,
USW00013958,1965-06-06,1965,6,6,29.4,84.92,
USW00013958,1965-06-07,1965,6,7,30.0,86.0,
USW00013958,1965-06-08,1965,6,8,31.7,89.06,
USW00013958,1965-06-09,1965,6,9,31.7,89.06,
USW00013958,1965-06-10,1965,6,10,31.7,89.06,
USW00013958,1965-06-11,1965,6,11,32.2,89.96,
USW00013958,1965-06-12,1965,6,12,32.2,89.96,
USW00013958,1965-06-13,1965,6,13,32.2,89.96,
USW00013958,1965-06-14,1965,6,14,34.4,93.92,
USW00013958,1965-06-15,1965,6,15,33.3,91.94,
USW00013958,1965-06-16,1965,6,16,33.3,91.94,
USW00013958,1965-06-17,1965,6,17,33.3,91.94,
USW00013958,1965-06-18,1965,6,18,32.2,89.96,
USW00013958,1965-06-19,1965,6,19,32.8,91.04,
USW00013958,1965-06-20,1965,6,20,32.8,91.04,
USW00013958,1965-06-21,1965,6,21,32.8,91.04,
USW00013958,1965-06-22,1965,6,22,32.2,89.96,
USW00013958,1965-06-23,1965,6,23,32.2,89.96,
USW00013958,1965-06-24,1965,6,24,33.3,91.94,
USW00013958,1965-06-25,1965,6,25,33.3,91.94,
USW00013958,1965-06-26,1965,6,26,32.8,91.04,
USW00013958,1965-06-27,1965,6,27,33.3,91.94,
USW00013958,1965-06-28,1965,6,28,33.3,91.94,
USW00013958,1965-06-29,1965,6,29,33.9,93.02,
USW00013958,1965-06-30,1965,6,30,33.3,91.94,
USW00013958,1965-07-01,1965,7,1,33.3,91.94,
USW00013958,1965-07-02,1965,7,2,33.9,93.02,
USW00013958,1965-07-03,1965,7,3,33.3,91.94,
USW00013958,1965-07-04,1965,7,4,32.8,91.04,
USW00013958,1965-07-05,1965,7,5,34.4,93.92,
USW00013958,1965-07-06,1965,7,6,34.4,93.92,
USW00013958,1965-07-07,1965,7,7,34.4,93.92,
USW00013958,1965-07-08,1965,7,8,34.4,93.92,
USW00013958,1965-07-09,1965,7,9,34.4,93.92,
USW00013958,1965-07-10,1965,7,10,34.4,93.92,
USW00013958,1965-07-11,1965,7,11,34.4,93.92,
USW00013958,1965-07-12,1965,7,12,35.0,95.0,
USW00013958,1965-07-13,1965,7,13,35.6,96.08,
USW00013958,1965-07-14,1965,7,14,36.1,96.98,
USW00013958,1965-07-15,1965,7,15,33.9,93.02,
USW00013958,1965-07-16,1965,7,16,35.6,96.08,
USW00013958,1965-07-17,1965,7,17,35.6,96.08,
USW00013958,1965-07-18,1965,7,18,36.1,96.98,
USW00013958,1965-07-19,1965,7,19,35.6,96.08,
USW00013958,1965-07-20,1965,7,20,35.6,96.08,
USW00013958,1965-07-21,1965,7,21,36.1,96.98,
USW00013958,1965-07-22,1965,7,22,36.7,98.06,
USW00013958,1965-07-23,1965,7,23,36.7,98.06,
USW00013958,1965-07-24,1965,7,24,36.1,96.98,
USW00013958,1965-07-25,1965,7,25,33.9,93.02,
USW00013958,1965-07-26,1965,7,26,36.1,96.98,
USW00013958,1965-07-27,1965,7,27,36.7,98.06,
USW00013958,1965-07-28,1965,7,28,38.3,100.94,
USW00013958,1965-07-29,1965,7,29,33.9,93.02,
USW00013958,1965-07-30,1965,7,30,33.9,93.02,
USW00013958,1965-07-31,1965,7,31,36.1,96.98,
USW00013958,1965-08-01,1965,8,1,35.0,95.0,
USW00013958,1965-08-02,1965,8,2,35.6,96.08,
USW00013958,1965-08-03,1965,8,3,35.6,96.08,
USW00013958,1965-08-04,1965,8,4,35.6,96.08,
USW00013958,1965-08-05,1965,8,5,33.3,91.94,
USW00013958,1965-08-06,1965,8,6,32.8,91.04,
USW00013958,1965-08-07,1965,8,7,35.6,96.08,
USW00013958,1965-08-08,1965,8,8,37.2,98.96,
USW00013958,1965-08-09,1965,8,9,37.2,98.96,
USW00013958,1965-08-10,1965,8,10,35.0,95.0,
USW00013958,1965-08-11,1965,8,11,35.0,95.0,
USW00013958,1965-08-12,1965,8,12,35.0,95.0,
USW00013958,1965-08-13,1965,8,13,33.9,93.02,
USW00013958,1965-08-14,1965,8,14,34.4,93.92,
USW00013958,1965-08-15,1965,8,15,32.8,91.04,
USW00013958,1965-08-16,1965,8,16,35.0,95.0,
USW00013958,1965-08-17,1965,8,17,35.0,95.0,
USW00013958,1965-08-18,1965,8,18,36.1,96.98,
USW00013958,1965-08-19,1965,8,19,36.1,96.98,
USW00013958,1965-08-20,1965,8,20,36.7,98.06,
USW00013958,1965-08-21,1965,8,21,36.1,96.98,
USW00013958,1965-08-22,1965,8,22,36.1,96.98,
USW00013958,1965-08-23,1965,8,23,36.7,98.06,
USW00013958,1965-08-24,1965,8,24,36.1,96.98,
USW00013958,1965-08-25,1965,8,25,34.4,93.92,
USW00013958,1965-08-26,1965,8,26,36.1,96.98,
USW00013958,1965-08-27,1965,8,27,36.1,96.98,
USW00013958,1965-08-28,1965,8,28,36.1,96.98,
USW00013958,1965-08-29,1965,8,29,34.4,93.92,
USW00013958,1965-08-30,1965,8,30,36.1,96.98,
USW00013958,1965-08-31,1965,8,31,36.7,98.06,
USW00013958,1966-06-01,1966,6,1,30.0,86.0,
USW00013958,1966-06-02,1966,6,2,28.9,84.02,
USW00013958,1966-06-03,1966,6,3,30.0,86.0,
USW00013958,1966-06-04,1966,6,4,31.7,89.06,
USW00013958,1966-06-05,1966,6,5,32.2,89.96,
USW00013958,1966-06-06,1966,6,6,32.8,91.04,
USW00013958,1966-06-07,1966,6,7,33.3,91.94,
USW00013958,1966-06-08,1966,6,8,32.8,91.04,
USW00013958,1966-06-09,1966,6,9,33.3,91.94,
USW00013958,1966-06-10,1966,6,10,33.9,93.02,
USW00013958,1966-06-11,1966,6,11,32.8,91.04,
USW00013958,1966-06-12,1966,6,12,33.9,93.02,
USW00013958,1966-06-13,1966,6,13,35.0,95.0,
USW00013958,1966-06-14,1966,6,14,33.3,91.94,
USW00013958,1966-06-15,1966,6,15,33.9,93.02,
USW00013958,1966-06-16,1966,6,16,33.9,93.02,
USW00013958,1966-06-17,1966,6,17,34.4,93.92,
USW00013958,1966-06-18,1966,6,18,28.3,82.94,
USW00013958,1966-06-19,1966,6,19,28.3,82.94,
USW00013958,1966-06-20,1966,6,20,31.7,89.06,
USW00013958,1966-06-21,1966,6,21,31.7,89.06,
USW00013958,1966-06-22,1966,6,22,32.8,91.04,
USW00013958,1966-06-23,1966,6,23,31.7,89.06,
USW00013958,1966-06-24,1966,6,24,31.7,89.06,
USW00013958,1966-06-25,1966,6,25,32.8,91.04,
USW00013958,1966-06-26,1966,6,26,31.1,87.98,
USW00013958,1966-06-27,1966,6,27,33.3,91.94,
USW00013958,1966-06-28,1966,6,28,32.2,89.96,
USW00013958,1966-06-29,1966,6,29,32.2,89.96,
USW00013958,1966-06-30,1966,6,30,34.4,93.92,
USW00013958,1966-07-01,1966,7,1,35.0,95.0,
USW00013958,1966-07-02,1966,7,2,33.9,93.02,
USW00013958,1966-07-03,1966,7,3,33.9,93.02,
USW00013958,1966-07-04,1966,7,4,33.9,93.02,
USW00013958,1966-07-05,1966,7,5,33.9,93.02,
USW00013958,1966-07-06,1966,7,6,29.4,84.92,
USW00013958,1966-07-07,1966,7,7,33.3,91.94,
USW00013958,1966-07-08,1966,7,8,35.0,95.0,
USW00013958,1966-07-09,1966,7,9,34.4,93.92,
USW00013958,1966-07-10,1966,7,10,34.4,93.92,
USW00013958,1966-07-11,1966,7,11,35.0,95.0,
USW00013958,1966-07-12,1966,7,12,34.4,93.92,
USW00013958,1966-07-13,1966,7,13,33.3,91.94,
USW00013958,1966-07-14,1966,7,14,35.6,96.08,
USW00013958,1966-07-15,1966,7,15,36.1,96.98,
USW00013958,1966-07-16,1966,7,16,36.7,98.06,
USW00013958,1966-07-17,1966,7,17,36.1,96.98,
USW00013958,1966-07-18,1966,7,18,35.6,96.08,
USW00013958,1966-07-19,1966,7,19,36.1,96.98,
USW00013958,1966-07-20,1966,7,20,36.1,96.98,
USW00013958,1966-07-21,1966,7,21,37.2,98.96,
USW00013958,1966-07-22,1966,7,22,36.7,98.06,
USW00013958,1966-07-23,1966,7,23,36.1,96.98,
USW00013958,1966-07-24,1966,7,24,36.1,96.98,
USW00013958,1966-07-25,1966,7,25,35.0,95.0,
USW00013958,1966-07-26,1966,7,26,35.6,96.08,
USW00013958,1966-07-27,1966,7,27,36.1,96.98,
USW00013958,1966-07-28,1966,7,28,36.1,96.98,
USW00013958,1966-07-29,1966,7,29,37.2,98.96,
USW00013958,1966-07-30,1966,7,30,37.2,98.96,
USW00013958,1966-07-31,1966,7,31,38.3,100.94,
USW00013958,1966-08-01,1966,8,1,37.2,98.96,
USW00013958,1966-08-02,1966,8,2,36.7,98.06,
USW00013958,1966-08-03,1966,8,3,32.8,91.04,
USW00013958,1966-08-04,1966,8,4,34.4,93.92,
USW00013958,1966-08-05,1966,8,5,35.6,96.08,
USW00013958,1966-08-06,1966,8,6,34.4,93.92,
USW00013958,1966-08-07,1966,8,7,30.6,87.08,
USW00013958,1966-08-08,1966,8,8,35.0,95.0,
USW00013958,1966-08-09,1966,8,9,34.4,93.92,
USW00013958,1966-08-10,1966,8,10,36.1,96.98,
USW00013958,1966-08-11,1966,8,11,31.7,89.06,
USW00013958,1966-08-12,1966,8,12,32.2,89.96,
USW00013958,1966-08-13,1966,8,13,32.2,89.96,
USW00013958,1966-08-14,1966,8,14,32.8,91.04,
USW00013958,1966-08-15,1966,8,15,34.4,93.92,
USW00013958,1966-08-16,1966,8,16,34.4,93.92,
USW00013958,1966-08-17,1966,8,17,35.0,95.0,
USW00013958,1966-08-18,1966,8,18,35.6,96.08,
USW00013958,1966-08-19,1966,8,19,35.0,95.0,
USW00013958,1966-08-20,1966,8,20,34.4,93.92,
USW00013958,1966-08-21,1966,8,21,35.0,95.0,
USW00013958,1966-08-22,1966,8,22,35.0,95.0,
USW00013958,1966-08-23,1966,8,23,35.0,95.0,
USW00013958,1966-08-24,1966,8,24,31.7,89.06,
USW00013958,1966-08-25,1966,8,25,23.9,75.02,
USW00013958,1966-08-26,1966,8,26,24.4,75.92,
USW00013958,1966-08-27,1966,8,27,29.4,84.92,
USW00013958,1966-08-28,1966,8,28,32.2,89.96,
USW00013958,1966-08-29,1966,8,29,33.3,91.94,
USW00013958,1966-08-30,1966,8,30,33.3,91.94,
USW00013958,1966-08-31,1966,8,31,32.2,89.96,
USW00013958,1967-06-01,1967,6,1,33.9,93.02,
USW00013958,1967-06-02,1967,6,2,29.4,84.92,
USW00013958,1967-06-03,1967,6,3,31.1,87.98,
USW00013958,1967-06-04,1967,6,4,31.7,89.06,
USW00013958,1967-06-05,1967,6,5,32.2,89.96,
USW00013958,1967-06-06,1967,6,6,31.1,87.98,
USW00013958,1967-06-07,1967,6,7,31.7,89.06,
USW00013958,1967-06-08,1967,6,8,32.8,91.04,
USW00013958,1967-06-09,1967,6,9,33.9,93.02,
USW00013958,1967-06-10,1967,6,10,34.4,93.92,
USW00013958,1967-06-11,1967,6,11,33.3,91.94,
USW00013958,1967-06-12,1967,6,12,34.4,93.92,
USW00013958,1967-06-13,1967,6,13,35.0,95.0,
USW00013958,1967-06-14,1967,6,14,35.6,96.08,
USW00013958,1967-06-15,1967,6,15,35.0,95.0,
USW00013958,1967-06-16,1967,6,16,35.0,95.0,
USW00013958,1967-06-17,1967,6,17,35.6,96.08,
USW00013958,1967-06-18,1967,6,18,36.1,96.98,
USW00013958,1967-06-19,1967,6,19,36.1,96.98,
USW00013958,1967-06-20,1967,6,20,36.1,96.98,
USW00013958,1967-06-21,1967,6,21,36.1,96.98,
USW00013958,1967-06-22,1967,6,22,36.7,98.06,
USW00013958,1967-06-23,1967,6,23,36.7,98.06,
USW00013958,1967-06-24,1967,6,24,37.2,98.96,
USW00013958,1967-06-25,1967,6,25,36.7,98.06,
USW00013958,1967-06-26,1967,6,26,37.8,100.04,
USW00013958,1967-06-27,1967,6,27,37.8,100.04,
USW00013958,1967-06-28,1967,6,28,37.2,98.96,
USW00013958,1967-06-29,1967,6,29,37.8,100.04,
USW00013958,1967-06-30,1967,6,30,36.7,98.06,
USW00013958,1967-07-01,1967,7,1,36.1,96.98,
USW00013958,1967-07-02,1967,7,2,35.6,96.08,
USW00013958,1967-07-03,1967,7,3,36.7,98.06,
USW00013958,1967-07-04,1967,7,4,36.1,96.98,
USW00013958,1967-07-05,1967,7,5,37.2,98.96,
USW00013958,1967-07-06,1967,7,6,38.3,100.94,
USW00013958,1967-07-07,1967,7,7,38.3,100.94,
USW00013958,1967-07-08,1967,7,8,37.8,100.04,
USW00013958,1967-07-09,1967,7,9,38.3,100.94,
USW00013958,1967-07-10,1967,7,10,38.9,102.02,
USW00013958,1967-07-11,1967,7,11,38.3,100.94,
USW00013958,1967-07-12,1967,7,12,37.8,100.04,
USW00013958,1967-07-13,1967,7,13,35.6,96.08,
USW00013958,1967-07-14,1967,7,14,34.4,93.92,
USW00013958,1967-07-15,1967,7,15,32.8,91.04,
USW00013958,1967-07-16,1967,7,16,33.3,91.94,
USW00013958,1967-07-17,1967,7,17,31.7,89.06,
USW00013958,1967-07-18,1967,7,18,34.4,93.92,
USW00013958,1967-07-19,1967,7,19,35.6,96.08,
USW00013958,1967-07-20,1967,7,20,28.9,84.02,
USW00013958,1967-07-21,1967,7,21,31.1,87.98,
USW00013958,1967-07-22,1967,7,22,32.8,91.04,
USW00013958,1967-07-23,1967,7,23,36.1,96.98,
USW00013958,1967-07-24,1967,7,24,36.7,98.06,
USW00013958,1967-07-25,1967,7,25,37.2,98.96,
USW00013958,1967-07-26,1967,7,26,36.7,98.06,
USW00013958,1967-07-27,1967,7,27,37.2,98.96,
USW00013958,1967-07-28,1967,7,28,37.8,100.04,
USW00013958,1967-07-29,1967,7,29,38.3,100.94,
USW00013958,1967-07-30,1967,7,30,38.9,102.02,
USW00013958,1967-07-31,1967,7,31,38.9,102.02,
USW00013958,1967-08-01,1967,8,1,38.3,100.94,
USW00013958,1967-08-02,1967,8,2,37.2,98.96,
USW00013958,1967-08-03,1967,8,3,38.3,100.94,
USW00013958,1967-08-04,1967,8,4,37.8,100.04,
USW00013958,1967-08-05,1967,8,5,37.8,100.04,
USW00013958,1967-08-06,1967,8,6,37.8,100.04,
USW00013958,1967-08-07,1967,8,7,37.2,98.96,
USW00013958,1967-08-08,1967,8,8,37.8,100.04,
USW00013958,1967-08-09,1967,8,9,38.3,100.94,
USW00013958,1967-08-10,1967,8,10,38.3,100.94,
USW00013958,1967-08-11,1967,8,11,33.3,91.94,
USW00013958,1967-08-12,1967,8,12,31.7,89.06,
USW00013958,1967-08-13,1967,8,13,32.2,89.96,
USW00013958,1967-08-14,1967,8,14,33.9,93.02,
USW00013958,1967-08-15,1967,8,15,33.9,93.02,
USW00013958,1967-08-16,1967,8,16,33.3,91.94,
USW00013958,1967-08-17,1967,8,17,34.4,93.92,
USW00013958,1967-08-18,1967,8,18,28.9,84.02,
USW00013958,1967-08-19,1967,8,19,28.9,84.02,
USW00013958,1967-08-20,1967,8,20,32.8,91.04,
USW00013958,1967-08-21,1967,8,21,33.9,93.02,
USW00013958,1967-08-22,1967,8,22,33.9,93.02,
USW00013958,1967-08-23,1967,8,23,31.7,89.06,
USW00013958,1967-08-24,1967,8,24,31.1,87.98,
USW00013958,1967-08-25,1967,8,25,32.2,89.96,
USW00013958,1967-08-26,1967,8,26,33.3,91.94,
USW00013958,1967-08-27,1967,8,27,32.8,91.04,
USW00013958,1967-08-28,1967,8,28,32.2,89.96,
USW00013958,1967-08-29,1967,8,29,34.4,93.92,
USW00013958,1967-08-30,1967,8,30,36.1,96.98,
USW00013958,1967-08-31,1967,8,31,35.6,96.08,
USW00013958,1968-06-01,1968,6,1,30.6,87.08,
USW00013958,1968-06-02,1968,6,2,27.2,80.96,
USW00013958,1968-06-03,1968,6,3,26.7,80.06,
USW00013958,1968-06-04,1968,6,4,26.1,78.98,
USW00013958,1968-06-05,1968,6,5,29.4,84.92,
USW00013958,1968-06-06,1968,6,6,30.6,87.08,
USW00013958,1968-06-07,1968,6,7,31.1,87.98,
USW00013958,1968-06-08,1968,6,8,32.2,89.96,
USW00013958,1968-06-09,1968,6,9,33.3,91.94,
USW00013958,1968-06-10,1968,6,10,33.9,93.02,
USW00013958,1968-06-11,1968,6,11,34.4,93.92,
USW00013958,1968-06-12,1968,6,12,35.6,96.08,
USW00013958,1968-06-13,1968,6,13,35.0,95.0,
USW00013958,1968-06-14,1968,6,14,35.0,95.0,
USW00013958,1968-06-15,1968,6,15,33.3,91.94,
USW00013958,1968-06-16,1968,6,16,33.9,93.02,
USW00013958,1968-06-17,1968,6,17,32.2,89.96,
USW00013958,1968-06-18,1968,6,18,31.1,87.98,
USW00013958,1968-06-19,1968,6,19,28.9,84.02,
USW00013958,1968-06-20,1968,6,20,27.8,82.04,
USW00013958,1968-06-21,1968,6,21,30.0,86.0,
USW00013958,1968-06-22,1968,6,22,29.4,84.92,
USW00013958,1968-06-23,1968,6,23,25.0,77.0,
USW00013958,1968-06-24,1968,6,24,31.7,89.06,
USW00013958,1968-06-25,1968,6,25,32.8,91.04,
USW00013958,1968-06-26,1968,6,26,28.3,82.94,
USW00013958,1968-06-27,1968,6,27,30.6,87.08,
USW00013958,1968-06-28,1968,6,28,32.8,91.04,
USW00013958,1968-06-29,1968,6,29,32.8,91.04,
USW00013958,1968-06-30,1968,6,30,32.8,91.04,
USW00013958,1968-07-01,1968,7,1,32.8,91.04,
USW00013958,1968-07-02,1968,7,2,33.3,91.94,
USW00013958,1968-07-03,1968,7,3,32.8,91.04,
USW00013958,1968-07-04,1968,7,4,31.7,89.06,
USW00013958,1968-07-05,1968,7,5,31.7,89.06,
USW00013958,1968-07-06,1968,7,6,32.2,89.96,
USW00013958,1968-07-07,1968,7,7,32.8,91.04,
USW00013958,1968-07-08,1968,7,8,32.8,91.04,
USW00013958,1968-07-09,1968,7,9,27.2,80.96,
USW00013958,1968-07-10,1968,7,10,31.7,89.06,
USW00013958,1968-07-11,1968,7,11,31.1,87.98,
USW00013958,1968-07-12,1968,7,12,28.9,84.02,
USW00013958,1968-07-13,1968,7,13,32.2,89.96,
USW00013958,1968-07-14,1968,7,14,32.8,91.04,
USW00013958,1968-07-15,1968,7,15,33.3,91.94,
USW00013958,1968-07-16,1968,7,16,33.9,93.02,
USW00013958,1968-07-17,1968,7,17,33.9,93.02,
USW00013958,1968-07-18,1968,7,18,33.9,93.02,
USW00013958,1968-07-19,1968,7,19,33.9,93.02,
USW00013958,1968-07-20,1968,7,20,35.0,95.0,
USW00013958,1968-07-21,1968,7,21,35.0,95.0,
USW00013958,1968-07-22,1968,7,22,35.0,95.0,
USW00013958,1968-07-23,1968,7,23,34.4,93.92,
USW00013958,1968-07-24,1968,7,24,34.4,93.92,
USW00013958,1968-07-25,1968,7,25,33.3,91.94,
USW00013958,1968-07-26,1968,7,26,34.4,93.92,
USW00013958,1968-07-27,1968,7,27,35.0,95.0,
USW00013958,1968-07-28,1968,7,28,35.0,95.0,
USW00013958,1968-07-29,1968,7,29,35.0,95.0,
USW00013958,1968-07-30,1968,7,30,35.0,95.0,
USW00013958,1968-07-31,1968,7,31,35.6,96.08,
USW00013958,1968-08-01,1968,8,1,35.6,96.08,
USW00013958,1968-08-02,1968,8,2,34.4,93.92,
USW00013958,1968-08-03,1968,8,3,35.0,95.0,
USW00013958,1968-08-04,1968,8,4,34.4,93.92,
USW00013958,1968-08-05,1968,8,5,33.3,91.94,
USW00013958,1968-08-06,1968,8,6,34.4,93.92,
USW00013958,1968-08-07,1968,8,7,35.0,95.0,
USW00013958,1968-08-08,1968,8,8,35.6,96.08,
USW00013958,1968-08-09,1968,8,9,36.7,98.06,
USW00013958,1968-08-10,1968,8,10,36.1,96.98,
USW00013958,1968-08-11,1968,8,11,36.7,98.06,
USW00013958,1968-08-12,1968,8,12,36.7,98.06,
USW00013958,1968-08-13,1968,8,13,35.6,96.08,
USW00013958,1968-08-14,1968,8,14,35.6,96.08,
USW00013958,1968-08-15,1968,8,15,36.1,96.98,
USW00013958,1968-08-16,1968,8,16,36.7,98.06,
USW00013958,1968-08-17,1968,8,17,35.0,95.0,
USW00013958,1968-08-18,1968,8,18,35.6,96.08,
USW00013958,1968-08-19,1968,8,19,36.1,96.98,
USW00013958,1968-08-20,1968,8,20,35.6,96.08,
USW00013958,1968-08-21,1968,8,21,35.6,96.08,
USW00013958,1968-08-22,1968,8,22,36.1,96.98,
USW00013958,1968-08-23,1968,8,23,36.7,98.06,
USW00013958,1968-08-24,1968,8,24,35.0,95.0,
USW00013958,1968-08-25,1968,8,25,35.0,95.0,
USW00013958,1968-08-26,1968,8,26,36.1,96.98,
USW00013958,1968-08-27,1968,8,27,35.0,95.0,
USW00013958,1968-08-28,1968,8,28,34.4,93.92,
USW00013958,1968-08-29,1968,8,29,33.3,91.94,
USW00013958,1968-08-30,1968,8,30,32.8,91.04,
USW00013958,1968-08-31,1968,8,31,29.4,84.92,
USW00013958,1969-06-01,1969,6,1,32.2,89.96,
USW00013958,1969-06-02,1969,6,2,30.0,86.0,
USW00013958,1969-06-03,1969,6,3,21.7,71.06,
USW00013958,1969-06-04,1969,6,4,23.3,73.94,
USW00013958,1969-06-05,1969,6,5,28.3,82.94,
USW00013958,1969-06-06,1969,6,6,29.4,84.92,
USW00013958,1969-06-07,1969,6,7,30.0,86.0,
USW00013958,1969-06-08,1969,6,8,31.7,89.06,
USW00013958,1969-06-09,1969,6,9,32.2,89.96,
USW00013958,1969-06-10,1969,6,10,32.8,91.04,
USW00013958,1969-06-11,1969,6,11,32.8,91.04,
USW00013958,1969-06-12,1969,6,12,33.3,91.94,
USW00013958,1969-06-13,1969,6,13,32.8,91.04,
USW00013958,1969-06-14,1969,6,14,34.4,93.92,
USW00013958,1969-06-15,1969,6,15,31.1,87.98,
USW00013958,1969-06-16,1969,6,16,31.1,87.98,
USW00013958,1969-06-17,1969,6,17,33.3,91.94,
USW00013958,1969-06-18,1969,6,18,34.4,93.92,
USW00013958,1969-06-19,1969,6,19,35.6,96.08,
USW00013958,1969-06-20,1969,6,20,36.1,96.98,
USW00013958,1969-06-21,1969,6,21,36.7,98.06,
USW00013958,1969-06-22,1969,6,22,36.1,96.98,
USW00013958,1969-06-23,1969,6,23,36.1,96.98,
USW00013958,1969-06-24,1969,6,24,33.9,93.02,
USW00013958,1969-06-25,1969,6,25,33.3,91.94,
USW00013958,1969-06-26,1969,6,26,34.4,93.92,
USW00013958,1969-06-27,1969,6,27,35.6,96.08,
USW00013958,1969-06-28,1969,6,28,35.0,95.0,
USW00013958,1969-06-29,1969,6,29,35.0,95.0,
USW00013958,1969-06-30,1969,6,30,35.0,95.0,
USW00013958,1969-07-01,1969,7,1,36.1,96.98,
USW00013958,1969-07-02,1969,7,2,35.6,96.08,
USW00013958,1969-07-03,1969,7,3,35.6,96.08,
USW00013958,1969-07-04,1969,7,4,35.6,96.08,
USW00013958,1969-07-05,1969,7,5,36.1,96.98,
USW00013958,1969-07-06,1969,7,6,36.1,96.98,
USW00013958,1969-07-07,1969,7,7,36.1,96.98,
USW00013958,1969-07-08,1969,7,8,36.7,98.06,
USW00013958,1969-07-09,1969,7,9,36.7,98.06,
USW00013958,1969-07-10,1969,7,10,36.1,96.98,
USW00013958,1969-07-11,1969,7,11,37.2,98.96,
USW00013958,1969-07-12,1969,7,12,34.4,93.92,
USW00013958,1969-07-13,1969,7,13,36.7,98.06,
USW00013958,1969-07-14,1969,7,14,37.2,98.96,
USW00013958,1969-07-15,1969,7,15,38.3,100.94,
USW00013958,1969-07-16,1969,7,16,35.6,96.08,
USW00013958,1969-07-17,1969,7,17,33.3,91.94,
USW00013958,1969-07-18,1969,7,18,35.0,95.0,
USW00013958,1969-07-19,1969,7,19,36.7,98.06,
USW00013958,1969-07-20,1969,7,20,37.2,98.96,
USW00013958,1969-07-21,1969,7,21,35.6,96.08,
USW00013958,1969-07-22,1969,7,22,37.8,100.04,
USW00013958,1969-07-23,1969,7,23,38.3,100.94,
USW00013958,1969-07-24,1969,7,24,38.3,100.94,
USW00013958,1969-07-25,1969,7,25,37.8,100.04,
USW00013958,1969-07-26,1969,7,26,36.7,98.06,
USW00013958,1969-07-27,1969,7,27,34.4,93.92,
USW00013958,1969-07-28,1969,7,28,37.2,98.96,
USW00013958,1969-07-29,1969,7,29,38.9,102.02,
USW00013958,1969-07-30,1969,7,30,38.3,100.94,
USW00013958,1969-07-31,1969,7,31,36.1,96.98,
USW00013958,1969-08-01,1969,8,1,36.1,96.98,
USW00013958,1969-08-02,1969,8,2,36.1,96.98,
USW00013958,1969-08-03,1969,8,3,37.8,100.04,
USW00013958,1969-08-04,1969,8,4,37.2,98.96,
USW00013958,1969-08-05,1969,8,5,34.4,93.92,
USW00013958,1969-08-06,1969,8,6,36.1,96.98,
USW00013958,1969-08-07,1969,8,7,38.3,100.94,
USW00013958,1969-08-08,1969,8,8,37.2,98.96,
USW00013958,1969-08-09,1969,8,9,37.2,98.96,
USW00013958,1969-08-10,1969,8,10,38.9,102.02,
USW00013958,1969-08-11,1969,8,11,40.6,105.08,
USW00013958,1969-08-12,1969,8,12,39.4,102.92,
USW00013958,1969-08-13,1969,8,13,40.0,104.0,
USW00013958,1969-08-14,1969,8,14,40.0,104.0,
USW00013958,1969-08-15,1969,8,15,35.6,96.08,
USW00013958,1969-08-16,1969,8,16,36.7,98.06,
USW00013958,1969-08-17,1969,8,17,37.2,98.96,
USW00013958,1969-08-18,1969,8,18,37.8,100.04,
USW00013958,1969-08-19,1969,8,19,36.7,98.06,
USW00013958,1969-08-20,1969,8,20,34.4,93.92,
USW00013958,1969-08-21,1969,8,21,36.1,96.98,
USW00013958,1969-08-22,1969,8,22,36.7,98.06,
USW00013958,1969-08-23,1969,8,23,35.6,96.08,
USW00013958,1969-08-24,1969,8,24,32.2,89.96,
USW00013958,1969-08-25,1969,8,25,26.7,80.06,
USW00013958,1969-08-26,1969,8,26,28.9,84.02,
USW00013958,1969-08-27,1969,8,27,27.2,80.96,
USW00013958,1969-08-28,1969,8,28,30.6,87.08,
USW00013958,1969-08-29,1969,8,29,31.1,87.98,
USW00013958,1969-08-30,1969,8,30,32.2,89.96,
USW00013958,1969-08-31,1969,8,31,32.2,89.96,
USW00013958,1970-06-01,1970,6,1,27.2,80.96,
USW00013958,1970-06-02,1970,6,2,27.8,82.04,
USW00013958,1970-06-03,1970,6,3,27.8,82.04,
USW00013958,1970-06-04,1970,6,4,27.2,80.96,
USW00013958,1970-06-05,1970,6,5,30.6,87.08,
USW00013958,1970-06-06,1970,6,6,31.7,89.06,
USW00013958,1970-06-07,1970,6,7,32.2,89.96,
USW00013958,1970-06-08,1970,6,8,30.6,87.08,
USW00013958,1970-06-09,1970,6,9,29.4,84.92,
USW00013958,1970-06-10,1970,6,10,30.0,86.0,
USW00013958,1970-06-11,1970,6,11,31.1,87.98,
USW00013958,1970-06-12,1970,6,12,31.7,89.06,
USW00013958,1970-06-13,1970,6,13,33.9,93.02,
USW00013958,1970-06-14,1970,6,14,33.9,93.02,
USW00013958,1970-06-15,1970,6,15,33.9,93.02,
USW00013958,1970-06-16,1970,6,16,33.9,93.02,
USW00013958,1970-06-17,1970,6,17,33.9,93.02,
USW00013958,1970-06-18,1970,6,18,33.3,91.94,
USW00013958,1970-06-19,1970,6,19,33.3,91.94,
USW00013958,1970-06-20,1970,6,20,32.8,91.04,
USW00013958,1970-06-21,1970,6,21,33.9,93.02,
USW00013958,1970-06-22,1970,6,22,33.9,93.02,
USW00013958,1970-06-23,1970,6,23,31.1,87.98,
USW00013958,1970-06-24,1970,6,24,31.1,87.98,
USW00013958,1970-06-25,1970,6,25,34.4,93.92,
USW00013958,1970-06-26,1970,6,26,35.6,96.08,
USW00013958,1970-06-27,1970,6,27,35.0,95.0,
USW00013958,1970-06-28,1970,6,28,33.9,93.02,
USW00013958,1970-06-29,1970,6,29,33.9,93.02,
USW00013958,1970-06-30,1970,6,30,35.0,95.0,
USW00013958,1970-07-01,1970,7,1,34.4,93.92,
USW00013958,1970-07-02,1970,7,2,34.4,93.92,
USW00013958,1970-07-03,1970,7,3,35.6,96.08,
USW00013958,1970-07-04,1970,7,4,38.9,102.02,
USW00013958,1970-07-05,1970,7,5,35.6,96.08,
USW00013958,1970-07-06,1970,7,6,37.2,98.96,
USW00013958,1970-07-07,1970,7,7,36.1,96.98,
USW00013958,1970-07-08,1970,7,8,36.7,98.06,
USW00013958,1970-07-09,1970,7,9,37.2,98.96,
USW00013958,1970-07-10,1970,7,10,37.2,98.96,
USW00013958,1970-07-11,1970,7,11,37.2,98.96,
USW00013958,1970-07-12,1970,7,12,32.2,89.96,
USW00013958,1970-07-13,1970,7,13,33.3,91.94,
USW00013958,1970-07-14,1970,7,14,32.2,89.96,
USW00013958,1970-07-15,1970,7,15,30.0,86.0,
USW00013958,1970-07-16,1970,7,16,32.2,89.96,
USW00013958,1970-07-17,1970,7,17,33.9,93.02,
USW00013958,1970-07-18,1970,7,18,35.6,96.08,
USW00013958,1970-07-19,1970,7,19,36.1,96.98,
USW00013958,1970-07-20,1970,7,20,36.1,96.98,
USW00013958,1970-07-21,1970,7,21,27.8,82.04,
USW00013958,1970-07-22,1970,7,22,30.6,87.08,
USW00013958,1970-07-23,1970,7,23,33.3,91.94,
USW00013958,1970-07-24,1970,7,24,34.4,93.92,
USW00013958,1970-07-25,1970,7,25,33.3,91.94,
USW00013958,1970-07-26,1970,7,26,33.3,91.94,
USW00013958,1970-07-27,1970,7,27,35.0,95.0,
USW00013958,1970-07-28,1970,7,28,34.4,93.92,
USW00013958,1970-07-29,1970,7,29,36.1,96.98,
USW00013958,1970-07-30,1970,7,30,36.1,96.98,
USW00013958,1970-07-31,1970,7,31,36.1,96.98,
USW00013958,1970-08-01,1970,8,1,36.1,96.98,
USW00013958,1970-08-02,1970,8,2,37.2,98.96,
USW00013958,1970-08-03,1970,8,3,35.0,95.0,
USW00013958,1970-08-04,1970,8,4,34.4,93.92,
USW00013958,1970-08-05,1970,8,5,36.1,96.98,
USW00013958,1970-08-06,1970,8,6,36.7,98.06,
USW00013958,1970-08-07,1970,8,7,37.2,98.96,
USW00013958,1970-08-08,1970,8,8,37.8,100.04,
USW00013958,1970-08-09,1970,8,9,37.8,100.04,
USW00013958,1970-08-10,1970,8,10,38.9,102.02,
USW00013958,1970-08-11,1970,8,11,37.8,100.04,
USW00013958,1970-08-12,1970,8,12,37.8,100.04,
USW00013958,1970-08-13,1970,8,13,35.6,96.08,
USW00013958,1970-08-14,1970,8,14,36.7,98.06,
USW00013958,1970-08-15,1970,8,15,33.9,93.02,
USW00013958,1970-08-16,1970,8,16,37.2,98.96,
USW00013958,1970-08-17,1970,8,17,37.2,98.96,
USW00013958,1970-08-18,1970,8,18,37.2,98.96,
USW00013958,1970-08-19,1970,8,19,37.8,100.04,
USW00013958,1970-08-20,1970,8,20,37.2,98.96,
USW00013958,1970-08-21,1970,8,21,37.2,98.96,
USW00013958,1970-08-22,1970,8,22,36.7,98.06,
USW00013958,1970-08-23,1970,8,23,36.1,96.98,
USW00013958,1970-08-24,1970,8,24,35.0,95.0,
USW00013958,1970-08-25,1970,8,25,34.4,93.92,
USW00013958,1970-08-26,1970,8,26,35.0,95.0,
USW00013958,1970-08-27,1970,8,27,35.0,95.0,
USW00013958,1970-08-28,1970,8,28,34.4,93.92,
USW00013958,1970-08-29,1970,8,29,31.7,89.06,
USW00013958,1970-08-30,1970,8,30,34.4,93.92,
USW00013958,1970-08-31,1970,8,31,34.4,93.92,
USW00013958,1971-06-01,1971,6,1,32.8,91.04,
USW00013958,1971-06-02,1971,6,2,35.0,95.0,
USW00013958,1971-06-03,1971,6,3,32.2,89.96,
USW00013958,1971-06-04,1971,6,4,33.3,91.94,
USW00013958,1971-06-05,1971,6,5,33.9,93.02,
USW00013958,1971-06-06,1971,6,6,34.4,93.92,
USW00013958,1971-06-07,1971,6,7,36.1,96.98,
USW00013958,1971-06-08,1971,6,8,35.6,96.08,
USW00013958,1971-06-09,1971,6,9,35.6,96.08,
USW00013958,1971-06-10,1971,6,10,36.1,96.98,
USW00013958,1971-06-11,1971,6,11,36.1,96.98,
USW00013958,1971-06-12,1971,6,12,36.7,98.06,
USW00013958,1971-06-13,1971,6,13,36.7,98.06,
USW00013958,1971-06-14,1971,6,14,35.0,95.0,
USW00013958,1971-06-15,1971,6,15,33.3,91.94,
USW00013958,1971-06-16,1971,6,16,35.0,95.0,
USW00013958,1971-06-17,1971,6,17,36.7,98.06,
USW00013958,1971-06-18,1971,6,18,36.1,96.98,
USW00013958,1971-06-19,1971,6,19,35.0,95.0,
USW00013958,1971-06-20,1971,6,20,32.2,89.96,
USW00013958,1971-06-21,1971,6,21,34.4,93.92,
USW00013958,1971-06-22,1971,6,22,31.7,89.06,
USW00013958,1971-06-23,1971,6,23,35.0,95.0,
USW00013958,1971-06-24,1971,6,24,35.6,96.08,
USW00013958,1971-06-25,1971,6,25,35.0,95.0,
USW00013958,1971-06-26,1971,6,26,32.8,91.04,
USW00013958,1971-06-27,1971,6,27,33.3,91.94,
USW00013958,1971-06-28,1971,6,28,31.7,89.06,
USW00013958,1971-06-29,1971,6,29,33.9,93.02,
USW00013958,1971-06-30,1971,6,30,34.4,93.92,
USW00013958,1971-07-01,1971,7,1,35.0,95.0,
USW00013958,1971-07-02,1971,7,2,36.1,96.98,
USW00013958,1971-07-03,1971,7,3,36.1,96.98,
USW00013958,1971-07-04,1971,7,4,36.7,98.06,
USW00013958,1971-07-05,1971,7,5,36.7,98.06,
USW00013958,1971-07-06,1971,7,6,37.2,98.96,
USW00013958,1971-07-07,1971,7,7,38.3,100.94,
USW00013958,1971-07-08,1971,7,8,32.8,91.04,
USW00013958,1971-07-09,1971,7,9,36.1,96.98,
USW00013958,1971-07-10,1971,7,10,36.7,98.06,
USW00013958,1971-07-11,1971,7,11,35.6,96.08,
USW00013958,1971-07-12,1971,7,12,36.1,96.98,
USW00013958,1971-07-13,1971,7,13,37.2,98.96,
USW00013958,1971-07-14,1971,7,14,37.2,98.96,
USW00013958,1971-07-15,1971,7,15,37.2,98.96,
USW00013958,1971-07-16,1971,7,16,37.2,98.96,
USW00013958,1971-07-17,1971,7,17,37.2,98.96,
USW00013958,1971-07-18,1971,7,18,36.7,98.06,
USW00013958,1971-07-19,1971,7,19,37.2,98.96,
USW00013958,1971-07-20,1971,7,20,38.3,100.94,
USW00013958,1971-07-21,1971,7,21,36.7,98.06,
USW00013958,1971-07-22,1971,7,22,37.2,98.96,
USW00013958,1971-07-23,1971,7,23,37.2,98.96,
USW00013958,1971-07-24,1971,7,24,35.0,95.0,
USW00013958,1971-07-25,1971,7,25,34.4,93.92,
USW00013958,1971-07-26,1971,7,26,37.2,98.96,
USW00013958,1971-07-27,1971,7,27,36.1,96.98,
USW00013958,1971-07-28,1971,7,28,36.1,96.98,
USW00013958,1971-07-29,1971,7,29,37.2,98.96,
USW00013958,1971-07-30,1971,7,30,29.4,84.92,
USW00013958,1971-07-31,1971,7,31,30.6,87.08,
USW00013958,1971-08-01,1971,8,1,30.6,87.08,
USW00013958,1971-08-02,1971,8,2,23.9,75.02,
USW00013958,1971-08-03,1971,8,3,24.4,75.92,
USW00013958,1971-08-04,1971,8,4,28.9,84.02,
USW00013958,1971-08-05,1971,8,5,25.6,78.08,
USW00013958,1971-08-06,1971,8,6,25.0,77.0,
USW00013958,1971-08-07,1971,8,7,31.7,89.06,
USW00013958,1971-08-08,1971,8,8,32.8,91.04,
USW00013958,1971-08-09,1971,8,9,33.3,91.94,
USW00013958,1971-08-10,1971,8,10,33.3,91.94,
USW00013958,1971-08-11,1971,8,11,31.7,89.06,
USW00013958,1971-08-12,1971,8,12,30.0,86.0,
USW00013958,1971-08-13,1971,8,13,30.0,86.0,
USW00013958,1971-08-14,1971,8,14,33.3,91.94,
USW00013958,1971-08-15,1971,8,15,33.3,91.94,
USW00013958,1971-08-16,1971,8,16,33.9,93.02,
USW00013958,1971-08-17,1971,8,17,33.3,91.94,
USW00013958,1971-08-18,1971,8,18,33.9,93.02,
USW00013958,1971-08-19,1971,8,19,32.2,89.96,
USW00013958,1971-08-20,1971,8,20,33.9,93.02,
USW00013958,1971-08-21,1971,8,21,33.9,93.02,
USW00013958,1971-08-22,1971,8,22,34.4,93.92,
USW00013958,1971-08-23,1971,8,23,35.0,95.0,
USW00013958,1971-08-24,1971,8,24,34.4,93.92,
USW00013958,1971-08-25,1971,8,25,35.6,96.08,
USW00013958,1971-08-26,1971,8,26,33.9,93.02,
USW00013958,1971-08-27,1971,8,27,34.4,93.92,
USW00013958,1971-08-28,1971,8,28,36.1,96.98,
USW00013958,1971-08-29,1971,8,29,33.9,93.02,
USW00013958,1971-08-30,1971,8,30,32.8,91.04,
USW00013958,1971-08-31,1971,8,31,32.8,91.04,
USW00013958,1972-06-01,1972,6,1,30.0,86.0,
USW00013958,1972-06-02,1972,6,2,31.1,87.98,
USW00013958,1972-06-03,1972,6,3,31.7,89.06,
USW00013958,1972-06-04,1972,6,4,30.6,87.08,
USW00013958,1972-06-05,1972,6,5,31.7,89.06,
USW00013958,1972-06-06,1972,6,6,32.8,91.04,
USW00013958,1972-06-07,1972,6,7,33.9,93.02,
USW00013958,1972-06-08,1972,6,8,30.6,87.08,
USW00013958,1972-06-09,1972,6,9,27.2,80.96,
USW00013958,1972-06-10,1972,6,10,30.0,86.0,
USW00013958,1972-06-11,1972,6,11,32.2,89.96,
USW00013958,1972-06-12,1972,6,12,32.8,91.04,
USW00013958,1972-06-13,1972,6,13,32.8,91.04,
USW00013958,1972-06-14,1972,6,14,33.9,93.02,
USW00013958,1972-06-15,1972,6,15,32.8,91.04,
USW00013958,1972-06-16,1972,6,16,27.2,80.96,
USW00013958,1972-06-17,1972,6,17,27.8,82.04,
USW00013958,1972-06-18,1972,6,18,32.2,89.96,
USW00013958,1972-06-19,1972,6,19,33.9,93.02,
USW00013958,1972-06-20,1972,6,20,35.0,95.0,
USW00013958,1972-06-21,1972,6,21,35.6,96.08,
USW00013958,1972-06-22,1972,6,22,35.0,95.0,
USW00013958,1972-06-23,1972,6,23,34.4,93.92,
USW00013958,1972-06-24,1972,6,24,35.0,95.0,
USW00013958,1972-06-25,1972,6,25,36.7,98.06,
USW00013958,1972-06-26,1972,6,26,36.7,98.06,
USW00013958,1972-06-27,1972,6,27,35.6,96.08,
USW00013958,1972-06-28,1972,6,28,35.0,95.0,
USW00013958,1972-06-29,1972,6,29,36.1,96.98,
USW00013958,1972-06-30,1972,6,30,35.6,96.08,
USW00013958,1972-07-01,1972,7,1,35.0,95.0,
USW00013958,1972-07-02,1972,7,2,35.0,95.0,
USW00013958,1972-07-03,1972,7,3,34.4,93.92,
USW00013958,1972-07-04,1972,7,4,33.3,91.94,
USW00013958,1972-07-05,1972,7,5,26.7,80.06,
USW00013958,1972-07-06,1972,7,6,29.4,84.92,
USW00013958,1972-07-07,1972,7,7,31.7,89.06,
USW00013958,1972-07-08,1972,7,8,34.4,93.92,
USW00013958,1972-07-09,1972,7,9,33.3,91.94,
USW00013958,1972-07-10,1972,7,10,32.2,89.96,
USW00013958,1972-07-11,1972,7,11,32.2,89.96,
USW00013958,1972-07-12,1972,7,12,33.3,91.94,
USW00013958,1972-07-13,1972,7,13,33.3,91.94,
USW00013958,1972-07-14,1972,7,14,34.4,93.92,
USW00013958,1972-07-15,1972,7,15,33.3,91.94,
USW00013958,1972-07-16,1972,7,16,31.1,87.98,
USW00013958,1972-07-17,1972,7,17,30.6,87.08,
USW00013958,1972-07-18,1972,7,18,31.1,87.98,
USW00013958,1972-07-19,1972,7,19,32.8,91.04,
USW00013958,1972-07-20,1972,7,20,33.9,93.02,
USW00013958,1972-07-21,1972,7,21,31.1,87.98,
USW00013958,1972-07-22,1972,7,22,30.0,86.0,
USW00013958,1972-07-23,1972,7,23,33.3,91.94,
USW00013958,1972-07-24,1972,7,24,33.9,93.02,
USW00013958,1972-07-25,1972,7,25,34.4,93.92,
USW00013958,1972-07-26,1972,7,26,34.4,93.92,
USW00013958,1972-07-27,1972,7,27,35.0,95.0,
USW00013958,1972-07-28,1972,7,28,35.6,96.08,
USW00013958,1972-07-29,1972,7,29,35.0,95.0,
USW00013958,1972-07-30,1972,7,30,37.8,100.04,
USW00013958,1972-07-31,1972,7,31,36.7,98.06,
USW00013958,1972-08-01,1972,8,1,35.0,95.0,
USW00013958,1972-08-02,1972,8,2,30.6,87.08,
USW00013958,1972-08-03,1972,8,3,27.2,80.96,
USW00013958,1972-08-04,1972,8,4,33.3,91.94,
USW00013958,1972-08-05,1972,8,5,33.9,93.02,
USW00013958,1972-08-06,1972,8,6,35.0,95.0,
USW00013958,1972-08-07,1972,8,7,34.4,93.92,
USW00013958,1972-08-08,1972,8,8,32.8,91.04,
USW00013958,1972-08-09,1972,8,9,33.3,91.94,
USW00013958,1972-08-10,1972,8,10,31.7,89.06,
USW00013958,1972-08-11,1972,8,11,31.1,87.98,
USW00013958,1972-08-12,1972,8,12,32.8,91.04,
USW00013958,1972-08-13,1972,8,13,34.4,93.92,
USW00013958,1972-08-14,1972,8,14,34.4,93.92,
USW00013958,1972-08-15,1972,8,15,33.9,93.02,
USW00013958,1972-08-16,1972,8,16,33.9,93.02,
USW00013958,1972-08-17,1972,8,17,34.4,93.92,
USW00013958,1972-08-18,1972,8,18,34.4,93.92,
USW00013958,1972-08-19,1972,8,19,35.0,95.0,
USW00013958,1972-08-20,1972,8,20,35.0,95.0,
USW00013958,1972-08-21,1972,8,21,36.1,96.98,
USW00013958,1972-08-22,1972,8,22,36.1,96.98,
USW00013958,1972-08-23,1972,8,23,34.4,93.92,
USW00013958,1972-08-24,1972,8,24,33.9,93.02,
USW00013958,1972-08-25,1972,8,25,34.4,93.92,
USW00013958,1972-08-26,1972,8,26,34.4,93.92,
USW00013958,1972-08-27,1972,8,27,34.4,93.92,
USW00013958,1972-08-28,1972,8,28,36.1,96.98,
USW00013958,1972-08-29,1972,8,29,35.0,95.0,
USW00013958,1972-08-30,1972,8,30,33.9,93.02,
USW00013958,1972-08-31,1972,8,31,33.9,93.02,
USW00013958,1973-06-01,1973,6,1,30.0,86.0,
USW00013958,1973-06-02,1973,6,2,32.8,91.04,
USW00013958,1973-06-03,1973,6,3,31.7,89.06,
USW00013958,1973-06-04,1973,6,4,32.8,91.04,
USW00013958,1973-06-05,1973,6,5,33.3,91.94,
USW00013958,1973-06-06,1973,6,6,30.0,86.0,
USW00013958,1973-06-07,1973,6,7,30.0,86.0,
USW00013958,1973-06-08,1973,6,8,30.0,86.0,
USW00013958,1973-06-09,1973,6,9,27.8,82.04,
USW00013958,1973-06-10,1973,6,10,31.1,87.98,
USW00013958,1973-06-11,1973,6,11,24.4,75.92,
USW00013958,1973-06-12,1973,6,12,23.9,75.02,
USW00013958,1973-06-13,1973,6,13,28.9,84.02,
USW00013958,1973-06-14,1973,6,14,32.2,89.96,
USW00013958,1973-06-15,1973,6,15,32.8,91.04,
USW00013958,1973-06-16,1973,6,16,32.8,91.04,
USW00013958,1973-06-17,1973,6,17,33.3,91.94,
USW00013958,1973-06-18,1973,6,18,33.3,91.94,
USW00013958,1973-06-19,1973,6,19,33.3,91.94,
USW00013958,1973-06-20,1973,6,20,25.6,78.08,
USW00013958,1973-06-21,1973,6,21,28.3,82.94,
USW00013958,1973-06-22,1973,6,22,31.1,87.98,
USW00013958,1973-06-23,1973,6,23,30.0,86.0,
USW00013958,1973-06-24,1973,6,24,28.9,84.02,
USW00013958,1973-06-25,1973,6,25,22.2,71.96,
USW00013958,1973-06-26,1973,6,26,28.9,84.02,
USW00013958,1973-06-27,1973,6,27,32.2,89.96,
USW00013958,1973-06-28,1973,6,28,32.8,91.04,
USW00013958,1973-06-29,1973,6,29,32.8,91.04,
USW00013958,1973-06-30,1973,6,30,33.3,91.94,
USW00013958,1973-07-01,1973,7,1,33.3,91.94,
USW00013958,1973-07-02,1973,7,2,33.3,91.94,
USW00013958,1973-07-03,1973,7,3,33.3,91.94,
USW00013958,1973-07-04,1973,7,4,33.9,93.02,
USW00013958,1973-07-05,1973,7,5,35.6,96.08,
USW00013958,1973-07-06,1973,7,6,31.7,89.06,
USW00013958,1973-07-07,1973,7,7,32.8,91.04,
USW00013958,1973-07-08,1973,7,8,30.0,86.0,
USW00013958,1973-07-09,1973,7,9,32.2,89.96,
USW00013958,1973-07-10,1973,7,10,32.8,91.04,
USW00013958,1973-07-11,1973,7,11,33.3,91.94,
USW00013958,1973-07-12,1973,7,12,33.3,91.94,
USW00013958,1973-07-13,1973,7,13,32.8,91.04,
USW00013958,1973-07-14,1973,7,14,32.2,89.96,
USW00013958,1973-07-15,1973,7,15,30.6,87.08,
USW00013958,1973-07-16,1973,7,16,31.1,87.98,
USW00013958,1973-07-17,1973,7,17,33.9,93.02,
USW00013958,1973-07-18,1973,7,18,33.9,93.02,
USW00013958,1973-07-19,1973,7,19,33.9,93.02,
USW00013958,1973-07-20,1973,7,20,34.4,93.92,
USW00013958,1973-07-21,1973,7,21,34.4,93.92,
USW00013958,1973-07-22,1973,7,22,34.4,93.92,
USW00013958,1973-07-23,1973,7,23,34.4,93.92,
USW00013958,1973-07-24,1973,7,24,33.9,93.02,
USW00013958,1973-07-25,1973,7,25,35.6,96.08,
USW00013958,1973-07-26,1973,7,26,36.1,96.98,
USW00013958,1973-07-27,1973,7,27,33.9,93.02,
USW00013958,1973-07-28,1973,7,28,35.0,95.0,
USW00013958,1973-07-29,1973,7,29,35.0,95.0,
USW00013958,1973-07-30,1973,7,30,35.6,96.08,
USW00013958,1973-07-31,1973,7,31,28.3,82.94,
USW00013958,1973-08-01,1973,8,1,33.3,91.94,
USW00013958,1973-08-02,1973,8,2,33.9,93.02,
USW00013958,1973-08-03,1973,8,3,33.3,91.94,
USW00013958,1973-08-04,1973,8,4,32.2,89.96,
USW00013958,1973-08-05,1973,8,5,32.2,89.96,
USW00013958,1973-08-06,1973,8,6,34.4,93.92,
USW00013958,1973-08-07,1973,8,7,32.2,89.96,
USW00013958,1973-08-08,1973,8,8,34.4,93.92,
USW00013958,1973-08-09,1973,8,9,35.6,96.08,
USW00013958,1973-08-10,1973,8,10,35.0,95.0,
USW00013958,1973-08-11,1973,8,11,34.4,93.92,
USW00013958,1973-08-12,1973,8,12,32.2,89.96,
USW00013958,1973-08-13,1973,8,13,33.3,91.94,
USW00013958,1973-08-14,1973,8,14,33.9,93.02,
USW00013958,1973-08-15,1973,8,15,33.3,91.94,
USW00013958,1973-08-16,1973,8,16,33.9,93.02,
USW00013958,1973-08-17,1973,8,17,32.8,91.04,
USW00013958,1973-08-18,1973,8,18,31.1,87.98,
USW00013958,1973-08-19,1973,8,19,32.2,89.96,
USW00013958,1973-08-20,1973,8,20,35.6,96.08,
USW00013958,1973-08-21,1973,8,21,37.2,98.96,
USW00013958,1973-08-22,1973,8,22,37.2,98.96,
USW00013958,1973-08-23,1973,8,23,37.2,98.96,
USW00013958,1973-08-24,1973,8,24,34.4,93.92,
USW00013958,1973-08-25,1973,8,25,33.9,93.02,
USW00013958,1973-08-26,1973,8,26,33.9,93.02,
USW00013958,1973-08-27,1973,8,27,33.3,91.94,
USW00013958,1973-08-28,1973,8,28,33.3,91.94,
USW00013958,1973-08-29,1973,8,29,32.8,91.04,
USW00013958,1973-08-30,1973,8,30,33.3,91.94,
USW00013958,1973-08-31,1973,8,31,33.9,93.02,
USW00013958,1974-06-01,1974,6,1,30.0,86.0,
USW00013958,1974-06-02,1974,6,2,31.1,87.98,
USW00013958,1974-06-03,1974,6,3,31.1,87.98,
USW00013958,1974-06-04,1974,6,4,32.8,91.04,
USW00013958,1974-06-05,1974,6,5,33.3,91.94,
USW00013958,1974-06-06,1974,6,6,32.8,91.04,
USW00013958,1974-06-07,1974,6,7,33.3,91.94,
USW00013958,1974-06-08,1974,6,8,33.3,91.94,
USW00013958,1974-06-09,1974,6,9,30.6,87.08,
USW00013958,1974-06-10,1974,6,10,29.4,84.92,
USW00013958,1974-06-11,1974,6,11,32.8,91.04,
USW00013958,1974-06-12,1974,6,12,32.2,89.96,
USW00013958,1974-06-13,1974,6,13,32.8,91.04,
USW00013958,1974-06-14,1974,6,14,33.3,91.94,
USW00013958,1974-06-15,1974,6,15,34.4,93.92,
USW00013958,1974-06-16,1974,6,16,34.4,93.92,
USW00013958,1974-06-17,1974,6,17,35.0,95.0,
USW00013958,1974-06-18,1974,6,18,33.3,91.94,
USW00013958,1974-06-19,1974,6,19,33.9,93.02,
USW00013958,1974-06-20,1974,6,20,33.9,93.02,
USW00013958,1974-06-21,1974,6,21,34.4,93.92,
USW00013958,1974-06-22,1974,6,22,35.0,95.0,
USW00013958,1974-06-23,1974,6,23,36.7,98.06,
USW00013958,1974-06-24,1974,6,24,30.6,87.08,
USW00013958,1974-06-25,1974,6,25,30.0,86.0,
USW00013958,1974-06-26,1974,6,26,30.0,86.0,
USW00013958,1974-06-27,1974,6,27,31.1,87.98,
USW00013958,1974-06-28,1974,6,28,31.7,89.06,
USW00013958,1974-06-29,1974,6,29,32.8,91.04,
USW00013958,1974-06-30,1974,6,30,34.4,93.92,
USW00013958,1974-07-01,1974,7,1,33.9,93.02,
USW00013958,1974-07-02,1974,7,2,35.0,95.0,
USW00013958,1974-07-03,1974,7,3,35.0,95.0,
USW00013958,1974-07-04,1974,7,4,35.0,95.0,
USW00013958,1974-07-05,1974,7,5,35.6,96.08,
USW00013958,1974-07-06,1974,7,6,35.6,96.08,
USW00013958,1974-07-07,1974,7,7,35.0,95.0,
USW00013958,1974-07-08,1974,7,8,34.4,93.92,
USW00013958,1974-07-09,1974,7,9,35.0,95.0,
USW00013958,1974-07-10,1974,7,10,35.6,96.08,
USW00013958,1974-07-11,1974,7,11,32.8,91.04,
USW00013958,1974-07-12,1974,7,12,31.1,87.98,
USW00013958,1974-07-13,1974,7,13,34.4,93.92,
USW00013958,1974-07-14,1974,7,14,36.1,96.98,
USW00013958,1974-07-15,1974,7,15,35.0,95.0,
USW00013958,1974-07-16,1974,7,16,35.0,95.0,
USW00013958,1974-07-17,1974,7,17,32.2,89.96,
USW00013958,1974-07-18,1974,7,18,34.4,93.92,
USW00013958,1974-07-19,1974,7,19,34.4,93.92,
USW00013958,1974-07-20,1974,7,20,36.1,96.98,
USW00013958,1974-07-21,1974,7,21,37.8,100.04,
USW00013958,1974-07-22,1974,7,22,38.9,102.02,
USW00013958,1974-07-23,1974,7,23,37.8,100.04,
USW00013958,1974-07-24,1974,7,24,36.1,96.98,
USW00013958,1974-07-25,1974,7,25,36.7,98.06,
USW00013958,1974-07-26,1974,7,26,37.8,100.04,
USW00013958,1974-07-27,1974,7,27,36.7,98.06,
USW00013958,1974-07-28,1974,7,28,38.3,100.94,
USW00013958,1974-07-29,1974,7,29,38.3,100.94,
USW00013958,1974-07-30,1974,7,30,33.9,93.02,
USW00013958,1974-07-31,1974,7,31,33.9,93.02,
USW00013958,1974-08-01,1974,8,1,35.6,96.08,
USW00013958,1974-08-02,1974,8,2,27.2,80.96,
USW00013958,1974-08-03,1974,8,3,33.3,91.94,
USW00013958,1974-08-04,1974,8,4,28.3,82.94,
USW00013958,1974-08-05,1974,8,5,28.3,82.94,
USW00013958,1974-08-06,1974,8,6,26.7,80.06,
USW00013958,1974-08-07,1974,8,7,26.7,80.06,
USW00013958,1974-08-08,1974,8,8,30.0,86.0,
USW00013958,1974-08-09,1974,8,9,33.3,91.94,
USW00013958,1974-08-10,1974,8,10,33.9,93.02,
USW00013958,1974-08-11,1974,8,11,33.9,93.02,
USW00013958,1974-08-12,1974,8,12,33.9,93.02,
USW00013958,1974-08-13,1974,8,13,34.4,93.92,
USW00013958,1974-08-14,1974,8,14,33.9,93.02,
USW00013958,1974-08-15,1974,8,15,34.4,93.92,
USW00013958,1974-08-16,1974,8,16,34.4,93.92,
USW00013958,1974-08-17,1974,8,17,35.0,95.0,
USW00013958,1974-08-18,1974,8,18,35.0,95.0,
USW00013958,1974-08-19,1974,8,19,35.0,95.0,
USW00013958,1974-08-20,1974,8,20,35.0,95.0,
USW00013958,1974-08-21,1974,8,21,34.4,93.92,
USW00013958,1974-08-22,1974,8,22,33.9,93.02,
USW00013958,1974-08-23,1974,8,23,34.4,93.92,
USW00013958,1974-08-24,1974,8,24,33.9,93.02,
USW00013958,1974-08-25,1974,8,25,31.1,87.98,
USW00013958,1974-08-26,1974,8,26,28.9,84.02,
USW00013958,1974-08-27,1974,8,27,31.7,89.06,
USW00013958,1974-08-28,1974,8,28,33.3,91.94,
USW00013958,1974-08-29,1974,8,29,25.0,77.0,
USW00013958,1974-08-30,1974,8,30,27.8,82.04,
USW00013958,1974-08-31,1974,8,31,32.2,89.96,
USW00013958,1975-06-01,1975,6,1,28.3,82.94,
USW00013958,1975-06-02,1975,6,2,28.9,84.02,
USW00013958,1975-06-03,1975,6,3,30.0,86.0,
USW00013958,1975-06-04,1975,6,4,32.2,89.96,
USW00013958,1975-06-05,1975,6,5,32.8,91.04,
USW00013958,1975-06-06,1975,6,6,32.8,91.04,
USW00013958,1975-06-07,1975,6,7,32.2,89.96,
USW00013958,1975-06-08,1975,6,8,30.6,87.08,
USW00013958,1975-06-09,1975,6,9,32.2,89.96,
USW00013958,1975-06-10,1975,6,10,27.2,80.96,
USW00013958,1975-06-11,1975,6,11,27.2,80.96,
USW00013958,1975-06-12,1975,6,12,30.6,87.08,
USW00013958,1975-06-13,1975,6,13,32.8,91.04,
USW00013958,1975-06-14,1975,6,14,33.3,91.94,
USW00013958,1975-06-15,1975,6,15,32.2,89.96,
USW00013958,1975-06-16,1975,6,16,33.3,91.94,
USW00013958,1975-06-17,1975,6,17,33.3,91.94,
USW00013958,1975-06-18,1975,6,18,32.8,91.04,
USW00013958,1975-06-19,1975,6,19,33.3,91.94,
USW00013958,1975-06-20,1975,6,20,32.8,91.04,
USW00013958,1975-06-21,1975,6,21,30.0,86.0,
USW00013958,1975-06-22,1975,6,22,32.8,91.04,
USW00013958,1975-06-23,1975,6,23,32.8,91.04,
USW00013958,1975-06-24,1975,6,24,31.1,87.98,
USW00013958,1975-06-25,1975,6,25,32.8,91.04,
USW00013958,1975-06-26,1975,6,26,32.2,89.96,
USW00013958,1975-06-27,1975,6,27,29.4,84.92,
USW00013958,1975-06-28,1975,6,28,28.3,82.94,
USW00013958,1975-06-29,1975,6,29,30.0,86.0,
USW00013958,1975-06-30,1975,6,30,31.1,87.98,
USW00013958,1975-07-01,1975,7,1,28.9,84.02,
USW00013958,1975-07-02,1975,7,2,28.3,82.94,
USW00013958,1975-07-03,1975,7,3,31.7,89.06,
USW00013958,1975-07-04,1975,7,4,32.2,89.96,
USW00013958,1975-07-05,1975,7,5,32.2,89.96,
USW00013958,1975-07-06,1975,7,6,34.4,93.92,
USW00013958,1975-07-07,1975,7,7,33.9,93.02,
USW00013958,1975-07-08,1975,7,8,34.4,93.92,
USW00013958,1975-07-09,1975,7,9,35.6,96.08,
USW00013958,1975-07-10,1975,7,10,35.0,95.0,
USW00013958,1975-07-11,1975,7,11,31.7,89.06,
USW00013958,1975-07-12,1975,7,12,29.4,84.92,
USW00013958,1975-07-13,1975,7,13,31.7,89.06,
USW00013958,1975-07-14,1975,7,14,30.6,87.08,
USW00013958,1975-07-15,1975,7,15,29.4,84.92,
USW00013958,1975-07-16,1975,7,16,28.9,84.02,
USW00013958,1975-07-17,1975,7,17,31.1,87.98,
USW00013958,1975-07-18,1975,7,18,32.2,89.96,
USW00013958,1975-07-19,1975,7,19,32.8,91.04,
USW00013958,1975-07-20,1975,7,20,33.3,91.94,
USW00013958,1975-07-21,1975,7,21,33.9,93.02,
USW00013958,1975-07-22,1975,7,22,33.9,93.02,
USW00013958,1975-07-23,1975,7,23,33.3,91.94,
USW00013958,1975-07-24,1975,7,24,33.9,93.02,
USW00013958,1975-07-25,1975,7,25,33.9,93.02,
USW00013958,1975-07-26,1975,7,26,34.4,93.92,
USW00013958,1975-07-27,1975,7,27,34.4,93.92,
USW00013958,1975-07-28,1975,7,28,35.6,96.08,
USW00013958,1975-07-29,1975,7,29,36.7,98.06,
USW00013958,1975-07-30,1975,7,30,35.6,96.08,
USW00013958,1975-07-31,1975,7,31,36.7,98.06,
USW00013958,1975-08-01,1975,8,1,33.3,91.94,
USW00013958,1975-08-02,1975,8,2,28.3,82.94,
USW00013958,1975-08-03,1975,8,3,30.0,86.0,
USW00013958,1975-08-04,1975,8,4,32.8,91.04,
USW00013958,1975-08-05,1975,8,5,31.1,87.98,
USW00013958,1975-08-06,1975,8,6,32.2,89.96,
USW00013958,1975-08-07,1975,8,7,32.8,91.04,
USW00013958,1975-08-08,1975,8,8,32.8,91.04,
USW00013958,1975-08-09,1975,8,9,32.8,91.04,
USW00013958,1975-08-10,1975,8,10,32.8,91.04,
USW00013958,1975-08-11,1975,8,11,32.8,91.04,
USW00013958,1975-08-12,1975,8,12,33.9,93.02,
USW00013958,1975-08-13,1975,8,13,35.0,95.0,
USW00013958,1975-08-14,1975,8,14,33.9,93.02,
USW00013958,1975-08-15,1975,8,15,33.9,93.02,
USW00013958,1975-08-16,1975,8,16,33.9,93.02,
USW00013958,1975-08-17,1975,8,17,34.4,93.92,
USW00013958,1975-08-18,1975,8,18,35.0,95.0,
USW00013958,1975-08-19,1975,8,19,35.0,95.0,
USW00013958,1975-08-20,1975,8,20,35.0,95.0,
USW00013958,1975-08-21,1975,8,21,35.6,96.08,
USW00013958,1975-08-22,1975,8,22,35.0,95.0,
USW00013958,1975-08-23,1975,8,23,34.4,93.92,
USW00013958,1975-08-24,1975,8,24,34.4,93.92,
USW00013958,1975-08-25,1975,8,25,34.4,93.92,
USW00013958,1975-08-26,1975,8,26,32.8,91.04,
USW00013958,1975-08-27,1975,8,27,28.9,84.02,
USW00013958,1975-08-28,1975,8,28,32.2,89.96,
USW00013958,1975-08-29,1975,8,29,32.8,91.04,
USW00013958,1975-08-30,1975,8,30,33.3,91.94,
USW00013958,1975-08-31,1975,8,31,32.2,89.96,
USW00013958,1976-06-01,1976,6,1,27.8,82.04,
USW00013958,1976-06-02,1976,6,2,30.6,87.08,
USW00013958,1976-06-03,1976,6,3,30.6,87.08,
USW00013958,1976-06-04,1976,6,4,30.6,87.08,
USW00013958,1976-06-05,1976,6,5,31.1,87.98,
USW00013958,1976-06-06,1976,6,6,31.1,87.98,
USW00013958,1976-06-07,1976,6,7,28.3,82.94,
USW00013958,1976-06-08,1976,6,8,30.0,86.0,
USW00013958,1976-06-09,1976,6,9,30.6,87.08,
USW00013958,1976-06-10,1976,6,10,30.6,87.08,
USW00013958,1976-06-11,1976,6,11,32.8,91.04,
USW00013958,1976-06-12,1976,6,12,32.8,91.04,
USW00013958,1976-06-13,1976,6,13,31.7,89.06,
USW00013958,1976-06-14,1976,6,14,31.7,89.06,
USW00013958,1976-06-15,1976,6,15,33.3,91.94,
USW00013958,1976-06-16,1976,6,16,32.8,91.04,
USW00013958,1976-06-17,1976,6,17,33.9,93.02,
USW00013958,1976-06-18,1976,6,18,33.9,93.02,
USW00013958,1976-06-19,1976,6,19,31.7,89.06,
USW00013958,1976-06-20,1976,6,20,30.6,87.08,
USW00013958,1976-06-21,1976,6,21,32.2,89.96,
USW00013958,1976-06-22,1976,6,22,33.3,91.94,
USW00013958,1976-06-23,1976,6,23,33.9,93.02,
USW00013958,1976-06-24,1976,6,24,34.4,93.92,
USW00013958,1976-06-25,1976,6,25,30.0,86.0,
USW00013958,1976-06-26,1976,6,26,32.2,89.96,
USW00013958,1976-06-27,1976,6,27,32.2,89.96,
USW00013958,1976-06-28,1976,6,28,32.8,91.04,
USW00013958,1976-06-29,1976,6,29,33.3,91.94,
USW00013958,1976-06-30,1976,6,30,33.9,93.02,
USW00013958,1976-07-01,1976,7,1,32.8,91.04,
USW00013958,1976-07-02,1976,7,2,33.9,93.02,
USW00013958,1976-07-03,1976,7,3,33.9,93.02,
USW00013958,1976-07-04,1976,7,4,26.1,78.98,
USW00013958,1976-07-05,1976,7,5,28.9,84.02,
USW00013958,1976-07-06,1976,7,6,28.9,84.02,
USW00013958,1976-07-07,1976,7,7,30.6,87.08,
USW00013958,1976-07-08,1976,7,8,26.1,78.98,
USW00013958,1976-07-09,1976,7,9,26.1,78.98,
USW00013958,1976-07-10,1976,7,10,27.8,82.04,
USW00013958,1976-07-11,1976,7,11,27.8,82.04,
USW00013958,1976-07-12,1976,7,12,30.6,87.08,
USW00013958,1976-07-13,1976,7,13,30.0,86.0,
USW00013958,1976-07-14,1976,7,14,27.2,80.96,
USW00013958,1976-07-15,1976,7,15,28.9,84.02,
USW00013958,1976-07-16,1976,7,16,31.1,87.98,
USW00013958,1976-07-17,1976,7,17,31.1,87.98,
USW00013958,1976-07-18,1976,7,18,32.2,89.96,
USW00013958,1976-07-19,1976,7,19,32.8,91.04,
USW00013958,1976-07-20,1976,7,20,32.2,89.96,
USW00013958,1976-07-21,1976,7,21,31.1,87.98,
USW00013958,1976-07-22,1976,7,22,32.2,89.96,
USW00013958,1976-07-23,1976,7,23,32.8,91.04,
USW00013958,1976-07-24,1976,7,24,33.3,91.94,
USW00013958,1976-07-25,1976,7,25,33.3,91.94,
USW00013958,1976-07-26,1976,7,26,32.8,91.04,
USW00013958,1976-07-27,1976,7,27,33.3,91.94,
USW00013958,1976-07-28,1976,7,28,33.9,93.02,
USW00013958,1976-07-29,1976,7,29,33.9,93.02,
USW00013958,1976-07-30,1976,7,30,34.4,93.92,
USW00013958,1976-07-31,1976,7,31,33.9,93.02,
USW00013958,1976-08-01,1976,8,1,35.6,96.08,
USW00013958,1976-08-02,1976,8,2,36.1,96.98,
USW00013958,1976-08-03,1976,8,3,33.3,91.94,
USW00013958,1976-08-04,1976,8,4,33.3,91.94,
USW00013958,1976-08-05,1976,8,5,35.0,95.0,
USW00013958,1976-08-06,1976,8,6,35.0,95.0,
USW00013958,1976-08-07,1976,8,7,37.2,98.96,
USW00013958,1976-08-08,1976,8,8,37.8,100.04,
USW00013958,1976-08-09,1976,8,9,37.8,100.04,
USW00013958,1976-08-10,1976,8,10,37.2,98.96,
USW00013958,1976-08-11,1976,8,11,33.9,93.02,
USW00013958,1976-08-12,1976,8,12,34.4,93.92,
USW00013958,1976-08-13,1976,8,13,35.6,96.08,
USW00013958,1976-08-14,1976,8,14,35.6,96.08,
USW00013958,1976-08-15,1976,8,15,35.6,96.08,
USW00013958,1976-08-16,1976,8,16,34.4,93.92,
USW00013958,1976-08-17,1976,8,17,32.8,91.04,
USW00013958,1976-08-18,1976,8,18,35.6,96.08,
USW00013958,1976-08-19,1976,8,19,34.4,93.92,
USW00013958,1976-08-20,1976,8,20,33.3,91.94,
USW00013958,1976-08-21,1976,8,21,33.3,91.94,
USW00013958,1976-08-22,1976,8,22,33.3,91.94,
USW00013958,1976-08-23,1976,8,23,34.4,93.92,
USW00013958,1976-08-24,1976,8,24,34.4,93.92,
USW00013958,1976-08-25,1976,8,25,33.9,93.02,
USW00013958,1976-08-26,1976,8,26,34.4,93.92,
USW00013958,1976-08-27,1976,8,27,35.0,95.0,
USW00013958,1976-08-28,1976,8,28,34.4,93.92,
USW00013958,1976-08-29,1976,8,29,32.2,89.96,
USW00013958,1976-08-30,1976,8,30,30.0,86.0,
USW00013958,1976-08-31,1976,8,31,33.3,91.94,
USW00013958,1977-06-01,1977,6,1,31.7,89.06,
USW00013958,1977-06-02,1977,6,2,34.4,93.92,
USW00013958,1977-06-03,1977,6,3,33.9,93.02,
USW00013958,1977-06-04,1977,6,4,33.9,93.02,
USW00013958,1977-06-05,1977,6,5,34.4,93.92,
USW00013958,1977-06-06,1977,6,6,34.4,93.92,
USW00013958,1977-06-07,1977,6,7,34.4,93.92,
USW00013958,1977-06-08,1977,6,8,33.3,91.94,
USW00013958,1977-06-09,1977,6,9,34.4,93.92,
USW00013958,1977-06-10,1977,6,10,33.9,93.02,
USW00013958,1977-06-11,1977,6,11,32.2,89.96,
USW00013958,1977-06-12,1977,6,12,33.3,91.94,
USW00013958,1977-06-13,1977,6,13,33.9,93.02,
USW00013958,1977-06-14,1977,6,14,33.3,91.94,
USW00013958,1977-06-15,1977,6,15,29.4,84.92,
USW00013958,1977-06-16,1977,6,16,33.3,91.94,
USW00013958,1977-06-17,1977,6,17,33.3,91.94,
USW00013958,1977-06-18,1977,6,18,33.9,93.02,
USW00013958,1977-06-19,1977,6,19,33.9,93.02,
USW00013958,1977-06-20,1977,6,20,33.9,93.02,
USW00013958,1977-06-21,1977,6,21,33.9,93.02,
USW00013958,1977-06-22,1977,6,22,33.3,91.94,
USW00013958,1977-06-23,1977,6,23,31.1,87.98,
USW00013958,1977-06-24,1977,6,24,31.1,87.98,
USW00013958,1977-06-25,1977,6,25,32.8,91.04,
USW00013958,1977-06-26,1977,6,26,33.9,93.02,
USW00013958,1977-06-27,1977,6,27,33.3,91.94,
USW00013958,1977-06-28,1977,6,28,33.3,91.94,
USW00013958,1977-06-29,1977,6,29,34.4,93.92,
USW00013958,1977-06-30,1977,6,30,33.9,93.02,
USW00013958,1977-07-01,1977,7,1,34.4,93.92,
USW00013958,1977-07-02,1977,7,2,33.9,93.02,
USW00013958,1977-07-03,1977,7,3,34.4,93.92,
USW00013958,1977-07-04,1977,7,4,34.4,93.92,
USW00013958,1977-07-05,1977,7,5,34.4,93.92,
USW00013958,1977-07-06,1977,7,6,34.4,93.92,
USW00013958,1977-07-07,1977,7,7,34.4,93.92,
USW00013958,1977-07-08,1977,7,8,35.0,95.0,
USW00013958,1977-07-09,1977,7,9,35.6,96.08,
USW00013958,1977-07-10,1977,7,10,34.4,93.92,
USW00013958,1977-07-11,1977,7,11,34.4,93.92,
USW00013958,1977-07-12,1977,7,12,36.1,96.98,
USW00013958,1977-07-13,1977,7,13,35.6,96.08,
USW00013958,1977-07-14,1977,7,14,35.0,95.0,
USW00013958,1977-07-15,1977,7,15,35.6,96.08,
USW00013958,1977-07-16,1977,7,16,35.6,96.08,
USW00013958,1977-07-17,1977,7,17,34.4,93.92,
USW00013958,1977-07-18,1977,7,18,35.0,95.0,
USW00013958,1977-07-19,1977,7,19,35.6,96.08,
USW00013958,1977-07-20,1977,7,20,35.0,95.0,
USW00013958,1977-07-21,1977,7,21,36.1,96.98,
USW00013958,1977-07-22,1977,7,22,36.1,96.98,
USW00013958,1977-07-23,1977,7,23,37.2,98.96,
USW00013958,1977-07-24,1977,7,24,37.2,98.96,
USW00013958,1977-07-25,1977,7,25,36.1,96.98,
USW00013958,1977-07-26,1977,7,26,36.7,98.06,
USW00013958,1977-07-27,1977,7,27,36.7,98.06,
USW00013958,1977-07-28,1977,7,28,32.2,89.96,
USW00013958,1977-07-29,1977,7,29,35.6,96.08,
USW00013958,1977-07-30,1977,7,30,37.2,98.96,
USW00013958,1977-07-31,1977,7,31,38.3,100.94,
USW00013958,1977-08-01,1977,8,1,36.1,96.98,
USW00013958,1977-08-02,1977,8,2,37.8,100.04,
USW00013958,1977-08-03,1977,8,3,38.3,100.94,
USW00013958,1977-08-04,1977,8,4,36.7,98.06,
USW00013958,1977-08-05,1977,8,5,35.6,96.08,
USW00013958,1977-08-06,1977,8,6,36.7,98.06,
USW00013958,1977-08-07,1977,8,7,36.7,98.06,
USW00013958,1977-08-08,1977,8,8,36.7,98.06,
USW00013958,1977-08-09,1977,8,9,36.7,98.06,
USW00013958,1977-08-10,1977,8,10,36.7,98.06,
USW00013958,1977-08-11,1977,8,11,36.7,98.06,
USW00013958,1977-08-12,1977,8,12,37.2,98.96,
USW00013958,1977-08-13,1977,8,13,37.2,98.96,
USW00013958,1977-08-14,1977,8,14,37.2,98.96,
USW00013958,1977-08-15,1977,8,15,37.2,98.96,
USW00013958,1977-08-16,1977,8,16,37.2,98.96,
USW00013958,1977-08-17,1977,8,17,37.8,100.04,
USW00013958,1977-08-18,1977,8,18,34.4,93.92,
USW00013958,1977-08-19,1977,8,19,37.2,98.96,
USW00013958,1977-08-20,1977,8,20,37.2,98.96,
USW00013958,1977-08-21,1977,8,21,37.2,98.96,
USW00013958,1977-08-22,1977,8,22,36.7,98.06,
USW00013958,1977-08-23,1977,8,23,38.3,100.94,
USW00013958,1977-08-24,1977,8,24,38.3,100.94,
USW00013958,1977-08-25,1977,8,25,36.7,98.06,
USW00013958,1977-08-26,1977,8,26,36.7,98.06,
USW00013958,1977-08-27,1977,8,27,33.9,93.02,
USW00013958,1977-08-28,1977,8,28,31.7,89.06,
USW00013958,1977-08-29,1977,8,29,34.4,93.92,
USW00013958,1977-08-30,1977,8,30,34.4,93.92,
USW00013958,1977-08-31,1977,8,31,35.6,96.08,
USW00013958,1978-06-01,1978,6,1,28.9,84.02,
USW00013958,1978-06-02,1978,6,2,32.2,89.96,
USW00013958,1978-06-03,1978,6,3,28.3,82.94,
USW00013958,1978-06-04,1978,6,4,30.6,87.08,
USW00013958,1978-06-05,1978,6,5,32.2,89.96,
USW00013958,1978-06-06,1978,6,6,33.9,93.02,
USW00013958,1978-06-07,1978,6,7,30.6,87.08,
USW00013958,1978-06-08,1978,6,8,31.7,89.06,
USW00013958,1978-06-09,1978,6,9,30.0,86.0,
USW00013958,1978-06-10,1978,6,10,32.2,89.96,
USW00013958,1978-06-11,1978,6,11,33.3,91.94,
USW00013958,1978-06-12,1978,6,12,33.9,93.02,
USW00013958,1978-06-13,1978,6,13,35.0,95.0,
USW00013958,1978-06-14,1978,6,14,35.0,95.0,
USW00013958,1978-06-15,1978,6,15,33.9,93.02,
USW00013958,1978-06-16,1978,6,16,33.9,93.02,
USW00013958,1978-06-17,1978,6,17,33.9,93.02,
USW00013958,1978-06-18,1978,6,18,35.0,95.0,
USW00013958,1978-06-19,1978,6,19,33.9,93.02,
USW00013958,1978-06-20,1978,6,20,34.4,93.92,
USW00013958,1978-06-21,1978,6,21,33.9,93.02,
USW00013958,1978-06-22,1978,6,22,33.9,93.02,
USW00013958,1978-06-23,1978,6,23,35.6,96.08,
USW00013958,1978-06-24,1978,6,24,35.6,96.08,
USW00013958,1978-06-25,1978,6,25,36.1,96.98,
USW00013958,1978-06-26,1978,6,26,36.1,96.98,
USW00013958,1978-06-27,1978,6,27,36.1,96.98,
USW00013958,1978-06-28,1978,6,28,35.6,96.08,
USW00013958,1978-06-29,1978,6,29,35.6,96.08,
USW00013958,1978-06-30,1978,6,30,35.6,96.08,
USW00013958,1978-07-01,1978,7,1,36.1,96.98,
USW00013958,1978-07-02,1978,7,2,36.7,98.06,
USW00013958,1978-07-03,1978,7,3,36.1,96.98,
USW00013958,1978-07-04,1978,7,4,36.7,98.06,
USW00013958,1978-07-05,1978,7,5,36.7,98.06,
USW00013958,1978-07-06,1978,7,6,37.2,98.96,
USW00013958,1978-07-07,1978,7,7,36.7,98.06,
USW00013958,1978-07-08,1978,7,8,37.8,100.04,
USW00013958,1978-07-09,1978,7,9,37.2,98.96,
USW00013958,1978-07-10,1978,7,10,36.7,98.06,
USW00013958,1978-07-11,1978,7,11,36.7,98.06,
USW00013958,1978-07-12,1978,7,12,37.2,98.96,
USW00013958,1978-07-13,1978,7,13,37.2,98.96,
USW00013958,1978-07-14,1978,7,14,37.8,100.04,
USW00013958,1978-07-15,1978,7,15,39.4,102.92,
USW00013958,1978-07-16,1978,7,16,40.6,105.08,
USW00013958,1978-07-17,1978,7,17,37.8,100.04,
USW00013958,1978-07-18,1978,7,18,37.8,100.04,
USW00013958,1978-07-19,1978,7,19,35.0,95.0,
USW00013958,1978-07-20,1978,7,20,37.2,98.96,
USW00013958,1978-07-21,1978,7,21,37.2,98.96,
USW00013958,1978-07-22,1978,7,22,36.7,98.06,
USW00013958,1978-07-23,1978,7,23,34.4,93.92,
USW00013958,1978-07-24,1978,7,24,34.4,93.92,
USW00013958,1978-07-25,1978,7,25,35.6,96.08,
USW00013958,1978-07-26,1978,7,26,36.1,96.98,
USW00013958,1978-07-27,1978,7,27,36.7,98.06,
USW00013958,1978-07-28,1978,7,28,33.9,93.02,
USW00013958,1978-07-29,1978,7,29,35.0,95.0,
USW00013958,1978-07-30,1978,7,30,35.6,96.08,
USW00013958,1978-07-31,1978,7,31,24.4,75.92,
USW00013958,1978-08-01,1978,8,1,26.7,80.06,
USW00013958,1978-08-02,1978,8,2,31.7,89.06,
USW00013958,1978-08-03,1978,8,3,33.3,91.94,
USW00013958,1978-08-04,1978,8,4,32.8,91.04,
USW00013958,1978-08-05,1978,8,5,33.3,91.94,
USW00013958,1978-08-06,1978,8,6,32.8,91.04,
USW00013958,1978-08-07,1978,8,7,34.4,93.92,
USW00013958,1978-08-08,1978,8,8,34.4,93.92,
USW00013958,1978-08-09,1978,8,9,35.0,95.0,
USW00013958,1978-08-10,1978,8,10,35.0,95.0,
USW00013958,1978-08-11,1978,8,11,35.0,95.0,
USW00013958,1978-08-12,1978,8,12,36.1,96.98,
USW00013958,1978-08-13,1978,8,13,36.1,96.98,
USW00013958,1978-08-14,1978,8,14,36.1,96.98,
USW00013958,1978-08-15,1978,8,15,36.7,98.06,
USW00013958,1978-08-16,1978,8,16,36.1,96.98,
USW00013958,1978-08-17,1978,8,17,36.7,98.06,
USW00013958,1978-08-18,1978,8,18,37.2,98.96,
USW00013958,1978-08-19,1978,8,19,36.7,98.06,
USW00013958,1978-08-20,1978,8,20,36.7,98.06,
USW00013958,1978-08-21,1978,8,21,36.1,96.98,
USW00013958,1978-08-22,1978,8,22,35.6,96.08,
USW00013958,1978-08-23,1978,8,23,36.1,96.98,
USW00013958,1978-08-24,1978,8,24,36.7,98.06,
USW00013958,1978-08-25,1978,8,25,36.1,96.98,
USW00013958,1978-08-26,1978,8,26,36.1,96.98,
USW00013958,1978-08-27,1978,8,27,36.1,96.98,
USW00013958,1978-08-28,1978,8,28,37.2,98.96,
USW00013958,1978-08-29,1978,8,29,33.9,93.02,
USW00013958,1978-08-30,1978,8,30,31.7,89.06,
USW00013958,1978-08-31,1978,8,31,31.1,87.98,
USW00013958,1979-06-01,1979,6,1,25.0,77.0,
USW00013958,1979-06-02,1979,6,2,26.1,78.98,
USW00013958,1979-06-03,1979,6,3,29.4,84.92,
USW00013958,1979-06-04,1979,6,4,26.7,80.06,
USW00013958,1979-06-05,1979,6,5,28.3,82.94,
USW00013958,1979-06-06,1979,6,6,32.2,89.96,
USW00013958,1979-06-07,1979,6,7,32.8,91.04,
USW00013958,1979-06-08,1979,6,8,32.2,89.96,
USW00013958,1979-06-09,1979,6,9,32.2,89.96,
USW00013958,1979-06-10,1979,6,10,27.8,82.04,
USW00013958,1979-06-11,1979,6,11,27.8,82.04,
USW00013958,1979-06-12,1979,6,12,28.9,84.02,
USW00013958,1979-06-13,1979,6,13,30.6,87.08,
USW00013958,1979-06-14,1979,6,14,31.1,87.98,
USW00013958,1979-06-15,1979,6,15,31.1,87.98,
USW00013958,1979-06-16,1979,6,16,31.1,87.98,
USW00013958,1979-06-17,1979,6,17,31.7,89.06,
USW00013958,1979-06-18,1979,6,18,32.8,91.04,
USW00013958,1979-06-19,1979,6,19,34.4,93.92,
USW00013958,1979-06-20,1979,6,20,34.4,93.92,
USW00013958,1979-06-21,1979,6,21,34.4,93.92,
USW00013958,1979-06-22,1979,6,22,33.3,91.94,
USW00013958,1979-06-23,1979,6,23,33.3,91.94,
USW00013958,1979-06-24,1979,6,24,33.9,93.02,
USW00013958,1979-06-25,1979,6,25,34.4,93.92,
USW00013958,1979-06-26,1979,6,26,32.8,91.04,
USW00013958,1979-06-27,1979,6,27,33.3,91.94,
USW00013958,1979-06-28,1979,6,28,33.9,93.02,
USW00013958,1979-06-29,1979,6,29,36.1,96.98,
USW00013958,1979-06-30,1979,6,30,36.1,96.98,
USW00013958,1979-07-01,1979,7,1,35.0,95.0,
USW00013958,1979-07-02,1979,7,2,35.0,95.0,
USW00013958,1979-07-03,1979,7,3,35.0,95.0,
USW00013958,1979-07-04,1979,7,4,34.4,93.92,
USW00013958,1979-07-05,1979,7,5,30.0,86.0,
USW00013958,1979-07-06,1979,7,6,30.0,86.0,
USW00013958,1979-07-07,1979,7,7,33.9,93.02,
USW00013958,1979-07-08,1979,7,8,33.9,93.02,
USW00013958,1979-07-09,1979,7,9,34.4,93.92,
USW00013958,1979-07-10,1979,7,10,33.9,93.02,
USW00013958,1979-07-11,1979,7,11,34.4,93.92,
USW00013958,1979-07-12,1979,7,12,33.9,93.02,
USW00013958,1979-07-13,1979,7,13,35.0,95.0,
USW00013958,1979-07-14,1979,7,14,34.4,93.92,
USW00013958,1979-07-15,1979,7,15,33.9,93.02,
USW00013958,1979-07-16,1979,7,16,34.4,93.92,
USW00013958,1979-07-17,1979,7,17,35.6,96.08,
USW00013958,1979-07-18,1979,7,18,31.7,89.06,
USW00013958,1979-07-19,1979,7,19,32.8,91.04,
USW00013958,1979-07-20,1979,7,20,30.0,86.0,
USW00013958,1979-07-21,1979,7,21,32.2,89.96,
USW00013958,1979-07-22,1979,7,22,33.3,91.94,
USW00013958,1979-07-23,1979,7,23,34.4,93.92,
USW00013958,1979-07-24,1979,7,24,33.9,93.02,
USW00013958,1979-07-25,1979,7,25,35.0,95.0,
USW00013958,1979-07-26,1979,7,26,33.3,91.94,
USW00013958,1979-07-27,1979,7,27,28.9,84.02,
USW00013958,1979-07-28,1979,7,28,32.2,89.96,
USW00013958,1979-07-29,1979,7,29,33.3,91.94,
USW00013958,1979-07-30,1979,7,30,33.9,93.02,
USW00013958,1979-07-31,1979,7,31,33.3,91.94,
USW00013958,1979-08-01,1979,8,1,33.9,93.02,
USW00013958,1979-08-02,1979,8,2,33.3,91.94,
USW00013958,1979-08-03,1979,8,3,33.3,91.94,
USW00013958,1979-08-04,1979,8,4,34.4,93.92,
USW00013958,1979-08-05,1979,8,5,34.4,93.92,
USW00013958,1979-08-06,1979,8,6,34.4,93.92,
USW00013958,1979-08-07,1979,8,7,34.4,93.92,
USW00013958,1979-08-08,1979,8,8,32.2,89.96,
USW00013958,1979-08-09,1979,8,9,33.9,93.02,
USW00013958,1979-08-10,1979,8,10,35.6,96.08,
USW00013958,1979-08-11,1979,8,11,27.2,80.96,
USW00013958,1979-08-12,1979,8,12,30.6,87.08,
USW00013958,1979-08-13,1979,8,13,33.9,93.02,
USW00013958,1979-08-14,1979,8,14,34.4,93.92,
USW00013958,1979-08-15,1979,8,15,33.3,91.94,
USW00013958,1979-08-16,1979,8,16,33.3,91.94,
USW00013958,1979-08-17,1979,8,17,32.8,91.04,
USW00013958,1979-08-18,1979,8,18,33.9,93.02,
USW00013958,1979-08-19,1979,8,19,33.9,93.02,
USW00013958,1979-08-20,1979,8,20,34.4,93.92,
USW00013958,1979-08-21,1979,8,21,35.0,95.0,
USW00013958,1979-08-22,1979,8,22,35.6,96.08,
USW00013958,1979-08-23,1979,8,23,33.3,91.94,
USW00013958,1979-08-24,1979,8,24,34.4,93.92,
USW00013958,1979-08-25,1979,8,25,32.8,91.04,
USW00013958,1979-08-26,1979,8,26,33.9,93.02,
USW00013958,1979-08-27,1979,8,27,33.9,93.02,
USW00013958,1979-08-28,1979,8,28,33.9,93.02,
USW00013958,1979-08-29,1979,8,29,31.1,87.98,
USW00013958,1979-08-30,1979,8,30,33.3,91.94,
USW00013958,1979-08-31,1979,8,31,34.4,93.92,
USW00013958,1980-06-01,1980,6,1,32.2,89.96,
USW00013958,1980-06-02,1980,6,2,32.8,91.04,
USW00013958,1980-06-03,1980,6,3,33.9,93.02,
USW00013958,1980-06-04,1980,6,4,33.3,91.94,
USW00013958,1980-06-05,1980,6,5,33.9,93.02,
USW00013958,1980-06-06,1980,6,6,34.4,93.92,
USW00013958,1980-06-07,1980,6,7,34.4,93.92,
USW00013958,1980-06-08,1980,6,8,33.3,91.94,
USW00013958,1980-06-09,1980,6,9,26.7,80.06,
USW00013958,1980-06-10,1980,6,10,31.1,87.98,
USW00013958,1980-06-11,1980,6,11,32.2,89.96,
USW00013958,1980-06-12,1980,6,12,33.3,91.94,
USW00013958,1980-06-13,1980,6,13,33.3,91.94,
USW00013958,1980-06-14,1980,6,14,33.9,93.02,
USW00013958,1980-06-15,1980,6,15,34.4,93.92,
USW00013958,1980-06-16,1980,6,16,35.6,96.08,
USW00013958,1980-06-17,1980,6,17,35.0,95.0,
USW00013958,1980-06-18,1980,6,18,35.6,96.08,
USW00013958,1980-06-19,1980,6,19,36.7,98.06,
USW00013958,1980-06-20,1980,6,20,37.2,98.96,
USW00013958,1980-06-21,1980,6,21,33.9,93.02,
USW00013958,1980-06-22,1980,6,22,35.6,96.08,
USW00013958,1980-06-23,1980,6,23,36.7,98.06,
USW00013958,1980-06-24,1980,6,24,37.2,98.96,
USW00013958,1980-06-25,1980,6,25,37.8,100.04,
USW00013958,1980-06-26,1980,6,26,38.9,102.02,
USW00013958,1980-06-27,1980,6,27,40.6,105.08,
USW00013958,1980-06-28,1980,6,28,39.4,102.92,
USW00013958,1980-06-29,1980,6,29,38.3,100.94,
USW00013958,1980-06-30,1980,6,30,38.3,100.94,
USW00013958,1980-07-01,1980,7,1,38.9,102.02,
USW00013958,1980-07-02,1980,7,2,39.4,102.92,
USW00013958,1980-07-03,1980,7,3,37.8,100.04,
USW00013958,1980-07-04,1980,7,4,37.2,98.96,
USW00013958,1980-07-05,1980,7,5,37.2,98.96,
USW00013958,1980-07-06,1980,7,6,36.7,98.06,
USW00013958,1980-07-07,1980,7,7,37.8,100.04,
USW00013958,1980-07-08,1980,7,8,37.2,98.96,
USW00013958,1980-07-09,1980,7,9,36.7,98.06,
USW00013958,1980-07-10,1980,7,10,37.2,98.96,
USW00013958,1980-07-11,1980,7,11,37.8,100.04,
USW00013958,1980-07-12,1980,7,12,37.8,100.04,
USW00013958,1980-07-13,1980,7,13,37.2,98.96,
USW00013958,1980-07-14,1980,7,14,37.8,100.04,
USW00013958,1980-07-15,1980,7,15,38.3,100.94,
USW00013958,1980-07-16,1980,7,16,38.9,102.02,
USW00013958,1980-07-17,1980,7,17,38.9,102.02,
USW00013958,1980-07-18,1980,7,18,38.9,102.02,
USW00013958,1980-07-19,1980,7,19,37.8,100.04,
USW00013958,1980-07-20,1980,7,20,37.2,98.96,
USW00013958,1980-07-21,1980,7,21,37.8,100.04,
USW00013958,1980-07-22,1980,7,22,37.2,98.96,
USW00013958,1980-07-23,1980,7,23,38.9,102.02,
USW00013958,1980-07-24,1980,7,24,37.8,100.04,
USW00013958,1980-07-25,1980,7,25,37.8,100.04,
USW00013958,1980-07-26,1980,7,26,38.3,100.94,
USW00013958,1980-07-27,1980,7,27,37.8,100.04,
USW00013958,1980-07-28,1980,7,28,37.8,100.04,
USW00013958,1980-07-29,1980,7,29,37.2,98.96,
USW00013958,1980-07-30,1980,7,30,37.8,100.04,
USW00013958,1980-07-31,1980,7,31,37.8,100.04,
USW00013958,1980-08-01,1980,8,1,37.2,98.96,
USW00013958,1980-08-02,1980,8,2,38.3,100.94,
USW00013958,1980-08-03,1980,8,3,37.2,98.96,
USW00013958,1980-08-04,1980,8,4,35.6,96.08,
USW00013958,1980-08-05,1980,8,5,35.6,96.08,
USW00013958,1980-08-06,1980,8,6,36.7,98.06,
USW00013958,1980-08-07,1980,8,7,35.6,96.08,
USW00013958,1980-08-08,1980,8,8,37.2,98.96,
USW00013958,1980-08-09,1980,8,9,34.4,93.92,
USW00013958,1980-08-10,1980,8,10,27.8,82.04,
USW00013958,1980-08-11,1980,8,11,34.4,93.92,
USW00013958,1980-08-12,1980,8,12,34.4,93.92,
USW00013958,1980-08-13,1980,8,13,35.0,95.0,
USW00013958,1980-08-14,1980,8,14,35.0,95.0,
USW00013958,1980-08-15,1980,8,15,34.4,93.92,
USW00013958,1980-08-16,1980,8,16,33.9,93.02,
USW00013958,1980-08-17,1980,8,17,32.8,91.04,
USW00013958,1980-08-18,1980,8,18,35.6,96.08,
USW00013958,1980-08-19,1980,8,19,35.6,96.08,
USW00013958,1980-08-20,1980,8,20,35.6,96.08,
USW00013958,1980-08-21,1980,8,21,38.3,100.94,
USW00013958,1980-08-22,1980,8,22,38.9,102.02,
USW00013958,1980-08-23,1980,8,23,38.3,100.94,
USW00013958,1980-08-24,1980,8,24,38.3,100.94,
USW00013958,1980-08-25,1980,8,25,37.2,98.96,
USW00013958,1980-08-26,1980,8,26,36.1,96.98,
USW00013958,1980-08-27,1980,8,27,36.1,96.98,
USW00013958,1980-08-28,1980,8,28,35.6,96.08,
USW00013958,1980-08-29,1980,8,29,36.7,98.06,
USW00013958,1980-08-30,1980,8,30,36.7,98.06,
USW00013958,1980-08-31,1980,8,31,36.1,96.98,
USW00013958,1981-06-01,1981,6,1,31.7,89.06,
USW00013958,1981-06-02,1981,6,2,32.8,91.04,
USW00013958,1981-06-03,1981,6,3,30.0,86.0,
USW00013958,1981-06-04,1981,6,4,30.0,86.0,
USW00013958,1981-06-05,1981,6,5,31.1,87.98,
USW00013958,1981-06-06,1981,6,6,33.9,93.02,
USW00013958,1981-06-07,1981,6,7,35.0,95.0,
USW00013958,1981-06-08,1981,6,8,35.0,95.0,
USW00013958,1981-06-09,1981,6,9,34.4,93.92,
USW00013958,1981-06-10,1981,6,10,35.0,95.0,
USW00013958,1981-06-11,1981,6,11,27.2,80.96,
USW00013958,1981-06-12,1981,6,12,27.2,80.96,
USW00013958,1981-06-13,1981,6,13,27.8,82.04,
USW00013958,1981-06-14,1981,6,14,30.6,87.08,
USW00013958,1981-06-15,1981,6,15,32.2,89.96,
USW00013958,1981-06-16,1981,6,16,25.6,78.08,
USW00013958,1981-06-17,1981,6,17,28.3,82.94,
USW00013958,1981-06-18,1981,6,18,32.2,89.96,
USW00013958,1981-06-19,1981,6,19,33.3,91.94,
USW00013958,1981-06-20,1981,6,20,33.3,91.94,
USW00013958,1981-06-21,1981,6,21,33.9,93.02,
USW00013958,1981-06-22,1981,6,22,33.9,93.02,
USW00013958,1981-06-23,1981,6,23,34.4,93.92,
USW00013958,1981-06-24,1981,6,24,32.2,89.96,
USW00013958,1981-06-25,1981,6,25,32.8,91.04,
USW00013958,1981-06-26,1981,6,26,33.9,93.02,
USW00013958,1981-06-27,1981,6,27,32.8,91.04,
USW00013958,1981-06-28,1981,6,28,33.3,91.94,
USW00013958,1981-06-29,1981,6,29,33.3,91.94,
USW00013958,1981-06-30,1981,6,30,32.8,91.04,
USW00013958,1981-07-01,1981,7,1,33.9,93.02,
USW00013958,1981-07-02,1981,7,2,34.4,93.92,
USW00013958,1981-07-03,1981,7,3,34.4,93.92,
USW00013958,1981-07-04,1981,7,4,30.6,87.08,
USW00013958,1981-07-05,1981,7,5,26.7,80.06,
USW00013958,1981-07-06,1981,7,6,29.4,84.92,
USW00013958,1981-07-07,1981,7,7,29.4,84.92,
USW00013958,1981-07-08,1981,7,8,32.2,89.96,
USW00013958,1981-07-09,1981,7,9,32.8,91.04,
USW00013958,1981-07-10,1981,7,10,34.4,93.92,
USW00013958,1981-07-11,1981,7,11,35.0,95.0,
USW00013958,1981-07-12,1981,7,12,34.4,93.92,
USW00013958,1981-07-13,1981,7,13,35.0,95.0,
USW00013958,1981-07-14,1981,7,14,35.0,95.0,
USW00013958,1981-07-15,1981,7,15,35.0,95.0,
USW00013958,1981-07-16,1981,7,16,35.0,95.0,
USW00013958,1981-07-17,1981,7,17,35.6,96.08,
USW00013958,1981-07-18,1981,7,18,35.6,96.08,
USW00013958,1981-07-19,1981,7,19,35.6,96.08,
USW00013958,1981-07-20,1981,7,20,36.1,96.98,
USW00013958,1981-07-21,1981,7,21,36.7,98.06,
USW00013958,1981-07-22,1981,7,22,36.1,96.98,
USW00013958,1981-07-23,1981,7,23,36.7,98.06,
USW00013958,1981-07-24,1981,7,24,37.2,98.96,
USW00013958,1981-07-25,1981,7,25,36.1,96.98,
USW00013958,1981-07-26,1981,7,26,35.0,95.0,
USW00013958,1981-07-27,1981,7,27,35.0,95.0,
USW00013958,1981-07-28,1981,7,28,35.6,96.08,
USW00013958,1981-07-29,1981,7,29,36.1,96.98,
USW00013958,1981-07-30,1981,7,30,36.7,98.06,
USW00013958,1981-07-31,1981,7,31,36.1,96.98,
USW00013958,1981-08-01,1981,8,1,36.1,96.98,
USW00013958,1981-08-02,1981,8,2,35.6,96.08,
USW00013958,1981-08-03,1981,8,3,36.7,98.06,
USW00013958,1981-08-04,1981,8,4,36.7,98.06,
USW00013958,1981-08-05,1981,8,5,37.2,98.96,
USW00013958,1981-08-06,1981,8,6,36.7,98.06,
USW00013958,1981-08-07,1981,8,7,37.2,98.96,
USW00013958,1981-08-08,1981,8,8,36.1,96.98,
USW00013958,1981-08-09,1981,8,9,36.7,98.06,
USW00013958,1981-08-10,1981,8,10,37.2,98.96,
USW00013958,1981-08-11,1981,8,11,36.7,98.06,
USW00013958,1981-08-12,1981,8,12,36.1,96.98,
USW00013958,1981-08-13,1981,8,13,36.7,98.06,
USW00013958,1981-08-14,1981,8,14,37.2,98.96,
USW00013958,1981-08-15,1981,8,15,37.2,98.96,
USW00013958,1981-08-16,1981,8,16,38.3,100.94,
USW00013958,1981-08-17,1981,8,17,33.3,91.94,
USW00013958,1981-08-18,1981,8,18,33.9,93.02,
USW00013958,1981-08-19,1981,8,19,31.7,89.06,
USW00013958,1981-08-20,1981,8,20,34.4,93.92,
USW00013958,1981-08-21,1981,8,21,34.4,93.92,
USW00013958,1981-08-22,1981,8,22,35.0,95.0,
USW00013958,1981-08-23,1981,8,23,35.6,96.08,
USW00013958,1981-08-24,1981,8,24,36.1,96.98,
USW00013958,1981-08-25,1981,8,25,35.6,96.08,
USW00013958,1981-08-26,1981,8,26,36.1,96.98,
USW00013958,1981-08-27,1981,8,27,36.7,98.06,
USW00013958,1981-08-28,1981,8,28,36.7,98.06,
USW00013958,1981-08-29,1981,8,29,33.3,91.94,
USW00013958,1981-08-30,1981,8,30,26.7,80.06,
USW00013958,1981-08-31,1981,8,31,34.4,93.92,
USW00013958,1982-06-01,1982,6,1,29.4,84.92,
USW00013958,1982-06-02,1982,6,2,32.2,89.96,
USW00013958,1982-06-03,1982,6,3,32.8,91.04,
USW00013958,1982-06-04,1982,6,4,31.7,89.06,
USW00013958,1982-06-05,1982,6,5,32.8,91.04,
USW00013958,1982-06-06,1982,6,6,32.8,91.04,
USW00013958,1982-06-07,1982,6,7,33.9,93.02,
USW00013958,1982-06-08,1982,6,8,32.8,91.04,
USW00013958,1982-06-09,1982,6,9,32.8,91.04,
USW00013958,1982-06-10,1982,6,10,33.9,93.02,
USW00013958,1982-06-11,1982,6,11,33.9,93.02,
USW00013958,1982-06-12,1982,6,12,30.0,86.0,
USW00013958,1982-06-13,1982,6,13,32.2,89.96,
USW00013958,1982-06-14,1982,6,14,32.8,91.04,
USW00013958,1982-06-15,1982,6,15,33.3,91.94,
USW00013958,1982-06-16,1982,6,16,32.2,89.96,
USW00013958,1982-06-17,1982,6,17,33.3,91.94,
USW00013958,1982-06-18,1982,6,18,34.4,93.92,
USW00013958,1982-06-19,1982,6,19,33.3,91.94,
USW00013958,1982-06-20,1982,6,20,33.9,93.02,
USW00013958,1982-06-21,1982,6,21,34.4,93.92,
USW00013958,1982-06-22,1982,6,22,32.2,89.96,
USW00013958,1982-06-23,1982,6,23,33.9,93.02,
USW00013958,1982-06-24,1982,6,24,34.4,93.92,
USW00013958,1982-06-25,1982,6,25,34.4,93.92,
USW00013958,1982-06-26,1982,6,26,36.1,96.98,
USW00013958,1982-06-27,1982,6,27,33.3,91.94,
USW00013958,1982-06-28,1982,6,28,35.0,95.0,
USW00013958,1982-06-29,1982,6,29,33.9,93.02,
USW00013958,1982-06-30,1982,6,30,34.4,93.92,
USW00013958,1982-07-01,1982,7,1,33.9,93.02,
USW00013958,1982-07-02,1982,7,2,35.0,95.0,
USW00013958,1982-07-03,1982,7,3,35.0,95.0,
USW00013958,1982-07-04,1982,7,4,34.4,93.92,
USW00013958,1982-07-05,1982,7,5,35.6,96.08,
USW00013958,1982-07-06,1982,7,6,35.0,95.0,
USW00013958,1982-07-07,1982,7,7,35.0,95.0,
USW00013958,1982-07-08,1982,7,8,35.0,95.0,
USW00013958,1982-07-09,1982,7,9,35.0,95.0,
USW00013958,1982-07-10,1982,7,10,35.0,95.0,
USW00013958,1982-07-11,1982,7,11,36.1,96.98,
USW00013958,1982-07-12,1982,7,12,36.1,96.98,
USW00013958,1982-07-13,1982,7,13,35.0,95.0,
USW00013958,1982-07-14,1982,7,14,35.6,96.08,
USW00013958,1982-07-15,1982,7,15,36.1,96.98,
USW00013958,1982-07-16,1982,7,16,36.7,98.06,
USW00013958,1982-07-17,1982,7,17,36.1,96.98,
USW00013958,1982-07-18,1982,7,18,36.7,98.06,
USW00013958,1982-07-19,1982,7,19,36.7,98.06,
USW00013958,1982-07-20,1982,7,20,37.2,98.96,
USW00013958,1982-07-21,1982,7,21,37.2,98.96,
USW00013958,1982-07-22,1982,7,22,36.7,98.06,
USW00013958,1982-07-23,1982,7,23,36.7,98.06,
USW00013958,1982-07-24,1982,7,24,37.8,100.04,
USW00013958,1982-07-25,1982,7,25,36.1,96.98,
USW00013958,1982-07-26,1982,7,26,37.8,100.04,
USW00013958,1982-07-27,1982,7,27,37.8,100.04,
USW00013958,1982-07-28,1982,7,28,38.3,100.94,
USW00013958,1982-07-29,1982,7,29,37.8,100.04,
USW00013958,1982-07-30,1982,7,30,37.2,98.96,
USW00013958,1982-07-31,1982,7,31,37.8,100.04,
USW00013958,1982-08-01,1982,8,1,37.8,100.04,
USW00013958,1982-08-02,1982,8,2,37.2,98.96,
USW00013958,1982-08-03,1982,8,3,36.7,98.06,
USW00013958,1982-08-04,1982,8,4,37.8,100.04,
USW00013958,1982-08-05,1982,8,5,38.3,100.94,
USW00013958,1982-08-06,1982,8,6,38.9,102.02,
USW00013958,1982-08-07,1982,8,7,35.6,96.08,
USW00013958,1982-08-08,1982,8,8,35.0,95.0,
USW00013958,1982-08-09,1982,8,9,31.7,89.06,
USW00013958,1982-08-10,1982,8,10,34.4,93.92,
USW00013958,1982-08-11,1982,8,11,36.1,96.98,
USW00013958,1982-08-12,1982,8,12,36.1,96.98,
USW00013958,1982-08-13,1982,8,13,36.7,98.06,
USW00013958,1982-08-14,1982,8,14,37.8,100.04,
USW00013958,1982-08-15,1982,8,15,37.8,100.04,
USW00013958,1982-08-16,1982,8,16,38.9,102.02,
USW00013958,1982-08-17,1982,8,17,40.0,104.0,
USW00013958,1982-08-18,1982,8,18,36.7,98.06,
USW00013958,1982-08-19,1982,8,19,36.7,98.06,
USW00013958,1982-08-20,1982,8,20,36.7,98.06,
USW00013958,1982-08-21,1982,8,21,36.7,98.06,
USW00013958,1982-08-22,1982,8,22,36.7,98.06,
USW00013958,1982-08-23,1982,8,23,37.2,98.96,
USW00013958,1982-08-24,1982,8,24,37.8,100.04,
USW00013958,1982-08-25,1982,8,25,36.7,98.06,
USW00013958,1982-08-26,1982,8,26,37.8,100.04,
USW00013958,1982-08-27,1982,8,27,38.9,102.02,
USW00013958,1982-08-28,1982,8,28,37.8,100.04,
USW00013958,1982-08-29,1982,8,29,37.2,98.96,
USW00013958,1982-08-30,1982,8,30,37.8,100.04,
USW00013958,1982-08-31,1982,8,31,37.2,98.96,
USW00013958,1983-06-01,1983,6,1,25.6,78.08,
USW00013958,1983-06-02,1983,6,2,31.7,89.06,
USW00013958,1983-06-03,1983,6,3,32.8,91.04,
USW00013958,1983-06-04,1983,6,4,33.3,91.94,
USW00013958,1983-06-05,1983,6,5,31.1,87.98,
USW00013958,1983-06-06,1983,6,6,25.6,78.08,
USW00013958,1983-06-07,1983,6,7,26.7,80.06,
USW00013958,1983-06-08,1983,6,8,28.9,84.02,
USW00013958,1983-06-09,1983,6,9,30.0,86.0,
USW00013958,1983-06-10,1983,6,10,29.4,84.92,
USW00013958,1983-06-11,1983,6,11,30.0,86.0,
USW00013958,1983-06-12,1983,6,12,31.1,87.98,
USW00013958,1983-06-13,1983,6,13,32.2,89.96,
USW00013958,1983-06-14,1983,6,14,31.1,87.98,
USW00013958,1983-06-15,1983,6,15,26.7,80.06,
USW00013958,1983-06-16,1983,6,16,25.6,78.08,
USW00013958,1983-06-17,1983,6,17,30.6,87.08,
USW00013958,1983-06-18,1983,6,18,30.6,87.08,
USW00013958,1983-06-19,1983,6,19,31.7,89.06,
USW00013958,1983-06-20,1983,6,20,32.2,89.96,
USW00013958,1983-06-21,1983,6,21,32.2,89.96,
USW00013958,1983-06-22,1983,6,22,32.2,89.96,
USW00013958,1983-06-23,1983,6,23,32.2,89.96,
USW00013958,1983-06-24,1983,6,24,32.2,89.96,
USW00013958,1983-06-25,1983,6,25,29.4,84.92,
USW00013958,1983-06-26,1983,6,26,33.3,91.94,
USW00013958,1983-06-27,1983,6,27,33.9,93.02,
USW00013958,1983-06-28,1983,6,28,33.9,93.02,
USW00013958,1983-06-29,1983,6,29,34.4,93.92,
USW00013958,1983-06-30,1983,6,30,34.4,93.92,
USW00013958,1983-07-01,1983,7,1,35.0,95.0,
USW00013958,1983-07-02,1983,7,2,35.0,95.0,
USW00013958,1983-07-03,1983,7,3,35.0,95.0,
USW00013958,1983-07-04,1983,7,4,35.6,96.08,
USW00013958,1983-07-05,1983,7,5,33.3,91.94,
USW00013958,1983-07-06,1983,7,6,32.8,91.04,
USW00013958,1983-07-07,1983,7,7,32.2,89.96,
USW00013958,1983-07-08,1983,7,8,32.8,91.04,
USW00013958,1983-07-09,1983,7,9,33.3,91.94,
USW00013958,1983-07-10,1983,7,10,34.4,93.92,
USW00013958,1983-07-11,1983,7,11,33.3,91.94,
USW00013958,1983-07-12,1983,7,12,31.1,87.98,
USW00013958,1983-07-13,1983,7,13,28.9,84.02,
USW00013958,1983-07-14,1983,7,14,27.8,82.04,
USW00013958,1983-07-15,1983,7,15,26.1,78.98,
USW00013958,1983-07-16,1983,7,16,28.3,82.94,
USW00013958,1983-07-17,1983,7,17,32.8,91.04,
USW00013958,1983-07-18,1983,7,18,31.7,89.06,
USW00013958,1983-07-19,1983,7,19,31.7,89.06,
USW00013958,1983-07-20,1983,7,20,32.8,91.04,
USW00013958,1983-07-21,1983,7,21,33.9,93.02,
USW00013958,1983-07-22,1983,7,22,33.3,91.94,
USW00013958,1983-07-23,1983,7,23,34.4,93.92,
USW00013958,1983-07-24,1983,7,24,34.4,93.92,
USW00013958,1983-07-25,1983,7,25,34.4,93.92,
USW00013958,1983-07-26,1983,7,26,34.4,93.92,
USW00013958,1983-07-27,1983,7,27,35.0,95.0,
USW00013958,1983-07-28,1983,7,28,35.0,95.0,
USW00013958,1983-07-29,1983,7,29,35.0,95.0,
USW00013958,1983-07-30,1983,7,30,35.0,95.0,
USW00013958,1983-07-31,1983,7,31,36.1,96.98,
USW00013958,1983-08-01,1983,8,1,36.1,96.98,
USW00013958,1983-08-02,1983,8,2,36.7,98.06,
USW00013958,1983-08-03,1983,8,3,34.4,93.92,
USW00013958,1983-08-04,1983,8,4,33.9,93.02,
USW00013958,1983-08-05,1983,8,5,34.4,93.92,
USW00013958,1983-08-06,1983,8,6,36.1,96.98,
USW00013958,1983-08-07,1983,8,7,36.1,96.98,
USW00013958,1983-08-08,1983,8,8,28.9,84.02,
USW00013958,1983-08-09,1983,8,9,32.2,89.96,
USW00013958,1983-08-10,1983,8,10,33.9,93.02,
USW00013958,1983-08-11,1983,8,11,34.4,93.92,
USW00013958,1983-08-12,1983,8,12,34.4,93.92,
USW00013958,1983-08-13,1983,8,13,34.4,93.92,
USW00013958,1983-08-14,1983,8,14,34.4,93.92,
USW00013958,1983-08-15,1983,8,15,35.6,96.08,
USW00013958,1983-08-16,1983,8,16,36.1,96.98,
USW00013958,1983-08-17,1983,8,17,35.0,95.0,
USW00013958,1983-08-18,1983,8,18,31.7,89.06,
USW00013958,1983-08-19,1983,8,19,27.8,82.04,
USW00013958,1983-08-20,1983,8,20,34.4,93.92,
USW00013958,1983-08-21,1983,8,21,35.0,95.0,
USW00013958,1983-08-22,1983,8,22,35.0,95.0,
USW00013958,1983-08-23,1983,8,23,36.1,96.98,
USW00013958,1983-08-24,1983,8,24,35.6,96.08,
USW00013958,1983-08-25,1983,8,25,35.0,95.0,
USW00013958,1983-08-26,1983,8,26,35.0,95.0,
USW00013958,1983-08-27,1983,8,27,35.6,96.08,
USW00013958,1983-08-28,1983,8,28,33.9,93.02,
USW00013958,1983-08-29,1983,8,29,35.6,96.08,
USW00013958,1983-08-30,1983,8,30,36.7,98.06,
USW00013958,1983-08-31,1983,8,31,38.3,100.94,
USW00013958,1984-06-01,1984,6,1,31.1,87.98,
USW00013958,1984-06-02,1984,6,2,32.2,89.96,
USW00013958,1984-06-03,1984,6,3,32.8,91.04,
USW00013958,1984-06-04,1984,6,4,31.1,87.98,
USW00013958,1984-06-05,1984,6,5,32.8,91.04,
USW00013958,1984-06-06,1984,6,6,32.2,89.96,
USW00013958,1984-06-07,1984,6,7,32.8,91.04,
USW00013958,1984-06-08,1984,6,8,33.3,91.94,
USW00013958,1984-06-09,1984,6,9,32.8,91.04,
USW00013958,1984-06-10,1984,6,10,33.3,91.94,
USW00013958,1984-06-11,1984,6,11,33.3,91.94,
USW00013958,1984-06-12,1984,6,12,31.7,89.06,
USW00013958,1984-06-13,1984,6,13,33.3,91.94,
USW00013958,1984-06-14,1984,6,14,33.3,91.94,
USW00013958,1984-06-15,1984,6,15,33.9,93.02,
USW00013958,1984-06-16,1984,6,16,33.9,93.02,
USW00013958,1984-06-17,1984,6,17,35.0,95.0,
USW00013958,1984-06-18,1984,6,18,35.0,95.0,
USW00013958,1984-06-19,1984,6,19,32.2,89.96,
USW00013958,1984-06-20,1984,6,20,35.6,96.08,
USW00013958,1984-06-21,1984,6,21,35.6,96.08,
USW00013958,1984-06-22,1984,6,22,36.1,96.98,
USW00013958,1984-06-23,1984,6,23,36.1,96.98,
USW00013958,1984-06-24,1984,6,24,37.8,100.04,
USW00013958,1984-06-25,1984,6,25,38.9,102.02,
USW00013958,1984-06-26,1984,6,26,38.9,102.02,
USW00013958,1984-06-27,1984,6,27,35.6,96.08,
USW00013958,1984-06-28,1984,6,28,31.1,87.98,
USW00013958,1984-06-29,1984,6,29,35.6,96.08,
USW00013958,1984-06-30,1984,6,30,36.7,98.06,
USW00013958,1984-07-01,1984,7,1,36.7,98.06,
USW00013958,1984-07-02,1984,7,2,36.7,98.06,
USW00013958,1984-07-03,1984,7,3,36.1,96.98,
USW00013958,1984-07-04,1984,7,4,37.2,98.96,
USW00013958,1984-07-05,1984,7,5,36.7,98.06,
USW00013958,1984-07-06,1984,7,6,37.8,100.04,
USW00013958,1984-07-07,1984,7,7,37.2,98.96,
USW00013958,1984-07-08,1984,7,8,37.2,98.96,
USW00013958,1984-07-09,1984,7,9,36.7,98.06,
USW00013958,1984-07-10,1984,7,10,37.2,98.96,
USW00013958,1984-07-11,1984,7,11,37.8,100.04,
USW00013958,1984-07-12,1984,7,12,36.7,98.06,
USW00013958,1984-07-13,1984,7,13,36.7,98.06,
USW00013958,1984-07-14,1984,7,14,37.2,98.96,
USW00013958,1984-07-15,1984,7,15,37.2,98.96,
USW00013958,1984-07-16,1984,7,16,38.3,100.94,
USW00013958,1984-07-17,1984,7,17,40.6,105.08,
USW00013958,1984-07-18,1984,7,18,36.7,98.06,
USW00013958,1984-07-19,1984,7,19,37.2,98.96,
USW00013958,1984-07-20,1984,7,20,37.2,98.96,
USW00013958,1984-07-21,1984,7,21,35.6,96.08,
USW00013958,1984-07-22,1984,7,22,36.1,96.98,
USW00013958,1984-07-23,1984,7,23,37.2,98.96,
USW00013958,1984-07-24,1984,7,24,28.3,82.94,
USW00013958,1984-07-25,1984,7,25,31.7,89.06,
USW00013958,1984-07-26,1984,7,26,35.0,95.0,
USW00013958,1984-07-27,1984,7,27,33.9,93.02,
USW00013958,1984-07-28,1984,7,28,33.9,93.02,
USW00013958,1984-07-29,1984,7,29,33.3,91.94,
USW00013958,1984-07-30,1984,7,30,32.8,91.04,
USW00013958,1984-07-31,1984,7,31,35.0,95.0,
USW00013958,1984-08-01,1984,8,1,35.0,95.0,
USW00013958,1984-08-02,1984,8,2,35.0,95.0,
USW00013958,1984-08-03,1984,8,3,35.6,96.08,
USW00013958,1984-08-04,1984,8,4,35.6,96.08,
USW00013958,1984-08-05,1984,8,5,36.1,96.98,
USW00013958,1984-08-06,1984,8,6,36.7,98.06,
USW00013958,1984-08-07,1984,8,7,37.2,98.96,
USW00013958,1984-08-08,1984,8,8,37.2,98.96,
USW00013958,1984-08-09,1984,8,9,36.7,98.06,
USW00013958,1984-08-10,1984,8,10,37.2,98.96,
USW00013958,1984-08-11,1984,8,11,36.1,96.98,
USW00013958,1984-08-12,1984,8,12,34.4,93.92,
USW00013958,1984-08-13,1984,8,13,34.4,93.92,
USW00013958,1984-08-14,1984,8,14,36.1,96.98,
USW00013958,1984-08-15,1984,8,15,35.0,95.0,
USW00013958,1984-08-16,1984,8,16,35.0,95.0,
USW00013958,1984-08-17,1984,8,17,37.2,98.96,
USW00013958,1984-08-18,1984,8,18,39.4,102.92,
USW00013958,1984-08-19,1984,8,19,41.1,105.98,
USW00013958,1984-08-20,1984,8,20,39.4,102.92,
USW00013958,1984-08-21,1984,8,21,37.8,100.04,
USW00013958,1984-08-22,1984,8,22,37.2,98.96,
USW00013958,1984-08-23,1984,8,23,38.3,100.94,
USW00013958,1984-08-24,1984,8,24,38.9,102.02,
USW00013958,1984-08-25,1984,8,25,35.6,96.08,
USW00013958,1984-08-26,1984,8,26,36.7,98.06,
USW00013958,1984-08-27,1984,8,27,37.8,100.04,
USW00013958,1984-08-28,1984,8,28,37.8,100.04,
USW00013958,1984-08-29,1984,8,29,37.8,100.04,
USW00013958,1984-08-30,1984,8,30,37.2,98.96,
USW00013958,1984-08-31,1984,8,31,35.0,95.0,
USW00013958,1985-06-01,1985,6,1,34.4,93.92,
USW00013958,1985-06-02,1985,6,2,33.9,93.02,
USW00013958,1985-06-03,1985,6,3,33.9,93.02,
USW00013958,1985-06-04,1985,6,4,33.9,93.02,
USW00013958,1985-06-05,1985,6,5,31.1,87.98,
USW00013958,1985-06-06,1985,6,6,29.4,84.92,
USW00013958,1985-06-07,1985,6,7,33.3,91.94,
USW00013958,1985-06-08,1985,6,8,35.6,96.08,
USW00013958,1985-06-09,1985,6,9,34.4,93.92,
USW00013958,1985-06-10,1985,6,10,33.9,93.02,
USW00013958,1985-06-11,1985,6,11,33.3,91.94,
USW00013958,1985-06-12,1985,6,12,28.9,84.02,
USW00013958,1985-06-13,1985,6,13,28.9,84.02,
USW00013958,1985-06-14,1985,6,14,32.2,89.96,
USW00013958,1985-06-15,1985,6,15,33.9,93.02,
USW00013958,1985-06-16,1985,6,16,34.4,93.92,
USW00013958,1985-06-17,1985,6,17,35.0,95.0,
USW00013958,1985-06-18,1985,6,18,32.8,91.04,
USW00013958,1985-06-19,1985,6,19,28.9,84.02,
USW00013958,1985-06-20,1985,6,20,30.6,87.08,
USW00013958,1985-06-21,1985,6,21,31.7,89.06,
USW00013958,1985-06-22,1985,6,22,26.1,78.98,
USW00013958,1985-06-23,1985,6,23,30.6,87.08,
USW00013958,1985-06-24,1985,6,24,32.2,89.96,
USW00013958,1985-06-25,1985,6,25,31.7,89.06,
USW00013958,1985-06-26,1985,6,26,32.2,89.96,
USW00013958,1985-06-27,1985,6,27,31.7,89.06,
USW00013958,1985-06-28,1985,6,28,30.0,86.0,
USW00013958,1985-06-29,1985,6,29,31.7,89.06,
USW00013958,1985-06-30,1985,6,30,32.2,89.96,
USW00013958,1985-07-01,1985,7,1,32.8,91.04,
USW00013958,1985-07-02,1985,7,2,33.3,91.94,
USW00013958,1985-07-03,1985,7,3,30.0,86.0,
USW00013958,1985-07-04,1985,7,4,26.1,78.98,
USW00013958,1985-07-05,1985,7,5,31.1,87.98,
USW00013958,1985-07-06,1985,7,6,33.9,93.02,
USW00013958,1985-07-07,1985,7,7,33.3,91.94,
USW00013958,1985-07-08,1985,7,8,32.2,89.96,
USW00013958,1985-07-09,1985,7,9,32.8,91.04,
USW00013958,1985-07-10,1985,7,10,33.3,91.94,
USW00013958,1985-07-11,1985,7,11,31.7,89.06,
USW00013958,1985-07-12,1985,7,12,32.2,89.96,
USW00013958,1985-07-13,1985,7,13,33.3,91.94,
USW00013958,1985-07-14,1985,7,14,33.3,91.94,
USW00013958,1985-07-15,1985,7,15,33.3,91.94,
USW00013958,1985-07-16,1985,7,16,35.0,95.0,
USW00013958,1985-07-17,1985,7,17,35.0,95.0,
USW00013958,1985-07-18,1985,7,18,35.0,95.0,
USW00013958,1985-07-19,1985,7,19,33.9,93.02,
USW00013958,1985-07-20,1985,7,20,33.9,93.02,
USW00013958,1985-07-21,1985,7,21,34.4,93.92,
USW00013958,1985-07-22,1985,7,22,35.6,96.08,
USW00013958,1985-07-23,1985,7,23,35.6,96.08,
USW00013958,1985-07-24,1985,7,24,35.6,96.08,
USW00013958,1985-07-25,1985,7,25,36.1,96.98,
USW00013958,1985-07-26,1985,7,26,35.6,96.08,
USW00013958,1985-07-27,1985,7,27,36.7,98.06,
USW00013958,1985-07-28,1985,7,28,37.2,98.96,
USW00013958,1985-07-29,1985,7,29,36.1,96.98,
USW00013958,1985-07-30,1985,7,30,35.6,96.08,
USW00013958,1985-07-31,1985,7,31,36.1,96.98,
USW00013958,1985-08-01,1985,8,1,36.7,98.06,
USW00013958,1985-08-02,1985,8,2,37.8,100.04,
USW00013958,1985-08-03,1985,8,3,37.2,98.96,
USW00013958,1985-08-04,1985,8,4,37.2,98.96,
USW00013958,1985-08-05,1985,8,5,37.8,100.04,
USW00013958,1985-08-06,1985,8,6,37.8,100.04,
USW00013958,1985-08-07,1985,8,7,38.3,100.94,
USW00013958,1985-08-08,1985,8,8,37.8,100.04,
USW00013958,1985-08-09,1985,8,9,37.8,100.04,
USW00013958,1985-08-10,1985,8,10,37.2,98.96,
USW00013958,1985-08-11,1985,8,11,37.8,100.04,
USW00013958,1985-08-12,1985,8,12,36.1,96.98,
USW00013958,1985-08-13,1985,8,13,36.1,96.98,
USW00013958,1985-08-14,1985,8,14,36.1,96.98,
USW00013958,1985-08-15,1985,8,15,36.1,96.98,
USW00013958,1985-08-16,1985,8,16,38.3,100.94,
USW00013958,1985-08-17,1985,8,17,37.8,100.04,
USW00013958,1985-08-18,1985,8,18,38.9,102.02,
USW00013958,1985-08-19,1985,8,19,38.9,102.02,
USW00013958,1985-08-20,1985,8,20,38.9,102.02,
USW00013958,1985-08-21,1985,8,21,37.8,100.04,
USW00013958,1985-08-22,1985,8,22,36.7,98.06,
USW00013958,1985-08-23,1985,8,23,37.2,98.96,
USW00013958,1985-08-24,1985,8,24,37.8,100.04,
USW00013958,1985-08-25,1985,8,25,35.6,96.08,
USW00013958,1985-08-26,1985,8,26,38.3,100.94,
USW00013958,1985-08-27,1985,8,27,34.4,93.92,
USW00013958,1985-08-28,1985,8,28,35.0,95.0,
USW00013958,1985-08-29,1985,8,29,32.8,91.04,
USW00013958,1985-08-30,1985,8,30,35.6,96.08,
USW00013958,1985-08-31,1985,8,31,38.3,100.94,
USW00013958,1986-06-01,1986,6,1,28.9,84.02,
USW00013958,1986-06-02,1986,6,2,31.1,87.98,
USW00013958,1986-06-03,1986,6,3,30.6,87.08,
USW00013958,1986-06-04,1986,6,4,30.6,87.08,
USW00013958,1986-06-05,1986,6,5,32.2,89.96,
USW00013958,1986-06-06,1986,6,6,32.2,89.96,
USW00013958,1986-06-07,1986,6,7,32.2,89.96,
USW00013958,1986-06-08,1986,6,8,30.6,87.08,
USW00013958,1986-06-09,1986,6,9,31.7,89.06,
USW00013958,1986-06-10,1986,6,10,33.3,91.94,
USW00013958,1986-06-11,1986,6,11,30.6,87.08,
USW00013958,1986-06-12,1986,6,12,31.7,89.06,
USW00013958,1986-06-13,1986,6,13,32.2,89.96,
USW00013958,1986-06-14,1986,6,14,32.8,91.04,
USW00013958,1986-06-15,1986,6,15,32.8,91.04,
USW00013958,1986-06-16,1986,6,16,32.8,91.04,
USW00013958,1986-06-17,1986,6,17,30.6,87.08,
USW00013958,1986-06-18,1986,6,18,30.0,86.0,
USW00013958,1986-06-19,1986,6,19,31.7,89.06,
USW00013958,1986-06-20,1986,6,20,32.8,91.04,
USW00013958,1986-06-21,1986,6,21,32.8,91.04,
USW00013958,1986-06-22,1986,6,22,33.3,91.94,
USW00013958,1986-06-23,1986,6,23,32.8,91.04,
USW00013958,1986-06-24,1986,6,24,32.8,91.04,
USW00013958,1986-06-25,1986,6,25,33.3,91.94,
USW00013958,1986-06-26,1986,6,26,34.4,93.92,
USW00013958,1986-06-27,1986,6,27,35.0,95.0,
USW00013958,1986-06-28,1986,6,28,35.0,95.0,
USW00013958,1986-06-29,1986,6,29,35.6,96.08,
USW00013958,1986-06-30,1986,6,30,34.4,93.92,
USW00013958,1986-07-01,1986,7,1,35.6,96.08,
USW00013958,1986-07-02,1986,7,2,35.6,96.08,
USW00013958,1986-07-03,1986,7,3,35.6,96.08,
USW00013958,1986-07-04,1986,7,4,35.6,96.08,
USW00013958,1986-07-05,1986,7,5,35.6,96.08,
USW00013958,1986-07-06,1986,7,6,33.3,91.94,
USW00013958,1986-07-07,1986,7,7,35.6,96.08,
USW00013958,1986-07-08,1986,7,8,34.4,93.92,
USW00013958,1986-07-09,1986,7,9,35.0,95.0,
USW00013958,1986-07-10,1986,7,10,35.6,96.08,
USW00013958,1986-07-11,1986,7,11,35.6,96.08,
USW00013958,1986-07-12,1986,7,12,35.6,96.08,
USW00013958,1986-07-13,1986,7,13,35.6,96.08,
USW00013958,1986-07-14,1986,7,14,35.0,95.0,
USW00013958,1986-07-15,1986,7,15,36.1,96.98,
USW00013958,1986-07-16,1986,7,16,35.0,95.0,
USW00013958,1986-07-17,1986,7,17,35.6,96.08,
USW00013958,1986-07-18,1986,7,18,35.6,96.08,
USW00013958,1986-07-19,1986,7,19,36.7,98.06,
USW00013958,1986-07-20,1986,7,20,37.8,100.04,
USW00013958,1986-07-21,1986,7,21,36.7,98.06,
USW00013958,1986-07-22,1986,7,22,37.2,98.96,
USW00013958,1986-07-23,1986,7,23,37.2,98.96,
USW00013958,1986-07-24,1986,7,24,37.8,100.04,
USW00013958,1986-07-25,1986,7,25,38.3,100.94,
USW00013958,1986-07-26,1986,7,26,38.3,100.94,
USW00013958,1986-07-27,1986,7,27,38.9,102.02,
USW00013958,1986-07-28,1986,7,28,38.9,102.02,
USW00013958,1986-07-29,1986,7,29,38.9,102.02,
USW00013958,1986-07-30,1986,7,30,39.4,102.92,
USW00013958,1986-07-31,1986,7,31,39.4,102.92,
USW00013958,1986-08-01,1986,8,1,38.9,102.02,
USW00013958,1986-08-02,1986,8,2,38.9,102.02,
USW00013958,1986-08-03,1986,8,3,37.8,100.04,
USW00013958,1986-08-04,1986,8,4,36.1,96.98,
USW00013958,1986-08-05,1986,8,5,34.4,93.92,
USW00013958,1986-08-06,1986,8,6,34.4,93.92,
USW00013958,1986-08-07,1986,8,7,36.7,98.06,
USW00013958,1986-08-08,1986,8,8,36.7,98.06,
USW00013958,1986-08-09,1986,8,9,37.2,98.96,
USW00013958,1986-08-10,1986,8,10,37.2,98.96,
USW00013958,1986-08-11,1986,8,11,35.0,95.0,
USW00013958,1986-08-12,1986,8,12,35.0,95.0,
USW00013958,1986-08-13,1986,8,13,35.6,96.08,
USW00013958,1986-08-14,1986,8,14,36.7,98.06,
USW00013958,1986-08-15,1986,8,15,36.7,98.06,
USW00013958,1986-08-16,1986,8,16,37.2,98.96,
USW00013958,1986-08-17,1986,8,17,37.8,100.04,
USW00013958,1986-08-18,1986,8,18,39.4,102.92,
USW00013958,1986-08-19,1986,8,19,39.4,102.92,
USW00013958,1986-08-20,1986,8,20,37.8,100.04,
USW00013958,1986-08-21,1986,8,21,32.8,91.04,
USW00013958,1986-08-22,1986,8,22,31.7,89.06,
USW00013958,1986-08-23,1986,8,23,28.3,82.94,
USW00013958,1986-08-24,1986,8,24,30.0,86.0,
USW00013958,1986-08-25,1986,8,25,35.0,95.0,
USW00013958,1986-08-26,1986,8,26,36.1,96.98,
USW00013958,1986-08-27,1986,8,27,35.6,96.08,
USW00013958,1986-08-28,1986,8,28,29.4,84.92,
USW00013958,1986-08-29,1986,8,29,30.6,87.08,
USW00013958,1986-08-30,1986,8,30,31.7,89.06,
USW00013958,1986-08-31,1986,8,31,34.4,93.92,
USW00013958,1987-06-01,1987,6,1,29.4,84.92,
USW00013958,1987-06-02,1987,6,2,25.6,78.08,
USW00013958,1987-06-03,1987,6,3,24.4,75.92,
USW00013958,1987-06-04,1987,6,4,26.1,78.98,
USW00013958,1987-06-05,1987,6,5,28.9,84.02,
USW00013958,1987-06-06,1987,6,6,30.0,86.0,
USW00013958,1987-06-07,1987,6,7,30.6,87.08,
USW00013958,1987-06-08,1987,6,8,27.2,80.96,
USW00013958,1987-06-09,1987,6,9,26.1,78.98,
USW00013958,1987-06-10,1987,6,10,28.3,82.94,
USW00013958,1987-06-11,1987,6,11,30.0,86.0,
USW00013958,1987-06-12,1987,6,12,33.3,91.94,
USW00013958,1987-06-13,1987,6,13,26.7,80.06,
USW00013958,1987-06-14,1987,6,14,33.3,91.94,
USW00013958,1987-06-15,1987,6,15,34.4,93.92,
USW00013958,1987-06-16,1987,6,16,33.9,93.02,
USW00013958,1987-06-17,1987,6,17,34.4,93.92,
USW00013958,1987-06-18,1987,6,18,33.3,91.94,
USW00013958,1987-06-19,1987,6,19,33.3,91.94,
USW00013958,1987-06-20,1987,6,20,32.8,91.04,
USW00013958,1987-06-21,1987,6,21,33.9,93.02,
USW00013958,1987-06-22,1987,6,22,33.9,93.02,
USW00013958,1987-06-23,1987,6,23,33.9,93.02,
USW00013958,1987-06-24,1987,6,24,34.4,93.92,
USW00013958,1987-06-25,1987,6,25,36.1,96.98,
USW00013958,1987-06-26,1987,6,26,33.3,91.94,
USW00013958,1987-06-27,1987,6,27,32.2,89.96,
USW00013958,1987-06-28,1987,6,28,31.7,89.06,
USW00013958,1987-06-29,1987,6,29,32.8,91.04,
USW00013958,1987-06-30,1987,6,30,34.4,93.92,
USW00013958,1987-07-01,1987,7,1,34.4,93.92,
USW00013958,1987-07-02,1987,7,2,33.9,93.02,
USW00013958,1987-07-03,1987,7,3,34.4,93.92,
USW00013958,1987-07-04,1987,7,4,35.0,95.0,
USW00013958,1987-07-05,1987,7,5,34.4,93.92,
USW00013958,1987-07-06,1987,7,6,34.4,93.92,
USW00013958,1987-07-07,1987,7,7,33.3,91.94,
USW00013958,1987-07-08,1987,7,8,32.8,91.04,
USW00013958,1987-07-09,1987,7,9,32.8,91.04,
USW00013958,1987-07-10,1987,7,10,33.3,91.94,
USW00013958,1987-07-11,1987,7,11,33.9,93.02,
USW00013958,1987-07-12,1987,7,12,34.4,93.92,
USW00013958,1987-07-13,1987,7,13,34.4,93.92,
USW00013958,1987-07-14,1987,7,14,31.7,89.06,
USW00013958,1987-07-15,1987,7,15,32.2,89.96,
USW00013958,1987-07-16,1987,7,16,31.7,89.06,
USW00013958,1987-07-17,1987,7,17,32.2,89.96,
USW00013958,1987-07-18,1987,7,18,33.9,93.02,
USW00013958,1987-07-19,1987,7,19,33.3,91.94,
USW00013958,1987-07-20,1987,7,20,33.3,91.94,
USW00013958,1987-07-21,1987,7,21,31.7,89.06,
USW00013958,1987-07-22,1987,7,22,33.9,93.02,
USW00013958,1987-07-23,1987,7,23,34.4,93.92,
USW00013958,1987-07-24,1987,7,24,34.4,93.92,
USW00013958,1987-07-25,1987,7,25,32.8,91.04,
USW00013958,1987-07-26,1987,7,26,33.3,91.94,
USW00013958,1987-07-27,1987,7,27,33.3,91.94,
USW00013958,1987-07-28,1987,7,28,33.9,93.02,
USW00013958,1987-07-29,1987,7,29,34.4,93.92,
USW00013958,1987-07-30,1987,7,30,35.0,95.0,
USW00013958,1987-07-31,1987,7,31,35.6,96.08,
USW00013958,1987-08-01,1987,8,1,35.6,96.08,
USW00013958,1987-08-02,1987,8,2,35.0,95.0,
USW00013958,1987-08-03,1987,8,3,35.0,95.0,
USW00013958,1987-08-04,1987,8,4,36.7,98.06,
USW00013958,1987-08-05,1987,8,5,36.7,98.06,
USW00013958,1987-08-06,1987,8,6,36.1,96.98,
USW00013958,1987-08-07,1987,8,7,35.6,96.08,
USW00013958,1987-08-08,1987,8,8,36.1,96.98,
USW00013958,1987-08-09,1987,8,9,35.6,96.08,
USW00013958,1987-08-10,1987,8,10,36.1,96.98,
USW00013958,1987-08-11,1987,8,11,37.2,98.96,
USW00013958,1987-08-12,1987,8,12,36.7,98.06,
USW00013958,1987-08-13,1987,8,13,37.2,98.96,
USW00013958,1987-08-14,1987,8,14,36.7,98.06,
USW00013958,1987-08-15,1987,8,15,36.7,98.06,
USW00013958,1987-08-16,1987,8,16,37.2,98.96,
USW00013958,1987-08-17,1987,8,17,37.2,98.96,
USW00013958,1987-08-18,1987,8,18,36.7,98.06,
USW00013958,1987-08-19,1987,8,19,36.1,96.98,
USW00013958,1987-08-20,1987,8,20,36.1,96.98,
USW00013958,1987-08-21,1987,8,21,36.1,96.98,
USW00013958,1987-08-22,1987,8,22,36.7,98.06,
USW00013958,1987-08-23,1987,8,23,36.1,96.98,
USW00013958,1987-08-24,1987,8,24,35.6,96.08,
USW00013958,1987-08-25,1987,8,25,36.1,96.98,
USW00013958,1987-08-26,1987,8,26,36.7,98.06,
USW00013958,1987-08-27,1987,8,27,33.9,93.02,
USW00013958,1987-08-28,1987,8,28,28.9,84.02,
USW00013958,1987-08-29,1987,8,29,30.0,86.0,
USW00013958,1987-08-30,1987,8,30,25.6,78.08,
USW00013958,1987-08-31,1987,8,31,30.0,86.0,
USW00013958,1988-06-01,1988,6,1,30.0,86.0,
USW00013958,1988-06-02,1988,6,2,29.4,84.92,
USW00013958,1988-06-03,1988,6,3,26.7,80.06,
USW00013958,1988-06-04,1988,6,4,28.3,82.94,
USW00013958,1988-06-05,1988,6,5,29.4,84.92,
USW00013958,1988-06-06,1988,6,6,32.2,89.96,
USW00013958,1988-06-07,1988,6,7,32.8,91.04,
USW00013958,1988-06-08,1988,6,8,35.0,95.0,
USW00013958,1988-06-09,1988,6,9,36.1,96.98,
USW00013958,1988-06-10,1988,6,10,31.1,87.98,
USW00013958,1988-06-11,1988,6,11,31.1,87.98,
USW00013958,1988-06-12,1988,6,12,30.6,87.08,
USW00013958,1988-06-13,1988,6,13,31.7,89.06,
USW00013958,1988-06-14,1988,6,14,32.8,91.04,
USW00013958,1988-06-15,1988,6,15,32.2,89.96,
USW00013958,1988-06-16,1988,6,16,32.8,91.04,
USW00013958,1988-06-17,1988,6,17,33.3,91.94,
USW00013958,1988-06-18,1988,6,18,33.3,91.94,
USW00013958,1988-06-19,1988,6,19,33.3,91.94,
USW00013958,1988-06-20,1988,6,20,33.9,93.02,
USW00013958,1988-06-21,1988,6,21,33.9,93.02,
USW00013958,1988-06-22,1988,6,22,34.4,93.92,
USW00013958,1988-06-23,1988,6,23,33.9,93.02,
USW00013958,1988-06-24,1988,6,24,33.9,93.02,
USW00013958,1988-06-25,1988,6,25,34.4,93.92,
USW00013958,1988-06-26,1988,6,26,33.9,93.02,
USW00013958,1988-06-27,1988,6,27,34.4,93.92,
USW00013958,1988-06-28,1988,6,28,34.4,93.92,
USW00013958,1988-06-29,1988,6,29,35.6,96.08,
USW00013958,1988-06-30,1988,6,30,35.6,96.08,
USW00013958,1988-07-01,1988,7,1,36.7,98.06,
USW00013958,1988-07-02,1988,7,2,36.1,96.98,
USW00013958,1988-07-03,1988,7,3,37.2,98.96,
USW00013958,1988-07-04,1988,7,4,36.7,98.06,
USW00013958,1988-07-05,1988,7,5,35.6,96.08,
USW00013958,1988-07-06,1988,7,6,32.8,91.04,
USW00013958,1988-07-07,1988,7,7,32.8,91.04,
USW00013958,1988-07-08,1988,7,8,32.2,89.96,
USW00013958,1988-07-09,1988,7,9,33.3,91.94,
USW00013958,1988-07-10,1988,7,10,33.9,93.02,
USW00013958,1988-07-11,1988,7,11,30.0,86.0,
USW00013958,1988-07-12,1988,7,12,33.9,93.02,
USW00013958,1988-07-13,1988,7,13,35.6,96.08,
USW00013958,1988-07-14,1988,7,14,36.7,98.06,
USW00013958,1988-07-15,1988,7,15,36.1,96.98,
USW00013958,1988-07-16,1988,7,16,36.1,96.98,
USW00013958,1988-07-17,1988,7,17,36.7,98.06,
USW00013958,1988-07-18,1988,7,18,36.7,98.06,
USW00013958,1988-07-19,1988,7,19,37.2,98.96,
USW00013958,1988-07-20,1988,7,20,31.7,89.06,
USW00013958,1988-07-21,1988,7,21,32.8,91.04,
USW00013958,1988-07-22,1988,7,22,34.4,93.92,
USW00013958,1988-07-23,1988,7,23,36.1,96.98,
USW00013958,1988-07-24,1988,7,24,37.2,98.96,
USW00013958,1988-07-25,1988,7,25,36.7,98.06,
USW00013958,1988-07-26,1988,7,26,37.2,98.96,
USW00013958,1988-07-27,1988,7,27,37.8,100.04,
USW00013958,1988-07-28,1988,7,28,36.1,96.98,
USW00013958,1988-07-29,1988,7,29,35.6,96.08,
USW00013958,1988-07-30,1988,7,30,33.3,91.94,
USW00013958,1988-07-31,1988,7,31,33.9,93.02,
USW00013958,1988-08-01,1988,8,1,33.9,93.02,
USW00013958,1988-08-02,1988,8,2,35.0,95.0,
USW00013958,1988-08-03,1988,8,3,35.6,96.08,
USW00013958,1988-08-04,1988,8,4,35.0,95.0,
USW00013958,1988-08-05,1988,8,5,36.7,98.06,
USW00013958,1988-08-06,1988,8,6,37.8,100.04,
USW00013958,1988-08-07,1988,8,7,38.9,102.02,
USW00013958,1988-08-08,1988,8,8,40.6,105.08,
USW00013958,1988-08-09,1988,8,9,38.3,100.94,
USW00013958,1988-08-10,1988,8,10,38.9,102.02,
USW00013958,1988-08-11,1988,8,11,40.6,105.08,
USW00013958,1988-08-12,1988,8,12,37.2,98.96,
USW00013958,1988-08-13,1988,8,13,36.1,96.98,
USW00013958,1988-08-14,1988,8,14,36.1,96.98,
USW00013958,1988-08-15,1988,8,15,36.1,96.98,
USW00013958,1988-08-16,1988,8,16,36.1,96.98,
USW00013958,1988-08-17,1988,8,17,35.0,95.0,
USW00013958,1988-08-18,1988,8,18,35.0,95.0,
USW00013958,1988-08-19,1988,8,19,35.6,96.08,
USW00013958,1988-08-20,1988,8,20,36.7,98.06,
USW00013958,1988-08-21,1988,8,21,37.2,98.96,
USW00013958,1988-08-22,1988,8,22,37.2,98.96,
USW00013958,1988-08-23,1988,8,23,37.2,98.96,
USW00013958,1988-08-24,1988,8,24,40.0,104.0,
USW00013958,1988-08-25,1988,8,25,37.8,100.04,
USW00013958,1988-08-26,1988,8,26,38.9,102.02,
USW00013958,1988-08-27,1988,8,27,37.2,98.96,
USW00013958,1988-08-28,1988,8,28,35.6,96.08,
USW00013958,1988-08-29,1988,8,29,34.4,93.92,
USW00013958,1988-08-30,1988,8,30,33.9,93.02,
USW00013958,1988-08-31,1988,8,31,33.3,91.94,
USW00013958,1989-06-01,1989,6,1,33.9,93.02,
USW00013958,1989-06-02,1989,6,2,34.4,93.92,
USW00013958,1989-06-03,1989,6,3,35.0,95.0,
USW00013958,1989-06-04,1989,6,4,33.3,91.94,
USW00013958,1989-06-05,1989,6,5,35.0,95.0,
USW00013958,1989-06-06,1989,6,6,35.0,95.0,
USW00013958,1989-06-07,1989,6,7,37.2,98.96,
USW00013958,1989-06-08,1989,6,8,33.9,93.02,
USW00013958,1989-06-09,1989,6,9,32.2,89.96,
USW00013958,1989-06-10,1989,6,10,35.6,96.08,
USW00013958,1989-06-11,1989,6,11,34.4,93.92,
USW00013958,1989-06-12,1989,6,12,33.3,91.94,
USW00013958,1989-06-13,1989,6,13,33.9,93.02,
USW00013958,1989-06-14,1989,6,14,26.7,80.06,
USW00013958,1989-06-15,1989,6,15,29.4,84.92,
USW00013958,1989-06-16,1989,6,16,29.4,84.92,
USW00013958,1989-06-17,1989,6,17,31.1,87.98,
USW00013958,1989-06-18,1989,6,18,33.9,93.02,
USW00013958,1989-06-19,1989,6,19,34.4,93.92,
USW00013958,1989-06-20,1989,6,20,35.6,96.08,
USW00013958,1989-06-21,1989,6,21,33.9,93.02,
USW00013958,1989-06-22,1989,6,22,32.8,91.04,
USW00013958,1989-06-23,1989,6,23,31.7,89.06,
USW00013958,1989-06-24,1989,6,24,28.3,82.94,
USW00013958,1989-06-25,1989,6,25,29.4,84.92,
USW00013958,1989-06-26,1989,6,26,28.9,84.02,
USW00013958,1989-06-27,1989,6,27,33.9,93.02,
USW00013958,1989-06-28,1989,6,28,33.3,91.94,
USW00013958,1989-06-29,1989,6,29,32.8,91.04,
USW00013958,1989-06-30,1989,6,30,32.8,91.04,
USW00013958,1989-07-01,1989,7,1,36.1,96.98,
USW00013958,1989-07-02,1989,7,2,36.7,98.06,
USW00013958,1989-07-03,1989,7,3,35.0,95.0,
USW00013958,1989-07-04,1989,7,4,36.1,96.98,
USW00013958,1989-07-05,1989,7,5,36.7,98.06,
USW00013958,1989-07-06,1989,7,6,37.2,98.96,
USW00013958,1989-07-07,1989,7,7,36.7,98.06,
USW00013958,1989-07-08,1989,7,8,36.1,96.98,
USW00013958,1989-07-09,1989,7,9,35.6,96.08,
USW00013958,1989-07-10,1989,7,10,35.6,96.08,
USW00013958,1989-07-11,1989,7,11,35.0,95.0,
USW00013958,1989-07-12,1989,7,12,36.7,98.06,
USW00013958,1989-07-13,1989,7,13,37.8,100.04,
USW00013958,1989-07-14,1989,7,14,38.9,102.02,
USW00013958,1989-07-15,1989,7,15,38.9,102.02,
USW00013958,1989-07-16,1989,7,16,39.4,102.92,
USW00013958,1989-07-17,1989,7,17,38.3,100.94,
USW00013958,1989-07-18,1989,7,18,38.9,102.02,
USW00013958,1989-07-19,1989,7,19,38.9,102.02,
USW00013958,1989-07-20,1989,7,20,36.1,96.98,
USW00013958,1989-07-21,1989,7,21,36.1,96.98,
USW00013958,1989-07-22,1989,7,22,36.7,98.06,
USW00013958,1989-07-23,1989,7,23,35.6,96.08,
USW00013958,1989-07-24,1989,7,24,34.4,93.92,
USW00013958,1989-07-25,1989,7,25,32.8,91.04,
USW00013958,1989-07-26,1989,7,26,32.8,91.04,
USW00013958,1989-07-27,1989,7,27,32.8,91.04,
USW00013958,1989-07-28,1989,7,28,35.6,96.08,
USW00013958,1989-07-29,1989,7,29,36.7,98.06,
USW00013958,1989-07-30,1989,7,30,37.2,98.96,
USW00013958,1989-07-31,1989,7,31,37.8,100.04,
USW00013958,1989-08-01,1989,8,1,30.6,87.08,
USW00013958,1989-08-02,1989,8,2,35.6,96.08,
USW00013958,1989-08-03,1989,8,3,36.1,96.98,
USW00013958,1989-08-04,1989,8,4,36.7,98.06,
USW00013958,1989-08-05,1989,8,5,37.2,98.96,
USW00013958,1989-08-06,1989,8,6,37.2,98.96,
USW00013958,1989-08-07,1989,8,7,30.0,86.0,
USW00013958,1989-08-08,1989,8,8,32.2,89.96,
USW00013958,1989-08-09,1989,8,9,32.2,89.96,
USW00013958,1989-08-10,1989,8,10,31.7,89.06,
USW00013958,1989-08-11,1989,8,11,33.9,93.02,
USW00013958,1989-08-12,1989,8,12,34.4,93.92,
USW00013958,1989-08-13,1989,8,13,33.9,93.02,
USW00013958,1989-08-14,1989,8,14,34.4,93.92,
USW00013958,1989-08-15,1989,8,15,35.6,96.08,
USW00013958,1989-08-16,1989,8,16,36.1,96.98,
USW00013958,1989-08-17,1989,8,17,36.1,96.98,
USW00013958,1989-08-18,1989,8,18,36.1,96.98,
USW00013958,1989-08-19,1989,8,19,36.7,98.06,
USW00013958,1989-08-20,1989,8,20,37.8,100.04,
USW00013958,1989-08-21,1989,8,21,37.2,98.96,
USW00013958,1989-08-22,1989,8,22,37.8,100.04,
USW00013958,1989-08-23,1989,8,23,38.3,100.94,
USW00013958,1989-08-24,1989,8,24,37.8,100.04,
USW00013958,1989-08-25,1989,8,25,37.2,98.96,
USW00013958,1989-08-26,1989,8,26,37.8,100.04,
USW00013958,1989-08-27,1989,8,27,37.2,98.96,
USW00013958,1989-08-28,1989,8,28,37.2,98.96,
USW00013958,1989-08-29,1989,8,29,36.7,98.06,
USW00013958,1989-08-30,1989,8,30,37.2,98.96,
USW00013958,1989-08-31,1989,8,31,37.2,98.96,
USW00013958,1990-06-01,1990,6,1,35.0,95.0,
USW00013958,1990-06-02,1990,6,2,36.1,96.98,
USW00013958,1990-06-03,1990,6,3,36.7,98.06,
USW00013958,1990-06-04,1990,6,4,32.2,89.96,
USW00013958,1990-06-05,1990,6,5,35.6,96.08,
USW00013958,1990-06-06,1990,6,6,35.0,95.0,
USW00013958,1990-06-07,1990,6,7,34.4,93.92,
USW00013958,1990-06-08,1990,6,8,34.4,93.92,
USW00013958,1990-06-09,1990,6,9,34.4,93.92,
USW00013958,1990-06-10,1990,6,10,34.4,93.92,
USW00013958,1990-06-11,1990,6,11,34.4,93.92,
USW00013958,1990-06-12,1990,6,12,35.0,95.0,
USW00013958,1990-06-13,1990,6,13,35.6,96.08,
USW00013958,1990-06-14,1990,6,14,36.7,98.06,
USW00013958,1990-06-15,1990,6,15,36.1,96.98,
USW00013958,1990-06-16,1990,6,16,36.7,98.06,
USW00013958,1990-06-17,1990,6,17,36.1,96.98,
USW00013958,1990-06-18,1990,6,18,36.7,98.06,
USW00013958,1990-06-19,1990,6,19,36.7,98.06,
USW00013958,1990-06-20,1990,6,20,37.2,98.96,
USW00013958,1990-06-21,1990,6,21,36.1,96.98,
USW00013958,1990-06-22,1990,6,22,38.9,102.02,
USW00013958,1990-06-23,1990,6,23,38.9,102.02,
USW00013958,1990-06-24,1990,6,24,37.8,100.04,
USW00013958,1990-06-25,1990,6,25,38.3,100.94,
USW00013958,1990-06-26,1990,6,26,37.8,100.04,
USW00013958,1990-06-27,1990,6,27,38.3,100.94,
USW00013958,1990-06-28,1990,6,28,37.2,98.96,
USW00013958,1990-06-29,1990,6,29,37.2,98.96,
USW00013958,1990-06-30,1990,6,30,36.1,96.98,
USW00013958,1990-07-01,1990,7,1,36.7,98.06,
USW00013958,1990-07-02,1990,7,2,37.2,98.96,
USW00013958,1990-07-03,1990,7,3,38.3,100.94,
USW00013958,1990-07-04,1990,7,4,38.3,100.94,
USW00013958,1990-07-05,1990,7,5,37.2,98.96,
USW00013958,1990-07-06,1990,7,6,36.7,98.06,
USW00013958,1990-07-07,1990,7,7,32.2,89.96,
USW00013958,1990-07-08,1990,7,8,37.2,98.96,
USW00013958,1990-07-09,1990,7,9,37.8,100.04,
USW00013958,1990-07-10,1990,7,10,37.8,100.04,
USW00013958,1990-07-11,1990,7,11,37.2,98.96,
USW00013958,1990-07-12,1990,7,12,34.4,93.92,
USW00013958,1990-07-13,1990,7,13,33.9,93.02,
USW00013958,1990-07-14,1990,7,14,35.0,95.0,
USW00013958,1990-07-15,1990,7,15,25.0,77.0,
USW00013958,1990-07-16,1990,7,16,25.6,78.08,
USW00013958,1990-07-17,1990,7,17,32.2,89.96,
USW00013958,1990-07-18,1990,7,18,30.0,86.0,
USW00013958,1990-07-19,1990,7,19,29.4,84.92,
USW00013958,1990-07-20,1990,7,20,32.2,89.96,
USW00013958,1990-07-21,1990,7,21,33.9,93.02,
USW00013958,1990-07-22,1990,7,22,33.9,93.02,
USW00013958,1990-07-23,1990,7,23,32.2,89.96,
USW00013958,1990-07-24,1990,7,24,31.1,87.98,
USW00013958,1990-07-25,1990,7,25,33.9,93.02,
USW00013958,1990-07-26,1990,7,26,34.4,93.92,
USW00013958,1990-07-27,1990,7,27,34.4,93.92,
USW00013958,1990-07-28,1990,7,28,35.6,96.08,
USW00013958,1990-07-29,1990,7,29,36.7,98.06,
USW00013958,1990-07-30,1990,7,30,35.0,95.0,
USW00013958,1990-07-31,1990,7,31,33.9,93.02,
USW00013958,1990-08-01,1990,8,1,33.9,93.02,
USW00013958,1990-08-02,1990,8,2,35.6,96.08,
USW00013958,1990-08-03,1990,8,3,33.9,93.02,
USW00013958,1990-08-04,1990,8,4,35.6,96.08,
USW00013958,1990-08-05,1990,8,5,35.6,96.08,
USW00013958,1990-08-06,1990,8,6,34.4,93.92,
USW00013958,1990-08-07,1990,8,7,34.4,93.92,
USW00013958,1990-08-08,1990,8,8,33.9,93.02,
USW00013958,1990-08-09,1990,8,9,36.1,96.98,
USW00013958,1990-08-10,1990,8,10,35.6,96.08,
USW00013958,1990-08-11,1990,8,11,36.1,96.98,
USW00013958,1990-08-12,1990,8,12,36.1,96.98,
USW00013958,1990-08-13,1990,8,13,36.7,98.06,
USW00013958,1990-08-14,1990,8,14,35.6,96.08,
USW00013958,1990-08-15,1990,8,15,37.2,98.96,
USW00013958,1990-08-16,1990,8,16,36.1,96.98,
USW00013958,1990-08-17,1990,8,17,36.1,96.98,
USW00013958,1990-08-18,1990,8,18,36.1,96.98,
USW00013958,1990-08-19,1990,8,19,37.2,98.96,
USW00013958,1990-08-20,1990,8,20,38.3,100.94,
USW00013958,1990-08-21,1990,8,21,38.9,102.02,
USW00013958,1990-08-22,1990,8,22,36.1,96.98,
USW00013958,1990-08-23,1990,8,23,36.7,98.06,
USW00013958,1990-08-24,1990,8,24,36.7,98.06,
USW00013958,1990-08-25,1990,8,25,37.8,100.04,
USW00013958,1990-08-26,1990,8,26,38.3,100.94,
USW00013958,1990-08-27,1990,8,27,41.1,105.98,
USW00013958,1990-08-28,1990,8,28,40.0,104.0,
USW00013958,1990-08-29,1990,8,29,37.8,100.04,
USW00013958,1990-08-30,1990,8,30,38.9,102.02,
USW00013958,1990-08-31,1990,8,31,40.6,105.08,
USW00013958,1991-06-01,1991,6,1,33.3,91.94,
USW00013958,1991-06-02,1991,6,2,34.4,93.92,
USW00013958,1991-06-03,1991,6,3,31.7,89.06,
USW00013958,1991-06-04,1991,6,4,33.9,93.02,
USW00013958,1991-06-05,1991,6,5,33.3,91.94,
USW00013958,1991-06-06,1991,6,6,33.9,93.02,
USW00013958,1991-06-07,1991,6,7,28.3,82.94,
USW00013958,1991-06-08,1991,6,8,29.4,84.92,
USW00013958,1991-06-09,1991,6,9,28.9,84.02,
USW00013958,1991-06-10,1991,6,10,28.3,82.94,
USW00013958,1991-06-11,1991,6,11,32.2,89.96,
USW00013958,1991-06-12,1991,6,12,32.8,91.04,
USW00013958,1991-06-13,1991,6,13,33.9,93.02,
USW00013958,1991-06-14,1991,6,14,33.9,93.02,
USW00013958,1991-06-15,1991,6,15,31.7,89.06,
USW00013958,1991-06-16,1991,6,16,35.0,95.0,
USW00013958,1991-06-17,1991,6,17,32.8,91.04,
USW00013958,1991-06-18,1991,6,18,35.6,96.08,
USW00013958,1991-06-19,1991,6,19,35.0,95.0,
USW00013958,1991-06-20,1991,6,20,33.9,93.02,
USW00013958,1991-06-21,1991,6,21,34.4,93.92,
USW00013958,1991-06-22,1991,6,22,35.6,96.08,
USW00013958,1991-06-23,1991,6,23,34.4,93.92,
USW00013958,1991-06-24,1991,6,24,33.3,91.94,
USW00013958,1991-06-25,1991,6,25,33.9,93.02,
USW00013958,1991-06-26,1991,6,26,35.0,95.0,
USW00013958,1991-06-27,1991,6,27,35.0,95.0,
USW00013958,1991-06-28,1991,6,28,33.9,93.02,
USW00013958,1991-06-29,1991,6,29,27.2,80.96,
USW00013958,1991-06-30,1991,6,30,32.2,89.96,
USW00013958,1991-07-01,1991,7,1,33.9,93.02,
USW00013958,1991-07-02,1991,7,2,33.9,93.02,
USW00013958,1991-07-03,1991,7,3,33.9,93.02,
USW00013958,1991-07-04,1991,7,4,31.7,89.06,
USW00013958,1991-07-05,1991,7,5,33.9,93.02,
USW00013958,1991-07-06,1991,7,6,33.9,93.02,
USW00013958,1991-07-07,1991,7,7,33.3,91.94,
USW00013958,1991-07-08,1991,7,8,31.7,89.06,
USW00013958,1991-07-09,1991,7,9,32.8,91.04,
USW00013958,1991-07-10,1991,7,10,33.3,91.94,
USW00013958,1991-07-11,1991,7,11,32.8,91.04,
USW00013958,1991-07-12,1991,7,12,33.9,93.02,
USW00013958,1991-07-13,1991,7,13,33.9,93.02,
USW00013958,1991-07-14,1991,7,14,34.4,93.92,
USW00013958,1991-07-15,1991,7,15,34.4,93.92,
USW00013958,1991-07-16,1991,7,16,36.1,96.98,
USW00013958,1991-07-17,1991,7,17,35.0,95.0,
USW00013958,1991-07-18,1991,7,18,35.6,96.08,
USW00013958,1991-07-19,1991,7,19,35.0,95.0,
USW00013958,1991-07-20,1991,7,20,35.0,95.0,
USW00013958,1991-07-21,1991,7,21,35.6,96.08,
USW00013958,1991-07-22,1991,7,22,34.4,93.92,
USW00013958,1991-07-23,1991,7,23,32.8,91.04,
USW00013958,1991-07-24,1991,7,24,35.0,95.0,
USW00013958,1991-07-25,1991,7,25,35.0,95.0,
USW00013958,1991-07-26,1991,7,26,35.6,96.08,
USW00013958,1991-07-27,1991,7,27,35.6,96.08,
USW00013958,1991-07-28,1991,7,28,36.1,96.98,
USW00013958,1991-07-29,1991,7,29,35.6,96.08,
USW00013958,1991-07-30,1991,7,30,38.9,102.02,
USW00013958,1991-07-31,1991,7,31,38.9,102.02,
USW00013958,1991-08-01,1991,8,1,38.3,100.94,
USW00013958,1991-08-02,1991,8,2,36.7,98.06,
USW00013958,1991-08-03,1991,8,3,36.1,96.98,
USW00013958,1991-08-04,1991,8,4,36.7,98.06,
USW00013958,1991-08-05,1991,8,5,35.6,96.08,
USW00013958,1991-08-06,1991,8,6,36.7,98.06,
USW00013958,1991-08-07,1991,8,7,33.9,93.02,
USW00013958,1991-08-08,1991,8,8,36.1,96.98,
USW00013958,1991-08-09,1991,8,9,37.2,98.96,
USW00013958,1991-08-10,1991,8,10,37.8,100.04,
USW00013958,1991-08-11,1991,8,11,37.2,98.96,
USW00013958,1991-08-12,1991,8,12,37.8,100.04,
USW00013958,1991-08-13,1991,8,13,37.8,100.04,
USW00013958,1991-08-14,1991,8,14,33.3,91.94,
USW00013958,1991-08-15,1991,8,15,32.2,89.96,
USW00013958,1991-08-16,1991,8,16,35.0,95.0,
USW00013958,1991-08-17,1991,8,17,35.6,96.08,
USW00013958,1991-08-18,1991,8,18,37.2,98.96,
USW00013958,1991-08-19,1991,8,19,37.2,98.96,
USW00013958,1991-08-20,1991,8,20,36.1,96.98,
USW00013958,1991-08-21,1991,8,21,36.7,98.06,
USW00013958,1991-08-22,1991,8,22,36.1,96.98,
USW00013958,1991-08-23,1991,8,23,33.9,93.02,
USW00013958,1991-08-24,1991,8,24,34.4,93.92,
USW00013958,1991-08-25,1991,8,25,34.4,93.92,
USW00013958,1991-08-26,1991,8,26,33.9,93.02,
USW00013958,1991-08-27,1991,8,27,34.4,93.92,
USW00013958,1991-08-28,1991,8,28,35.0,95.0,
USW00013958,1991-08-29,1991,8,29,35.6,96.08,
USW00013958,1991-08-30,1991,8,30,34.4,93.92,
USW00013958,1991-08-31,1991,8,31,32.8,91.04,
USW00013958,1992-06-01,1992,6,1,31.1,87.98,
USW00013958,1992-06-02,1992,6,2,28.9,84.02,
USW00013958,1992-06-03,1992,6,3,32.2,89.96,
USW00013958,1992-06-04,1992,6,4,31.7,89.06,
USW00013958,1992-06-05,1992,6,5,32.8,91.04,
USW00013958,1992-06-06,1992,6,6,31.7,89.06,
USW00013958,1992-06-07,1992,6,7,29.4,84.92,
USW00013958,1992-06-08,1992,6,8,31.1,87.98,
USW00013958,1992-06-09,1992,6,9,31.7,89.06,
USW00013958,1992-06-10,1992,6,10,32.8,91.04,
USW00013958,1992-06-11,1992,6,11,35.0,95.0,
USW00013958,1992-06-12,1992,6,12,33.9,93.02,
USW00013958,1992-06-13,1992,6,13,32.8,91.04,
USW00013958,1992-06-14,1992,6,14,33.3,91.94,
USW00013958,1992-06-15,1992,6,15,33.3,91.94,
USW00013958,1992-06-16,1992,6,16,33.9,93.02,
USW00013958,1992-06-17,1992,6,17,33.3,91.94,
USW00013958,1992-06-18,1992,6,18,33.3,91.94,
USW00013958,1992-06-19,1992,6,19,33.9,93.02,
USW00013958,1992-06-20,1992,6,20,34.4,93.92,
USW00013958,1992-06-21,1992,6,21,35.0,95.0,
USW00013958,1992-06-22,1992,6,22,32.8,91.04,
USW00013958,1992-06-23,1992,6,23,34.4,93.92,
USW00013958,1992-06-24,1992,6,24,35.0,95.0,
USW00013958,1992-06-25,1992,6,25,33.9,93.02,
USW00013958,1992-06-26,1992,6,26,33.3,91.94,
USW00013958,1992-06-27,1992,6,27,34.4,93.92,
USW00013958,1992-06-28,1992,6,28,32.8,91.04,
USW00013958,1992-06-29,1992,6,29,33.3,91.94,
USW00013958,1992-06-30,1992,6,30,32.2,89.96,
USW00013958,1992-07-01,1992,7,1,35.0,95.0,
USW00013958,1992-07-02,1992,7,2,35.0,95.0,
USW00013958,1992-07-03,1992,7,3,35.0,95.0,
USW00013958,1992-07-04,1992,7,4,33.9,93.02,
USW00013958,1992-07-05,1992,7,5,33.9,93.02,
USW00013958,1992-07-06,1992,7,6,34.4,93.92,
USW00013958,1992-07-07,1992,7,7,33.9,93.02,
USW00013958,1992-07-08,1992,7,8,33.9,93.02,
USW00013958,1992-07-09,1992,7,9,33.9,93.02,
USW00013958,1992-07-10,1992,7,10,33.9,93.02,
USW00013958,1992-07-11,1992,7,11,34.4,93.92,
USW00013958,1992-07-12,1992,7,12,33.9,93.02,
USW00013958,1992-07-13,1992,7,13,33.9,93.02,
USW00013958,1992-07-14,1992,7,14,34.4,93.92,
USW00013958,1992-07-15,1992,7,15,35.6,96.08,
USW00013958,1992-07-16,1992,7,16,34.4,93.92,
USW00013958,1992-07-17,1992,7,17,34.4,93.92,
USW00013958,1992-07-18,1992,7,18,35.0,95.0,
USW00013958,1992-07-19,1992,7,19,33.9,93.02,
USW00013958,1992-07-20,1992,7,20,30.0,86.0,
USW00013958,1992-07-21,1992,7,21,31.1,87.98,
USW00013958,1992-07-22,1992,7,22,32.8,91.04,
USW00013958,1992-07-23,1992,7,23,33.9,93.02,
USW00013958,1992-07-24,1992,7,24,33.9,93.02,
USW00013958,1992-07-25,1992,7,25,33.9,93.02,
USW00013958,1992-07-26,1992,7,26,34.4,93.92,
USW00013958,1992-07-27,1992,7,27,35.0,95.0,
USW00013958,1992-07-28,1992,7,28,34.4,93.92,
USW00013958,1992-07-29,1992,7,29,34.4,93.92,
USW00013958,1992-07-30,1992,7,30,34.4,93.92,
USW00013958,1992-07-31,1992,7,31,35.0,95.0,
USW00013958,1992-08-01,1992,8,1,35.0,95.0,
USW00013958,1992-08-02,1992,8,2,35.6,96.08,
USW00013958,1992-08-03,1992,8,3,33.3,91.94,
USW00013958,1992-08-04,1992,8,4,34.4,93.92,
USW00013958,1992-08-05,1992,8,5,35.0,95.0,
USW00013958,1992-08-06,1992,8,6,35.0,95.0,
USW00013958,1992-08-07,1992,8,7,35.0,95.0,
USW00013958,1992-08-08,1992,8,8,35.0,95.0,
USW00013958,1992-08-09,1992,8,9,35.6,96.08,
USW00013958,1992-08-10,1992,8,10,36.1,96.98,
USW00013958,1992-08-11,1992,8,11,37.2,98.96,
USW00013958,1992-08-12,1992,8,12,33.3,91.94,
USW00013958,1992-08-13,1992,8,13,33.3,91.94,
USW00013958,1992-08-14,1992,8,14,35.0,95.0,
USW00013958,1992-08-15,1992,8,15,31.1,87.98,
USW00013958,1992-08-16,1992,8,16,31.1,87.98,
USW00013958,1992-08-17,1992,8,17,31.7,89.06,
USW00013958,1992-08-18,1992,8,18,32.2,89.96,
USW00013958,1992-08-19,1992,8,19,27.8,82.04,
USW00013958,1992-08-20,1992,8,20,30.6,87.08,
USW00013958,1992-08-21,1992,8,21,33.9,93.02,
USW00013958,1992-08-22,1992,8,22,33.9,93.02,
USW00013958,1992-08-23,1992,8,23,34.4,93.92,
USW00013958,1992-08-24,1992,8,24,34.4,93.92,
USW00013958,1992-08-25,1992,8,25,35.6,96.08,
USW00013958,1992-08-26,1992,8,26,38.3,100.94,
USW00013958,1992-08-27,1992,8,27,31.1,87.98,
USW00013958,1992-08-28,1992,8,28,33.3,91.94,
USW00013958,1992-08-29,1992,8,29,34.4,93.92,
USW00013958,1992-08-30,1992,8,30,34.4,93.92,
USW00013958,1992-08-31,1992,8,31,33.3,91.94,
USW00013958,1993-06-01,1993,6,1,30.0,86.0,
USW00013958,1993-06-02,1993,6,2,33.3,91.94,
USW00013958,1993-06-03,1993,6,3,33.3,91.94,
USW00013958,1993-06-04,1993,6,4,33.3,91.94,
USW00013958,1993-06-05,1993,6,5,33.3,91.94,
USW00013958,1993-06-06,1993,6,6,33.3,91.94,
USW00013958,1993-06-07,1993,6,7,31.7,89.06,
USW00013958,1993-06-08,1993,6,8,30.6,87.08,
USW00013958,1993-06-09,1993,6,9,32.8,91.04,
USW00013958,1993-06-10,1993,6,10,27.8,82.04,
USW00013958,1993-06-11,1993,6,11,31.1,87.98,
USW00013958,1993-06-12,1993,6,12,29.4,84.92,
USW00013958,1993-06-13,1993,6,13,31.7,89.06,
USW00013958,1993-06-14,1993,6,14,31.7,89.06,
USW00013958,1993-06-15,1993,6,15,33.3,91.94,
USW00013958,1993-06-16,1993,6,16,33.3,91.94,
USW00013958,1993-06-17,1993,6,17,33.3,91.94,
USW00013958,1993-06-18,1993,6,18,32.2,89.96,
USW00013958,1993-06-19,1993,6,19,29.4,84.92,
USW00013958,1993-06-20,1993,6,20,27.8,82.04,
USW00013958,1993-06-21,1993,6,21,32.8,91.04,
USW00013958,1993-06-22,1993,6,22,31.1,87.98,
USW00013958,1993-06-23,1993,6,23,32.8,91.04,
USW00013958,1993-06-24,1993,6,24,32.8,91.04,
USW00013958,1993-06-25,1993,6,25,33.3,91.94,
USW00013958,1993-06-26,1993,6,26,29.4,84.92,
USW00013958,1993-06-27,1993,6,27,31.7,89.06,
USW00013958,1993-06-28,1993,6,28,33.3,91.94,
USW00013958,1993-06-29,1993,6,29,33.3,91.94,
USW00013958,1993-06-30,1993,6,30,32.8,91.04,
USW00013958,1993-07-01,1993,7,1,32.8,91.04,
USW00013958,1993-07-02,1993,7,2,32.8,91.04,
USW00013958,1993-07-03,1993,7,3,32.8,91.04,
USW00013958,1993-07-04,1993,7,4,32.8,91.04,
USW00013958,1993-07-05,1993,7,5,32.8,91.04,
USW00013958,1993-07-06,1993,7,6,33.9,93.02,
USW00013958,1993-07-07,1993,7,7,33.3,91.94,
USW00013958,1993-07-08,1993,7,8,33.3,91.94,
USW00013958,1993-07-09,1993,7,9,34.4,93.92,
USW00013958,1993-07-10,1993,7,10,32.8,91.04,
USW00013958,1993-07-11,1993,7,11,34.4,93.92,
USW00013958,1993-07-12,1993,7,12,34.4,93.92,
USW00013958,1993-07-13,1993,7,13,34.4,93.92,
USW00013958,1993-07-14,1993,7,14,33.9,93.02,
USW00013958,1993-07-15,1993,7,15,34.4,93.92,
USW00013958,1993-07-16,1993,7,16,35.0,95.0,
USW00013958,1993-07-17,1993,7,17,35.6,96.08,
USW00013958,1993-07-18,1993,7,18,34.4,93.92,
USW00013958,1993-07-19,1993,7,19,35.6,96.08,
USW00013958,1993-07-20,1993,7,20,35.6,96.08,
USW00013958,1993-07-21,1993,7,21,35.6,96.08,
USW00013958,1993-07-22,1993,7,22,35.6,96.08,
USW00013958,1993-07-23,1993,7,23,36.1,96.98,
USW00013958,1993-07-24,1993,7,24,36.7,98.06,
USW00013958,1993-07-25,1993,7,25,36.7,98.06,
USW00013958,1993-07-26,1993,7,26,36.1,96.98,
USW00013958,1993-07-27,1993,7,27,36.7,98.06,
USW00013958,1993-07-28,1993,7,28,37.2,98.96,
USW00013958,1993-07-29,1993,7,29,37.8,100.04,
USW00013958,1993-07-30,1993,7,30,38.3,100.94,
USW00013958,1993-07-31,1993,7,31,37.8,100.04,
USW00013958,1993-08-01,1993,8,1,37.8,100.04,
USW00013958,1993-08-02,1993,8,2,37.8,100.04,
USW00013958,1993-08-03,1993,8,3,36.7,98.06,
USW00013958,1993-08-04,1993,8,4,37.2,98.96,
USW00013958,1993-08-05,1993,8,5,36.7,98.06,
USW00013958,1993-08-06,1993,8,6,37.8,100.04,
USW00013958,1993-08-07,1993,8,7,37.2,98.96,
USW00013958,1993-08-08,1993,8,8,37.2,98.96,
USW00013958,1993-08-09,1993,8,9,37.8,100.04,
USW00013958,1993-08-10,1993,8,10,37.8,100.04,
USW00013958,1993-08-11,1993,8,11,37.8,100.04,
USW00013958,1993-08-12,1993,8,12,37.8,100.04,
USW00013958,1993-08-13,1993,8,13,37.8,100.04,
USW00013958,1993-08-14,1993,8,14,37.8,100.04,
USW00013958,1993-08-15,1993,8,15,37.8,100.04,
USW00013958,1993-08-16,1993,8,16,37.8,100.04,
USW00013958,1993-08-17,1993,8,17,37.8,100.04,
USW00013958,1993-08-18,1993,8,18,38.3,100.94,
USW00013958,1993-08-19,1993,8,19,37.8,100.04,
USW00013958,1993-08-20,1993,8,20,37.8,100.04,
USW00013958,1993-08-21,1993,8,21,36.7,98.06,
USW00013958,1993-08-22,1993,8,22,36.7,98.06,
USW00013958,1993-08-23,1993,8,23,37.8,100.04,
USW00013958,1993-08-24,1993,8,24,37.8,100.04,
USW00013958,1993-08-25,1993,8,25,37.8,100.04,
USW00013958,1993-08-26,1993,8,26,37.2,98.96,
USW00013958,1993-08-27,1993,8,27,37.2,98.96,
USW00013958,1993-08-28,1993,8,28,35.6,96.08,
USW00013958,1993-08-29,1993,8,29,37.2,98.96,
USW00013958,1993-08-30,1993,8,30,36.1,96.98,
USW00013958,1993-08-31,1993,8,31,35.6,96.08,
USW00013958,1994-06-01,1994,6,1,31.7,89.06,
USW00013958,1994-06-02,1994,6,2,32.2,89.96,
USW00013958,1994-06-03,1994,6,3,30.0,86.0,
USW00013958,1994-06-04,1994,6,4,32.2,89.96,
USW00013958,1994-06-05,1994,6,5,33.9,93.02,
USW00013958,1994-06-06,1994,6,6,35.0,95.0,
USW00013958,1994-06-07,1994,6,7,35.0,95.0,
USW00013958,1994-06-08,1994,6,8,36.7,98.06,
USW00013958,1994-06-09,1994,6,9,35.6,96.08,
USW00013958,1994-06-10,1994,6,10,36.1,96.98,
USW00013958,1994-06-11,1994,6,11,34.4,93.92,
USW00013958,1994-06-12,1994,6,12,35.0,95.0,
USW00013958,1994-06-13,1994,6,13,33.9,93.02,
USW00013958,1994-06-14,1994,6,14,29.4,84.92,
USW00013958,1994-06-15,1994,6,15,33.3,91.94,
USW00013958,1994-06-16,1994,6,16,33.9,93.02,
USW00013958,1994-06-17,1994,6,17,35.0,95.0,
USW00013958,1994-06-18,1994,6,18,36.1,96.98,
USW00013958,1994-06-19,1994,6,19,34.4,93.92,
USW00013958,1994-06-20,1994,6,20,34.4,93.92,
USW00013958,1994-06-21,1994,6,21,33.9,93.02,
USW00013958,1994-06-22,1994,6,22,34.4,93.92,
USW00013958,1994-06-23,1994,6,23,36.7,98.06,
USW00013958,1994-06-24,1994,6,24,38.3,100.94,
USW00013958,1994-06-25,1994,6,25,37.8,100.04,
USW00013958,1994-06-26,1994,6,26,36.7,98.06,
USW00013958,1994-06-27,1994,6,27,37.8,100.04,
USW00013958,1994-06-28,1994,6,28,38.9,102.02,
USW00013958,1994-06-29,1994,6,29,37.8,100.04,
USW00013958,1994-06-30,1994,6,30,35.6,96.08,
USW00013958,1994-07-01,1994,7,1,36.1,96.98,
USW00013958,1994-07-02,1994,7,2,35.6,96.08,
USW00013958,1994-07-03,1994,7,3,36.7,98.06,
USW00013958,1994-07-04,1994,7,4,36.7,98.06,
USW00013958,1994-07-05,1994,7,5,36.7,98.06,
USW00013958,1994-07-06,1994,7,6,36.7,98.06,
USW00013958,1994-07-07,1994,7,7,37.8,100.04,
USW00013958,1994-07-08,1994,7,8,38.3,100.94,
USW00013958,1994-07-09,1994,7,9,37.8,100.04,
USW00013958,1994-07-10,1994,7,10,35.0,95.0,
USW00013958,1994-07-11,1994,7,11,37.8,100.04,
USW00013958,1994-07-12,1994,7,12,37.8,100.04,
USW00013958,1994-07-13,1994,7,13,37.8,100.04,
USW00013958,1994-07-14,1994,7,14,36.1,96.98,
USW00013958,1994-07-15,1994,7,15,37.8,100.04,
USW00013958,1994-07-16,1994,7,16,37.8,100.04,
USW00013958,1994-07-17,1994,7,17,37.8,100.04,
USW00013958,1994-07-18,1994,7,18,37.8,100.04,
USW00013958,1994-07-19,1994,7,19,37.2,98.96,
USW00013958,1994-07-20,1994,7,20,37.2,98.96,
USW00013958,1994-07-21,1994,7,21,37.8,100.04,
USW00013958,1994-07-22,1994,7,22,38.9,102.02,
USW00013958,1994-07-23,1994,7,23,39.4,102.92,
USW00013958,1994-07-24,1994,7,24,39.4,102.92,
USW00013958,1994-07-25,1994,7,25,40.0,104.0,
USW00013958,1994-07-26,1994,7,26,39.4,102.92,
USW00013958,1994-07-27,1994,7,27,36.1,96.98,
USW00013958,1994-07-28,1994,7,28,36.1,96.98,
USW00013958,1994-07-29,1994,7,29,36.1,96.98,
USW00013958,1994-07-30,1994,7,30,33.3,91.94,
USW00013958,1994-07-31,1994,7,31,36.1,96.98,
USW00013958,1994-08-01,1994,8,1,36.1,96.98,
USW00013958,1994-08-02,1994,8,2,35.6,96.08,
USW00013958,1994-08-03,1994,8,3,36.1,96.98,
USW00013958,1994-08-04,1994,8,4,36.1,96.98,
USW00013958,1994-08-05,1994,8,5,37.2,98.96,
USW00013958,1994-08-06,1994,8,6,36.7,98.06,
USW00013958,1994-08-07,1994,8,7,37.2,98.96,
USW00013958,1994-08-08,1994,8,8,36.1,96.98,
USW00013958,1994-08-09,1994,8,9,30.6,87.08,
USW00013958,1994-08-10,1994,8,10,33.9,93.02,
USW00013958,1994-08-11,1994,8,11,35.0,95.0,
USW00013958,1994-08-12,1994,8,12,34.4,93.92,
USW00013958,1994-08-13,1994,8,13,35.0,95.0,
USW00013958,1994-08-14,1994,8,14,36.1,96.98,
USW00013958,1994-08-15,1994,8,15,36.7,98.06,
USW00013958,1994-08-16,1994,8,16,34.4,93.92,
USW00013958,1994-08-17,1994,8,17,36.7,98.06,
USW00013958,1994-08-18,1994,8,18,36.1,96.98,
USW00013958,1994-08-19,1994,8,19,35.0,95.0,
USW00013958,1994-08-20,1994,8,20,36.1,96.98,
USW00013958,1994-08-21,1994,8,21,27.8,82.04,
USW00013958,1994-08-22,1994,8,22,31.1,87.98,
USW00013958,1994-08-23,1994,8,23,33.3,91.94,
USW00013958,1994-08-24,1994,8,24,33.9,93.02,
USW00013958,1994-08-25,1994,8,25,33.9,93.02,
USW00013958,1994-08-26,1994,8,26,34.4,93.92,
USW00013958,1994-08-27,1994,8,27,33.9,93.02,
USW00013958,1994-08-28,1994,8,28,33.9,93.02,
USW00013958,1994-08-29,1994,8,29,35.0,95.0,
USW00013958,1994-08-30,1994,8,30,32.8,91.04,
USW00013958,1994-08-31,1994,8,31,30.6,87.08,
USW00013958,1995-06-01,1995,6,1,31.7,89.06,
USW00013958,1995-06-02,1995,6,2,32.2,89.96,
USW00013958,1995-06-03,1995,6,3,31.7,89.06,
USW00013958,1995-06-04,1995,6,4,31.7,89.06,
USW00013958,1995-06-05,1995,6,5,31.7,89.06,
USW00013958,1995-06-06,1995,6,6,32.8,91.04,
USW00013958,1995-06-07,1995,6,7,32.8,91.04,
USW00013958,1995-06-08,1995,6,8,33.3,91.94,
USW00013958,1995-06-09,1995,6,9,33.3,91.94,
USW00013958,1995-06-10,1995,6,10,32.8,91.04,
USW00013958,1995-06-11,1995,6,11,27.2,80.96,
USW00013958,1995-06-12,1995,6,12,28.3,82.94,
USW00013958,1995-06-13,1995,6,13,28.9,84.02,
USW00013958,1995-06-14,1995,6,14,28.9,84.02,
USW00013958,1995-06-15,1995,6,15,30.0,86.0,
USW00013958,1995-06-16,1995,6,16,30.0,86.0,
USW00013958,1995-06-17,1995,6,17,30.6,87.08,
USW00013958,1995-06-18,1995,6,18,31.7,89.06,
USW00013958,1995-06-19,1995,6,19,31.1,87.98,
USW00013958,1995-06-20,1995,6,20,31.7,89.06,
USW00013958,1995-06-21,1995,6,21,32.2,89.96,
USW00013958,1995-06-22,1995,6,22,32.8,91.04,
USW00013958,1995-06-23,1995,6,23,32.2,89.96,
USW00013958,1995-06-24,1995,6,24,34.4,93.92,
USW00013958,1995-06-25,1995,6,25,34.4,93.92,
USW00013958,1995-06-26,1995,6,26,33.9,93.02,
USW00013958,1995-06-27,1995,6,27,32.8,91.04,
USW00013958,1995-06-28,1995,6,28,33.9,93.02,
USW00013958,1995-06-29,1995,6,29,26.7,80.06,
USW00013958,1995-06-30,1995,6,30,31.7,89.06,
USW00013958,1995-07-01,1995,7,1,31.1,87.98,
USW00013958,1995-07-02,1995,7,2,31.1,87.98,
USW00013958,1995-07-03,1995,7,3,33.3,91.94,
USW00013958,1995-07-04,1995,7,4,32.8,91.04,
USW00013958,1995-07-05,1995,7,5,30.6,87.08,
USW00013958,1995-07-06,1995,7,6,31.1,87.98,
USW00013958,1995-07-07,1995,7,7,33.3,91.94,
USW00013958,1995-07-08,1995,7,8,35.0,95.0,
USW00013958,1995-07-09,1995,7,9,34.4,93.92,
USW00013958,1995-07-10,1995,7,10,35.6,96.08,
USW00013958,1995-07-11,1995,7,11,36.1,96.98,
USW00013958,1995-07-12,1995,7,12,36.1,96.98,
USW00013958,1995-07-13,1995,7,13,35.0,95.0,
USW00013958,1995-07-14,1995,7,14,34.4,93.92,
USW00013958,1995-07-15,1995,7,15,33.9,93.02,
USW00013958,1995-07-16,1995,7,16,35.0,95.0,
USW00013958,1995-07-17,1995,7,17,35.6,96.08,
USW00013958,1995-07-18,1995,7,18,36.1,96.98,
USW00013958,1995-07-19,1995,7,19,36.7,98.06,
USW00013958,1995-07-20,1995,7,20,36.1,96.98,
USW00013958,1995-07-21,1995,7,21,36.7,98.06,
USW00013958,1995-07-22,1995,7,22,37.2,98.96,
USW00013958,1995-07-23,1995,7,23,37.2,98.96,
USW00013958,1995-07-24,1995,7,24,37.2,98.96,
USW00013958,1995-07-25,1995,7,25,36.7,98.06,
USW00013958,1995-07-26,1995,7,26,37.2,98.96,
USW00013958,1995-07-27,1995,7,27,37.8,100.04,
USW00013958,1995-07-28,1995,7,28,39.4,102.92,
USW00013958,1995-07-29,1995,7,29,34.4,93.92,
USW00013958,1995-07-30,1995,7,30,32.8,91.04,
USW00013958,1995-07-31,1995,7,31,32.2,89.96,
USW00013958,1995-08-01,1995,8,1,35.6,96.08,
USW00013958,1995-08-02,1995,8,2,31.1,87.98,
USW00013958,1995-08-03,1995,8,3,33.9,93.02,
USW00013958,1995-08-04,1995,8,4,35.0,95.0,
USW00013958,1995-08-05,1995,8,5,35.0,95.0,
USW00013958,1995-08-06,1995,8,6,33.9,93.02,
USW00013958,1995-08-07,1995,8,7,34.4,93.92,
USW00013958,1995-08-08,1995,8,8,33.9,93.02,
USW00013958,1995-08-09,1995,8,9,33.9,93.02,
USW00013958,1995-08-10,1995,8,10,34.4,93.92,
USW00013958,1995-08-11,1995,8,11,33.9,93.02,
USW00013958,1995-08-12,1995,8,12,32.8,91.04,
USW00013958,1995-08-13,1995,8,13,33.9,93.02,
USW00013958,1995-08-14,1995,8,14,31.7,89.06,
USW00013958,1995-08-15,1995,8,15,34.4,93.92,
USW00013958,1995-08-16,1995,8,16,34.4,93.92,
USW00013958,1995-08-17,1995,8,17,35.0,95.0,
USW00013958,1995-08-18,1995,8,18,33.9,93.02,
USW00013958,1995-08-19,1995,8,19,36.1,96.98,
USW00013958,1995-08-20,1995,8,20,36.7,98.06,
USW00013958,1995-08-21,1995,8,21,36.1,96.98,
USW00013958,1995-08-22,1995,8,22,36.1,96.98,
USW00013958,1995-08-23,1995,8,23,33.9,93.02,
USW00013958,1995-08-24,1995,8,24,34.4,93.92,
USW00013958,1995-08-25,1995,8,25,35.0,95.0,
USW00013958,1995-08-26,1995,8,26,35.6,96.08,
USW00013958,1995-08-27,1995,8,27,36.7,98.06,
USW00013958,1995-08-28,1995,8,28,36.7,98.06,
USW00013958,1995-08-29,1995,8,29,35.0,95.0,
USW00013958,1995-08-30,1995,8,30,34.4,93.92,
USW00013958,1995-08-31,1995,8,31,33.3,91.94,
USW00013958,1996-06-01,1996,6,1,32.2,89.96,
USW00013958,1996-06-02,1996,6,2,33.3,91.94,
USW00013958,1996-06-03,1996,6,3,34.4,93.92,
USW00013958,1996-06-04,1996,6,4,31.7,89.06,
USW00013958,1996-06-05,1996,6,5,33.9,93.02,
USW00013958,1996-06-06,1996,6,6,33.3,91.94,
USW00013958,1996-06-07,1996,6,7,31.7,89.06,
USW00013958,1996-06-08,1996,6,8,30.6,87.08,
USW00013958,1996-06-09,1996,6,9,30.6,87.08,
USW00013958,1996-06-10,1996,6,10,35.0,95.0,
USW00013958,1996-06-11,1996,6,11,33.3,91.94,
USW00013958,1996-06-12,1996,6,12,34.4,93.92,
USW00013958,1996-06-13,1996,6,13,35.0,95.0,
USW00013958,1996-06-14,1996,6,14,35.0,95.0,
USW00013958,1996-06-15,1996,6,15,35.0,95.0,
USW00013958,1996-06-16,1996,6,16,35.0,95.0,
USW00013958,1996-06-17,1996,6,17,36.1,96.98,
USW00013958,1996-06-18,1996,6,18,36.7,98.06,
USW00013958,1996-06-19,1996,6,19,37.8,100.04,
USW00013958,1996-06-20,1996,6,20,38.9,102.02,
USW00013958,1996-06-21,1996,6,21,35.6,96.08,
USW00013958,1996-06-22,1996,6,22,32.2,89.96,
USW00013958,1996-06-23,1996,6,23,32.2,89.96,
USW00013958,1996-06-24,1996,6,24,32.8,91.04,
USW00013958,1996-06-25,1996,6,25,29.4,84.92,
USW00013958,1996-06-26,1996,6,26,30.6,87.08,
USW00013958,1996-06-27,1996,6,27,33.3,91.94,
USW00013958,1996-06-28,1996,6,28,34.4,93.92,
USW00013958,1996-06-29,1996,6,29,34.4,93.92,
USW00013958,1996-06-30,1996,6,30,34.4,93.92,
USW00013958,1996-07-01,1996,7,1,35.6,96.08,
USW00013958,1996-07-02,1996,7,2,36.1,96.98,
USW00013958,1996-07-03,1996,7,3,37.2,98.96,
USW00013958,1996-07-04,1996,7,4,36.7,98.06,
USW00013958,1996-07-05,1996,7,5,37.2,98.96,
USW00013958,1996-07-06,1996,7,6,37.8,100.04,
USW00013958,1996-07-07,1996,7,7,37.8,100.04,
USW00013958,1996-07-08,1996,7,8,37.2,98.96,
USW00013958,1996-07-09,1996,7,9,36.1,96.98,
USW00013958,1996-07-10,1996,7,10,36.1,96.98,
USW00013958,1996-07-11,1996,7,11,35.6,96.08,
USW00013958,1996-07-12,1996,7,12,36.7,98.06,
USW00013958,1996-07-13,1996,7,13,36.7,98.06,
USW00013958,1996-07-14,1996,7,14,37.2,98.96,
USW00013958,1996-07-15,1996,7,15,33.3,91.94,
USW00013958,1996-07-16,1996,7,16,37.2,98.96,
USW00013958,1996-07-17,1996,7,17,36.7,98.06,
USW00013958,1996-07-18,1996,7,18,37.2,98.96,
USW00013958,1996-07-19,1996,7,19,37.8,100.04,
USW00013958,1996-07-20,1996,7,20,37.8,100.04,
USW00013958,1996-07-21,1996,7,21,37.2,98.96,
USW00013958,1996-07-22,1996,7,22,38.3,100.94,
USW00013958,1996-07-23,1996,7,23,38.9,102.02,
USW00013958,1996-07-24,1996,7,24,37.8,100.04,
USW00013958,1996-07-25,1996,7,25,35.6,96.08,
USW00013958,1996-07-26,1996,7,26,36.7,98.06,
USW00013958,1996-07-27,1996,7,27,35.6,96.08,
USW00013958,1996-07-28,1996,7,28,37.2,98.96,
USW00013958,1996-07-29,1996,7,29,36.7,98.06,
USW00013958,1996-07-30,1996,7,30,36.7,98.06,
USW00013958,1996-07-31,1996,7,31,37.8,100.04,
USW00013958,1996-08-01,1996,8,1,37.8,100.04,
USW00013958,1996-08-02,1996,8,2,38.9,102.02,
USW00013958,1996-08-03,1996,8,3,38.9,102.02,
USW00013958,1996-08-04,1996,8,4,38.3,100.94,
USW00013958,1996-08-05,1996,8,5,38.3,100.94,
USW00013958,1996-08-06,1996,8,6,37.8,100.04,
USW00013958,1996-08-07,1996,8,7,37.2,98.96,
USW00013958,1996-08-08,1996,8,8,36.1,96.98,
USW00013958,1996-08-09,1996,8,9,36.7,98.06,
USW00013958,1996-08-10,1996,8,10,36.7,98.06,
USW00013958,1996-08-11,1996,8,11,35.6,96.08,
USW00013958,1996-08-12,1996,8,12,38.3,100.94,
USW00013958,1996-08-13,1996,8,13,36.7,98.06,
USW00013958,1996-08-14,1996,8,14,35.0,95.0,
USW00013958,1996-08-15,1996,8,15,36.7,98.06,
USW00013958,1996-08-16,1996,8,16,36.1,96.98,
USW00013958,1996-08-17,1996,8,17,36.7,98.06,
USW00013958,1996-08-18,1996,8,18,36.7,98.06,
USW00013958,1996-08-19,1996,8,19,35.0,95.0,
USW00013958,1996-08-20,1996,8,20,35.6,96.08,
USW00013958,1996-08-21,1996,8,21,35.6,96.08,
USW00013958,1996-08-22,1996,8,22,27.8,82.04,
USW00013958,1996-08-23,1996,8,23,31.1,87.98,
USW00013958,1996-08-24,1996,8,24,27.8,82.04,
USW00013958,1996-08-25,1996,8,25,28.3,82.94,
USW00013958,1996-08-26,1996,8,26,30.0,86.0,
USW00013958,1996-08-27,1996,8,27,32.2,89.96,
USW00013958,1996-08-28,1996,8,28,32.8,91.04,
USW00013958,1996-08-29,1996,8,29,28.9,84.02,
USW00013958,1996-08-30,1996,8,30,25.6,78.08,
USW00013958,1996-08-31,1996,8,31,30.0,86.0,
USW00013958,1997-06-01,1997,6,1,30.0,86.0,
USW00013958,1997-06-02,1997,6,2,30.6,87.08,
USW00013958,1997-06-03,1997,6,3,31.1,87.98,
USW00013958,1997-06-04,1997,6,4,32.2,89.96,
USW00013958,1997-06-05,1997,6,5,30.6,87.08,
USW00013958,1997-06-06,1997,6,6,27.2,80.96,
USW00013958,1997-06-07,1997,6,7,27.8,82.04,
USW00013958,1997-06-08,1997,6,8,29.4,84.92,
USW00013958,1997-06-09,1997,6,9,30.0,86.0,
USW00013958,1997-06-10,1997,6,10,26.7,80.06,
USW00013958,1997-06-11,1997,6,11,31.1,87.98,
USW00013958,1997-06-12,1997,6,12,31.7,89.06,
USW00013958,1997-06-13,1997,6,13,31.7,89.06,
USW00013958,1997-06-14,1997,6,14,32.8,91.04,
USW00013958,1997-06-15,1997,6,15,30.6,87.08,
USW00013958,1997-06-16,1997,6,16,31.7,89.06,
USW00013958,1997-06-17,1997,6,17,33.3,91.94,
USW00013958,1997-06-18,1997,6,18,33.9,93.02,
USW00013958,1997-06-19,1997,6,19,32.8,91.04,
USW00013958,1997-06-20,1997,6,20,31.7,89.06,
USW00013958,1997-06-21,1997,6,21,26.1,78.98,
USW00013958,1997-06-22,1997,6,22,30.0,86.0,
USW00013958,1997-06-23,1997,6,23,30.0,86.0,
USW00013958,1997-06-24,1997,6,24,30.0,86.0,
USW00013958,1997-06-25,1997,6,25,32.2,89.96,
USW00013958,1997-06-26,1997,6,26,31.7,89.06,
USW00013958,1997-06-27,1997,6,27,31.7,89.06,
USW00013958,1997-06-28,1997,6,28,31.1,87.98,
USW00013958,1997-06-29,1997,6,29,31.7,89.06,
USW00013958,1997-06-30,1997,6,30,32.8,91.04,
USW00013958,1997-07-01,1997,7,1,32.8,91.04,
USW00013958,1997-07-02,1997,7,2,32.8,91.04,
USW00013958,1997-07-03,1997,7,3,33.3,91.94,
USW00013958,1997-07-04,1997,7,4,33.3,91.94,
USW00013958,1997-07-05,1997,7,5,34.4,93.92,
USW00013958,1997-07-06,1997,7,6,33.3,91.94,
USW00013958,1997-07-07,1997,7,7,33.3,91.94,
USW00013958,1997-07-08,1997,7,8,32.8,91.04,
USW00013958,1997-07-09,1997,7,9,33.9,93.02,
USW00013958,1997-07-10,1997,7,10,33.9,93.02,
USW00013958,1997-07-11,1997,7,11,33.3,91.94,
USW00013958,1997-07-12,1997,7,12,33.9,93.02,
USW00013958,1997-07-13,1997,7,13,33.3,91.94,
USW00013958,1997-07-14,1997,7,14,34.4,93.92,
USW00013958,1997-07-15,1997,7,15,36.1,96.98,
USW00013958,1997-07-16,1997,7,16,34.4,93.92,
USW00013958,1997-07-17,1997,7,17,35.0,95.0,
USW00013958,1997-07-18,1997,7,18,34.4,93.92,
USW00013958,1997-07-19,1997,7,19,34.4,93.92,
USW00013958,1997-07-20,1997,7,20,33.3,91.94,
USW00013958,1997-07-21,1997,7,21,34.4,93.92,
USW00013958,1997-07-22,1997,7,22,33.9,93.02,
USW00013958,1997-07-23,1997,7,23,35.6,96.08,
USW00013958,1997-07-24,1997,7,24,35.0,95.0,
USW00013958,1997-07-25,1997,7,25,34.4,93.92,
USW00013958,1997-07-26,1997,7,26,35.0,95.0,
USW00013958,1997-07-27,1997,7,27,35.0,95.0,
USW00013958,1997-07-28,1997,7,28,36.1,96.98,
USW00013958,1997-07-29,1997,7,29,36.1,96.98,
USW00013958,1997-07-30,1997,7,30,36.7,98.06,
USW00013958,1997-07-31,1997,7,31,32.8,91.04,
USW00013958,1997-08-01,1997,8,1,34.4,93.92,
USW00013958,1997-08-02,1997,8,2,34.4,93.92,
USW00013958,1997-08-03,1997,8,3,32.8,91.04,
USW00013958,1997-08-04,1997,8,4,34.4,93.92,
USW00013958,1997-08-05,1997,8,5,35.6,96.08,
USW00013958,1997-08-06,1997,8,6,35.0,95.0,
USW00013958,1997-08-07,1997,8,7,33.3,91.94,
USW00013958,1997-08-08,1997,8,8,23.3,73.94,
USW00013958,1997-08-09,1997,8,9,33.3,91.94,
USW00013958,1997-08-10,1997,8,10,32.8,91.04,
USW00013958,1997-08-11,1997,8,11,33.3,91.94,
USW00013958,1997-08-12,1997,8,12,33.9,93.02,
USW00013958,1997-08-13,1997,8,13,33.3,91.94,
USW00013958,1997-08-14,1997,8,14,33.9,93.02,
USW00013958,1997-08-15,1997,8,15,34.4,93.92,
USW00013958,1997-08-16,1997,8,16,34.4,93.92,
USW00013958,1997-08-17,1997,8,17,35.6,96.08,
USW00013958,1997-08-18,1997,8,18,34.4,93.92,
USW00013958,1997-08-19,1997,8,19,33.9,93.02,
USW00013958,1997-08-20,1997,8,20,36.1,96.98,
USW00013958,1997-08-21,1997,8,21,36.1,96.98,
USW00013958,1997-08-22,1997,8,22,35.0,95.0,
USW00013958,1997-08-23,1997,8,23,33.3,91.94,
USW00013958,1997-08-24,1997,8,24,32.8,91.04,
USW00013958,1997-08-25,1997,8,25,32.2,89.96,
USW00013958,1997-08-26,1997,8,26,33.3,91.94,
USW00013958,1997-08-27,1997,8,27,33.9,93.02,
USW00013958,1997-08-28,1997,8,28,33.9,93.02,
USW00013958,1997-08-29,1997,8,29,34.4,93.92,
USW00013958,1997-08-30,1997,8,30,33.9,93.02,
USW00013958,1997-08-31,1997,8,31,34.4,93.92,
USW00013958,1998-06-01,1998,6,1,37.2,98.96,
USW00013958,1998-06-02,1998,6,2,36.7,98.06,
USW00013958,1998-06-03,1998,6,3,36.1,96.98,
USW00013958,1998-06-04,1998,6,4,36.7,98.06,
USW00013958,1998-06-05,1998,6,5,34.4,93.92,
USW00013958,1998-06-06,1998,6,6,28.9,84.02,
USW00013958,1998-06-07,1998,6,7,30.6,87.08,
USW00013958,1998-06-08,1998,6,8,35.0,95.0,
USW00013958,1998-06-09,1998,6,9,35.6,96.08,
USW00013958,1998-06-10,1998,6,10,35.6,96.08,
USW00013958,1998-06-11,1998,6,11,32.8,91.04,
USW00013958,1998-06-12,1998,6,12,36.1,96.98,
USW00013958,1998-06-13,1998,6,13,37.2,98.96,
USW00013958,1998-06-14,1998,6,14,42.2,107.96,
USW00013958,1998-06-15,1998,6,15,40.0,104.0,
USW00013958,1998-06-16,1998,6,16,37.8,100.04,
USW00013958,1998-06-17,1998,6,17,36.1,96.98,
USW00013958,1998-06-18,1998,6,18,36.7,98.06,
USW00013958,1998-06-19,1998,6,19,37.8,100.04,
USW00013958,1998-06-20,1998,6,20,38.3,100.94,
USW00013958,1998-06-21,1998,6,21,38.3,100.94,
USW00013958,1998-06-22,1998,6,22,37.2,98.96,
USW00013958,1998-06-23,1998,6,23,36.7,98.06,
USW00013958,1998-06-24,1998,6,24,36.7,98.06,
USW00013958,1998-06-25,1998,6,25,36.7,98.06,
USW00013958,1998-06-26,1998,6,26,36.7,98.06,
USW00013958,1998-06-27,1998,6,27,38.3,100.94,
USW00013958,1998-06-28,1998,6,28,36.1,96.98,
USW00013958,1998-06-29,1998,6,29,31.7,89.06,
USW00013958,1998-06-30,1998,6,30,36.1,96.98,
USW00013958,1998-07-01,1998,7,1,37.2,98.96,
USW00013958,1998-07-02,1998,7,2,36.1,96.98,
USW00013958,1998-07-03,1998,7,3,32.8,91.04,
USW00013958,1998-07-04,1998,7,4,30.6,87.08,
USW00013958,1998-07-05,1998,7,5,35.6,96.08,
USW00013958,1998-07-06,1998,7,6,37.2,98.96,
USW00013958,1998-07-07,1998,7,7,38.3,100.94,
USW00013958,1998-07-08,1998,7,8,36.1,96.98,
USW00013958,1998-07-09,1998,7,9,36.7,98.06,
USW00013958,1998-07-10,1998,7,10,37.2,98.96,
USW00013958,1998-07-11,1998,7,11,38.3,100.94,
USW00013958,1998-07-12,1998,7,12,39.4,102.92,
USW00013958,1998-07-13,1998,7,13,37.8,100.04,
USW00013958,1998-07-14,1998,7,14,38.3,100.94,
USW00013958,1998-07-15,1998,7,15,37.2,98.96,
USW00013958,1998-07-16,1998,7,16,38.9,102.02,
USW00013958,1998-07-17,1998,7,17,39.4,102.92,
USW00013958,1998-07-18,1998,7,18,37.8,100.04,
USW00013958,1998-07-19,1998,7,19,37.8,100.04,
USW00013958,1998-07-20,1998,7,20,37.2,98.96,
USW00013958,1998-07-21,1998,7,21,37.2,98.96,
USW00013958,1998-07-22,1998,7,22,37.8,100.04,
USW00013958,1998-07-23,1998,7,23,37.8,100.04,
USW00013958,1998-07-24,1998,7,24,37.8,100.04,
USW00013958,1998-07-25,1998,7,25,38.3,100.94,
USW00013958,1998-07-26,1998,7,26,37.8,100.04,
USW00013958,1998-07-27,1998,7,27,37.8,100.04,
USW00013958,1998-07-28,1998,7,28,37.8,100.04,
USW00013958,1998-07-29,1998,7,29,37.8,100.04,
USW00013958,1998-07-30,1998,7,30,38.3,100.94,
USW00013958,1998-07-31,1998,7,31,38.9,102.02,
USW00013958,1998-08-01,1998,8,1,40.0,104.0,
USW00013958,1998-08-02,1998,8,2,39.4,102.92,
USW00013958,1998-08-03,1998,8,3,40.6,105.08,
USW00013958,1998-08-04,1998,8,4,38.9,102.02,
USW00013958,1998-08-05,1998,8,5,35.6,96.08,
USW00013958,1998-08-06,1998,8,6,31.7,89.06,
USW00013958,1998-08-07,1998,8,7,33.3,91.94,
USW00013958,1998-08-08,1998,8,8,37.2,98.96,
USW00013958,1998-08-09,1998,8,9,37.2,98.96,
USW00013958,1998-08-10,1998,8,10,37.8,100.04,
USW00013958,1998-08-11,1998,8,11,38.3,100.94,
USW00013958,1998-08-12,1998,8,12,37.8,100.04,
USW00013958,1998-08-13,1998,8,13,36.1,96.98,
USW00013958,1998-08-14,1998,8,14,28.3,82.94,
USW00013958,1998-08-15,1998,8,15,36.7,98.06,
USW00013958,1998-08-16,1998,8,16,34.4,93.92,
USW00013958,1998-08-17,1998,8,17,31.1,87.98,
USW00013958,1998-08-18,1998,8,18,33.9,93.02,
USW00013958,1998-08-19,1998,8,19,35.6,96.08,
USW00013958,1998-08-20,1998,8,20,38.3,100.94,
USW00013958,1998-08-21,1998,8,21,36.7,98.06,
USW00013958,1998-08-22,1998,8,22,26.7,80.06,
USW00013958,1998-08-23,1998,8,23,30.0,86.0,
USW00013958,1998-08-24,1998,8,24,33.9,93.02,
USW00013958,1998-08-25,1998,8,25,35.0,95.0,
USW00013958,1998-08-26,1998,8,26,35.6,96.08,
USW00013958,1998-08-27,1998,8,27,36.1,96.98,
USW00013958,1998-08-28,1998,8,28,36.7,98.06,
USW00013958,1998-08-29,1998,8,29,38.9,102.02,
USW00013958,1998-08-30,1998,8,30,36.7,98.06,
USW00013958,1998-08-31,1998,8,31,36.1,96.98,
USW00013958,1999-06-01,1999,6,1,32.8,91.04,
USW00013958,1999-06-02,1999,6,2,31.1,87.98,
USW00013958,1999-06-03,1999,6,3,32.2,89.96,
USW00013958,1999-06-04,1999,6,4,32.2,89.96,
USW00013958,1999-06-05,1999,6,5,32.8,91.04,
USW00013958,1999-06-06,1999,6,6,32.8,91.04,
USW00013958,1999-06-07,1999,6,7,33.3,91.94,
USW00013958,1999-06-08,1999,6,8,32.8,91.04,
USW00013958,1999-06-09,1999,6,9,32.2,89.96,
USW00013958,1999-06-10,1999,6,10,33.3,91.94,
USW00013958,1999-06-11,1999,6,11,34.4,93.92,
USW00013958,1999-06-12,1999,6,12,35.0,95.0,
USW00013958,1999-06-13,1999,6,13,33.3,91.94,
USW00013958,1999-06-14,1999,6,14,32.2,89.96,
USW00013958,1999-06-15,1999,6,15,30.0,86.0,
USW00013958,1999-06-16,1999,6,16,32.8,91.04,
USW00013958,1999-06-17,1999,6,17,29.4,84.92,
USW00013958,1999-06-18,1999,6,18,31.7,89.06,
USW00013958,1999-06-19,1999,6,19,33.3,91.94,
USW00013958,1999-06-20,1999,6,20,24.4,75.92,
USW00013958,1999-06-21,1999,6,21,28.3,82.94,
USW00013958,1999-06-22,1999,6,22,30.0,86.0,
USW00013958,1999-06-23,1999,6,23,32.8,91.04,
USW00013958,1999-06-24,1999,6,24,31.7,89.06,
USW00013958,1999-06-25,1999,6,25,31.1,87.98,
USW00013958,1999-06-26,1999,6,26,32.2,89.96,
USW00013958,1999-06-27,1999,6,27,32.8,91.04,
USW00013958,1999-06-28,1999,6,28,33.3,91.94,
USW00013958,1999-06-29,1999,6,29,32.2,89.96,
USW00013958,1999-06-30,1999,6,30,32.8,91.04,
USW00013958,1999-07-01,1999,7,1,33.3,91.94,
USW00013958,1999-07-02,1999,7,2,33.9,93.02,
USW00013958,1999-07-03,1999,7,3,33.3,91.94,
USW00013958,1999-07-04,1999,7,4,32.2,89.96,
USW00013958,1999-07-05,1999,7,5,32.2,89.96,
USW00013958,1999-07-06,1999,7,6,33.9,93.02,
USW00013958,1999-07-07,1999,7,7,34.4,93.92,
USW00013958,1999-07-08,1999,7,8,35.0,95.0,
USW00013958,1999-07-09,1999,7,9,33.3,91.94,
USW00013958,1999-07-10,1999,7,10,32.8,91.04,
USW00013958,1999-07-11,1999,7,11,31.1,87.98,
USW00013958,1999-07-12,1999,7,12,32.8,91.04,
USW00013958,1999-07-13,1999,7,13,33.3,91.94,
USW00013958,1999-07-14,1999,7,14,32.8,91.04,
USW00013958,1999-07-15,1999,7,15,32.8,91.04,
USW00013958,1999-07-16,1999,7,16,33.9,93.02,
USW00013958,1999-07-17,1999,7,17,31.7,89.06,
USW00013958,1999-07-18,1999,7,18,33.3,91.94,
USW00013958,1999-07-19,1999,7,19,31.7,89.06,
USW00013958,1999-07-20,1999,7,20,30.0,86.0,
USW00013958,1999-07-21,1999,7,21,29.4,84.92,
USW00013958,1999-07-22,1999,7,22,32.8,91.04,
USW00013958,1999-07-23,1999,7,23,35.0,95.0,
USW00013958,1999-07-24,1999,7,24,36.1,96.98,
USW00013958,1999-07-25,1999,7,25,34.4,93.92,
USW00013958,1999-07-26,1999,7,26,35.6,96.08,
USW00013958,1999-07-27,1999,7,27,36.1,96.98,
USW00013958,1999-07-28,1999,7,28,36.7,98.06,
USW00013958,1999-07-29,1999,7,29,37.2,98.96,
USW00013958,1999-07-30,1999,7,30,37.8,100.04,
USW00013958,1999-07-31,1999,7,31,37.8,100.04,
USW00013958,1999-08-01,1999,8,1,37.2,98.96,
USW00013958,1999-08-02,1999,8,2,36.7,98.06,
USW00013958,1999-08-03,1999,8,3,37.2,98.96,
USW00013958,1999-08-04,1999,8,4,36.7,98.06,
USW00013958,1999-08-05,1999,8,5,38.3,100.94,
USW00013958,1999-08-06,1999,8,6,37.8,100.04,
USW00013958,1999-08-07,1999,8,7,37.8,100.04,
USW00013958,1999-08-08,1999,8,8,37.2,98.96,
USW00013958,1999-08-09,1999,8,9,38.3,100.94,
USW00013958,1999-08-10,1999,8,10,38.9,102.02,
USW00013958,1999-08-11,1999,8,11,38.3,100.94,
USW00013958,1999-08-12,1999,8,12,38.3,100.94,
USW00013958,1999-08-13,1999,8,13,38.9,102.02,
USW00013958,1999-08-14,1999,8,14,39.4,102.92,
USW00013958,1999-08-15,1999,8,15,40.0,104.0,
USW00013958,1999-08-16,1999,8,16,38.3,100.94,
USW00013958,1999-08-17,1999,8,17,36.7,98.06,
USW00013958,1999-08-18,1999,8,18,37.2,98.96,
USW00013958,1999-08-19,1999,8,19,38.9,102.02,
USW00013958,1999-08-20,1999,8,20,41.1,105.98,
USW00013958,1999-08-21,1999,8,21,40.0,104.0,
USW00013958,1999-08-22,1999,8,22,36.1,96.98,
USW00013958,1999-08-23,1999,8,23,33.9,93.02,
USW00013958,1999-08-24,1999,8,24,35.6,96.08,
USW00013958,1999-08-25,1999,8,25,38.3,100.94,
USW00013958,1999-08-26,1999,8,26,38.9,102.02,
USW00013958,1999-08-27,1999,8,27,39.4,102.92,
USW00013958,1999-08-28,1999,8,28,37.2,98.96,
USW00013958,1999-08-29,1999,8,29,38.9,102.02,
USW00013958,1999-08-30,1999,8,30,38.9,102.02,
USW00013958,1999-08-31,1999,8,31,38.3,100.94,
USW00013958,2000-06-01,2000,6,1,35.6,96.08,
USW00013958,2000-06-02,2000,6,2,35.0,95.0,
USW00013958,2000-06-03,2000,6,3,35.0,95.0,
USW00013958,2000-06-04,2000,6,4,29.4,84.92,
USW00013958,2000-06-05,2000,6,5,30.0,86.0,
USW00013958,2000-06-06,2000,6,6,31.1,87.98,
USW00013958,2000-06-07,2000,6,7,30.0,86.0,
USW00013958,2000-06-08,2000,6,8,30.6,87.08,
USW00013958,2000-06-09,2000,6,9,23.9,75.02,
USW00013958,2000-06-10,2000,6,10,31.1,87.98,
USW00013958,2000-06-11,2000,6,11,32.2,89.96,
USW00013958,2000-06-12,2000,6,12,31.7,89.06,
USW00013958,2000-06-13,2000,6,13,31.7,89.06,
USW00013958,2000-06-14,2000,6,14,32.2,89.96,
USW00013958,2000-06-15,2000,6,15,31.7,89.06,
USW00013958,2000-06-16,2000,6,16,33.3,91.94,
USW00013958,2000-06-17,2000,6,17,32.8,91.04,
USW00013958,2000-06-18,2000,6,18,32.2,89.96,
USW00013958,2000-06-19,2000,6,19,32.8,91.04,
USW00013958,2000-06-20,2000,6,20,32.8,91.04,
USW00013958,2000-06-21,2000,6,21,32.8,91.04,
USW00013958,2000-06-22,2000,6,22,33.3,91.94,
USW00013958,2000-06-23,2000,6,23,33.3,91.94,
USW00013958,2000-06-24,2000,6,24,33.9,93.02,
USW00013958,2000-06-25,2000,6,25,34.4,93.92,
USW00013958,2000-06-26,2000,6,26,33.9,93.02,
USW00013958,2000-06-27,2000,6,27,34.4,93.92,
USW00013958,2000-06-28,2000,6,28,35.0,95.0,
USW00013958,2000-06-29,2000,6,29,35.0,95.0,
USW00013958,2000-06-30,2000,6,30,35.0,95.0,
USW00013958,2000-07-01,2000,7,1,36.1,96.98,
USW00013958,2000-07-02,2000,7,2,35.6,96.08,
USW00013958,2000-07-03,2000,7,3,35.6,96.08,
USW00013958,2000-07-04,2000,7,4,35.6,96.08,
USW00013958,2000-07-05,2000,7,5,35.6,96.08,
USW00013958,2000-07-06,2000,7,6,35.6,96.08,
USW00013958,2000-07-07,2000,7,7,37.2,98.96,
USW00013958,2000-07-08,2000,7,8,37.2,98.96,
USW00013958,2000-07-09,2000,7,9,36.7,98.06,
USW00013958,2000-07-10,2000,7,10,37.2,98.96,
USW00013958,2000-07-11,2000,7,11,37.2,98.96,
USW00013958,2000-07-12,2000,7,12,38.3,100.94,
USW00013958,2000-07-13,2000,7,13,40.0,104.0,
USW00013958,2000-07-14,2000,7,14,41.1,105.98,
USW00013958,2000-07-15,2000,7,15,41.7,107.06,
USW00013958,2000-07-16,2000,7,16,40.6,105.08,
USW00013958,2000-07-17,2000,7,17,37.8,100.04,
USW00013958,2000-07-18,2000,7,18,37.8,100.04,
USW00013958,2000-07-19,2000,7,19,38.9,102.02,
USW00013958,2000-07-20,2000,7,20,40.0,104.0,
USW00013958,2000-07-21,2000,7,21,40.0,104.0,
USW00013958,2000-07-22,2000,7,22,38.3,100.94,
USW00013958,2000-07-23,2000,7,23,38.3,100.94,
USW00013958,2000-07-24,2000,7,24,36.1,96.98,
USW00013958,2000-07-25,2000,7,25,37.2,98.96,
USW00013958,2000-07-26,2000,7,26,37.2,98.96,
USW00013958,2000-07-27,2000,7,27,36.1,96.98,
USW00013958,2000-07-28,2000,7,28,36.7,98.06,
USW00013958,2000-07-29,2000,7,29,37.2,98.96,
USW00013958,2000-07-30,2000,7,30,33.3,91.94,
USW00013958,2000-07-31,2000,7,31,34.4,93.92,
USW00013958,2000-08-01,2000,8,1,36.1,96.98,
USW00013958,2000-08-02,2000,8,2,37.8,100.04,
USW00013958,2000-08-03,2000,8,3,37.8,100.04,
USW00013958,2000-08-04,2000,8,4,36.7,98.06,
USW00013958,2000-08-05,2000,8,5,37.2,98.96,
USW00013958,2000-08-06,2000,8,6,38.3,100.94,
USW00013958,2000-08-07,2000,8,7,37.8,100.04,
USW00013958,2000-08-08,2000,8,8,37.8,100.04,
USW00013958,2000-08-09,2000,8,9,37.2,98.96,
USW00013958,2000-08-10,2000,8,10,37.8,100.04,
USW00013958,2000-08-11,2000,8,11,39.4,102.92,
USW00013958,2000-08-12,2000,8,12,40.0,104.0,
USW00013958,2000-08-13,2000,8,13,39.4,102.92,
USW00013958,2000-08-14,2000,8,14,37.2,98.96,
USW00013958,2000-08-15,2000,8,15,32.8,91.04,
USW00013958,2000-08-16,2000,8,16,37.8,100.04,
USW00013958,2000-08-17,2000,8,17,39.4,102.92,
USW00013958,2000-08-18,2000,8,18,38.9,102.02,
USW00013958,2000-08-19,2000,8,19,37.8,100.04,
USW00013958,2000-08-20,2000,8,20,37.2,98.96,
USW00013958,2000-08-21,2000,8,21,38.3,100.94,
USW00013958,2000-08-22,2000,8,22,35.6,96.08,
USW00013958,2000-08-23,2000,8,23,36.1,96.98,
USW00013958,2000-08-24,2000,8,24,37.2,98.96,
USW00013958,2000-08-25,2000,8,25,37.8,100.04,
USW00013958,2000-08-26,2000,8,26,37.8,100.04,
USW00013958,2000-08-27,2000,8,27,37.8,100.04,
USW00013958,2000-08-28,2000,8,28,38.3,100.94,
USW00013958,2000-08-29,2000,8,29,38.3,100.94,
USW00013958,2000-08-30,2000,8,30,39.4,102.92,
USW00013958,2000-08-31,2000,8,31,41.7,107.06,
USW00013958,2001-06-01,2001,6,1,32.8,91.04,
USW00013958,2001-06-02,2001,6,2,35.0,95.0,
USW00013958,2001-06-03,2001,6,3,34.4,93.92,
USW00013958,2001-06-04,2001,6,4,34.4,93.92,
USW00013958,2001-06-05,2001,6,5,31.1,87.98,
USW00013958,2001-06-06,2001,6,6,33.9,93.02,
USW00013958,2001-06-07,2001,6,7,31.7,89.06,
USW00013958,2001-06-08,2001,6,8,28.9,84.02,
USW00013958,2001-06-09,2001,6,9,31.7,89.06,
USW00013958,2001-06-10,2001,6,10,32.2,89.96,
USW00013958,2001-06-11,2001,6,11,35.6,96.08,
USW00013958,2001-06-12,2001,6,12,36.7,98.06,
USW00013958,2001-06-13,2001,6,13,36.1,96.98,
USW00013958,2001-06-14,2001,6,14,35.6,96.08,
USW00013958,2001-06-15,2001,6,15,32.2,89.96,
USW00013958,2001-06-16,2001,6,16,34.4,93.92,
USW00013958,2001-06-17,2001,6,17,35.0,95.0,
USW00013958,2001-06-18,2001,6,18,33.9,93.02,
USW00013958,2001-06-19,2001,6,19,34.4,93.92,
USW00013958,2001-06-20,2001,6,20,34.4,93.92,
USW00013958,2001-06-21,2001,6,21,36.7,98.06,
USW00013958,2001-06-22,2001,6,22,32.2,89.96,
USW00013958,2001-06-23,2001,6,23,32.8,91.04,
USW00013958,2001-06-24,2001,6,24,33.3,91.94,
USW00013958,2001-06-25,2001,6,25,33.3,91.94,
USW00013958,2001-06-26,2001,6,26,35.0,95.0,
USW00013958,2001-06-27,2001,6,27,35.6,96.08,
USW00013958,2001-06-28,2001,6,28,35.6,96.08,
USW00013958,2001-06-29,2001,6,29,36.1,96.98,
USW00013958,2001-06-30,2001,6,30,35.6,96.08,
USW00013958,2001-07-01,2001,7,1,30.0,86.0,
USW00013958,2001-07-02,2001,7,2,33.9,93.02,
USW00013958,2001-07-03,2001,7,3,33.9,93.02,
USW00013958,2001-07-04,2001,7,4,35.0,95.0,
USW00013958,2001-07-05,2001,7,5,36.7,98.06,
USW00013958,2001-07-06,2001,7,6,36.7,98.06,
USW00013958,2001-07-07,2001,7,7,36.7,98.06,
USW00013958,2001-07-08,2001,7,8,36.1,96.98,
USW00013958,2001-07-09,2001,7,9,37.2,98.96,
USW00013958,2001-07-10,2001,7,10,37.8,100.04,
USW00013958,2001-07-11,2001,7,11,37.2,98.96,
USW00013958,2001-07-12,2001,7,12,37.8,100.04,
USW00013958,2001-07-13,2001,7,13,38.3,100.94,
USW00013958,2001-07-14,2001,7,14,38.3,100.94,
USW00013958,2001-07-15,2001,7,15,38.3,100.94,
USW00013958,2001-07-16,2001,7,16,37.8,100.04,
USW00013958,2001-07-17,2001,7,17,37.8,100.04,
USW00013958,2001-07-18,2001,7,18,37.8,100.04,
USW00013958,2001-07-19,2001,7,19,37.8,100.04,
USW00013958,2001-07-20,2001,7,20,38.9,102.02,
USW00013958,2001-07-21,2001,7,21,39.4,102.92,
USW00013958,2001-07-22,2001,7,22,39.4,102.92,
USW00013958,2001-07-23,2001,7,23,38.9,102.02,
USW00013958,2001-07-24,2001,7,24,37.8,100.04,
USW00013958,2001-07-25,2001,7,25,37.8,100.04,
USW00013958,2001-07-26,2001,7,26,38.3,100.94,
USW00013958,2001-07-27,2001,7,27,37.8,100.04,
USW00013958,2001-07-28,2001,7,28,38.9,102.02,
USW00013958,2001-07-29,2001,7,29,38.3,100.94,
USW00013958,2001-07-30,2001,7,30,38.3,100.94,
USW00013958,2001-07-31,2001,7,31,38.3,100.94,
USW00013958,2001-08-01,2001,8,1,37.8,100.04,
USW00013958,2001-08-02,2001,8,2,35.6,96.08,
USW00013958,2001-08-03,2001,8,3,36.7,98.06,
USW00013958,2001-08-04,2001,8,4,37.2,98.96,
USW00013958,2001-08-05,2001,8,5,39.4,102.92,
USW00013958,2001-08-06,2001,8,6,38.9,102.02,
USW00013958,2001-08-07,2001,8,7,36.7,98.06,
USW00013958,2001-08-08,2001,8,8,38.3,100.94,
USW00013958,2001-08-09,2001,8,9,38.9,102.02,
USW00013958,2001-08-10,2001,8,10,38.3,100.94,
USW00013958,2001-08-11,2001,8,11,38.9,102.02,
USW00013958,2001-08-12,2001,8,12,38.9,102.02,
USW00013958,2001-08-13,2001,8,13,38.9,102.02,
USW00013958,2001-08-14,2001,8,14,34.4,93.92,
USW00013958,2001-08-15,2001,8,15,38.9,102.02,
USW00013958,2001-08-16,2001,8,16,38.3,100.94,
USW00013958,2001-08-17,2001,8,17,39.4,102.92,
USW00013958,2001-08-18,2001,8,18,40.6,105.08,
USW00013958,2001-08-19,2001,8,19,36.1,96.98,
USW00013958,2001-08-20,2001,8,20,37.8,100.04,
USW00013958,2001-08-21,2001,8,21,38.3,100.94,
USW00013958,2001-08-22,2001,8,22,38.3,100.94,
USW00013958,2001-08-23,2001,8,23,37.8,100.04,
USW00013958,2001-08-24,2001,8,24,37.2,98.96,
USW00013958,2001-08-25,2001,8,25,38.3,100.94,
USW00013958,2001-08-26,2001,8,26,38.9,102.02,
USW00013958,2001-08-27,2001,8,27,32.2,89.96,
USW00013958,2001-08-28,2001,8,28,30.6,87.08,
USW00013958,2001-08-29,2001,8,29,24.4,75.92,
USW00013958,2001-08-30,2001,8,30,23.9,75.02,
USW00013958,2001-08-31,2001,8,31,28.3,82.94,
USW00013958,2002-06-01,2002,6,1,33.3,91.94,
USW00013958,2002-06-02,2002,6,2,33.3,91.94,
USW00013958,2002-06-03,2002,6,3,34.4,93.92,
USW00013958,2002-06-04,2002,6,4,35.0,95.0,
USW00013958,2002-06-05,2002,6,5,35.0,95.0,
USW00013958,2002-06-06,2002,6,6,33.9,93.02,
USW00013958,2002-06-07,2002,6,7,35.6,96.08,
USW00013958,2002-06-08,2002,6,8,36.1,96.98,
USW00013958,2002-06-09,2002,6,9,35.6,96.08,
USW00013958,2002-06-10,2002,6,10,36.1,96.98,
USW00013958,2002-06-11,2002,6,11,36.7,98.06,
USW00013958,2002-06-12,2002,6,12,36.1,96.98,
USW00013958,2002-06-13,2002,6,13,35.6,96.08,
USW00013958,2002-06-14,2002,6,14,36.1,96.98,
USW00013958,2002-06-15,2002,6,15,31.7,89.06,
USW00013958,2002-06-16,2002,6,16,30.6,87.08,
USW00013958,2002-06-17,2002,6,17,32.8,91.04,
USW00013958,2002-06-18,2002,6,18,32.8,91.04,
USW00013958,2002-06-19,2002,6,19,36.1,96.98,
USW00013958,2002-06-20,2002,6,20,35.0,95.0,
USW00013958,2002-06-21,2002,6,21,34.4,93.92,
USW00013958,2002-06-22,2002,6,22,34.4,93.92,
USW00013958,2002-06-23,2002,6,23,36.1,96.98,
USW00013958,2002-06-24,2002,6,24,35.6,96.08,
USW00013958,2002-06-25,2002,6,25,35.6,96.08,
USW00013958,2002-06-26,2002,6,26,36.1,96.98,
USW00013958,2002-06-27,2002,6,27,33.3,91.94,
USW00013958,2002-06-28,2002,6,28,33.9,93.02,
USW00013958,2002-06-29,2002,6,29,27.2,80.96,
USW00013958,2002-06-30,2002,6,30,28.3,82.94,
USW00013958,2002-07-01,2002,7,1,25.0,77.0,
USW00013958,2002-07-02,2002,7,2,24.4,75.92,
USW00013958,2002-07-03,2002,7,3,32.2,89.96,
USW00013958,2002-07-04,2002,7,4,32.8,91.04,
USW00013958,2002-07-05,2002,7,5,31.1,87.98,
USW00013958,2002-07-06,2002,7,6,33.3,91.94,
USW00013958,2002-07-07,2002,7,7,33.9,93.02,
USW00013958,2002-07-08,2002,7,8,35.6,96.08,
USW00013958,2002-07-09,2002,7,9,33.3,91.94,
USW00013958,2002-07-10,2002,7,10,32.2,89.96,
USW00013958,2002-07-11,2002,7,11,35.0,95.0,
USW00013958,2002-07-12,2002,7,12,35.0,95.0,
USW00013958,2002-07-13,2002,7,13,31.7,89.06,
USW00013958,2002-07-14,2002,7,14,30.0,86.0,
USW00013958,2002-07-15,2002,7,15,28.3,82.94,
USW00013958,2002-07-16,2002,7,16,28.3,82.94,
USW00013958,2002-07-17,2002,7,17,28.3,82.94,
USW00013958,2002-07-18,2002,7,18,32.8,91.04,
USW00013958,2002-07-19,2002,7,19,32.8,91.04,
USW00013958,2002-07-20,2002,7,20,33.3,91.94,
USW00013958,2002-07-21,2002,7,21,33.3,91.94,
USW00013958,2002-07-22,2002,7,22,33.9,93.02,
USW00013958,2002-07-23,2002,7,23,35.0,95.0,
USW00013958,2002-07-24,2002,7,24,35.6,96.08,
USW00013958,2002-07-25,2002,7,25,35.6,96.08,
USW00013958,2002-07-26,2002,7,26,34.4,93.92,
USW00013958,2002-07-27,2002,7,27,33.9,93.02,
USW00013958,2002-07-28,2002,7,28,35.0,95.0,
USW00013958,2002-07-29,2002,7,29,34.4,93.92,
USW00013958,2002-07-30,2002,7,30,34.4,93.92,
USW00013958,2002-07-31,2002,7,31,35.0,95.0,
USW00013958,2002-08-01,2002,8,1,34.4,93.92,
USW00013958,2002-08-02,2002,8,2,35.6,96.08,
USW00013958,2002-08-03,2002,8,3,36.7,98.06,
USW00013958,2002-08-04,2002,8,4,35.0,95.0,
USW00013958,2002-08-05,2002,8,5,34.4,93.92,
USW00013958,2002-08-06,2002,8,6,35.6,96.08,
USW00013958,2002-08-07,2002,8,7,36.7,98.06,
USW00013958,2002-08-08,2002,8,8,33.9,93.02,
USW00013958,2002-08-09,2002,8,9,33.9,93.02,
USW00013958,2002-08-10,2002,8,10,33.3,91.94,
USW00013958,2002-08-11,2002,8,11,33.3,91.94,
USW00013958,2002-08-12,2002,8,12,34.4,93.92,
USW00013958,2002-08-13,2002,8,13,35.0,95.0,
USW00013958,2002-08-14,2002,8,14,34.4,93.92,
USW00013958,2002-08-15,2002,8,15,33.9,93.02,
USW00013958,2002-08-16,2002,8,16,34.4,93.92,
USW00013958,2002-08-17,2002,8,17,35.0,95.0,
USW00013958,2002-08-18,2002,8,18,35.6,96.08,
USW00013958,2002-08-19,2002,8,19,35.6,96.08,
USW00013958,2002-08-20,2002,8,20,35.6,96.08,
USW00013958,2002-08-21,2002,8,21,35.6,96.08,
USW00013958,2002-08-22,2002,8,22,36.1,96.98,
USW00013958,2002-08-23,2002,8,23,35.6,96.08,
USW00013958,2002-08-24,2002,8,24,35.6,96.08,
USW00013958,2002-08-25,2002,8,25,37.8,100.04,
USW00013958,2002-08-26,2002,8,26,38.9,102.02,
USW00013958,2002-08-27,2002,8,27,37.2,98.96,
USW00013958,2002-08-28,2002,8,28,36.1,96.98,
USW00013958,2002-08-29,2002,8,29,34.4,93.92,
USW00013958,2002-08-30,2002,8,30,35.0,95.0,
USW00013958,2002-08-31,2002,8,31,36.1,96.98,
USW00013958,2003-06-01,2003,6,1,35.6,96.08,
USW00013958,2003-06-02,2003,6,2,35.0,95.0,
USW00013958,2003-06-03,2003,6,3,35.6,96.08,
USW00013958,2003-06-04,2003,6,4,32.8,91.04,
USW00013958,2003-06-05,2003,6,5,28.3,82.94,
USW00013958,2003-06-06,2003,6,6,29.4,84.92,
USW00013958,2003-06-07,2003,6,7,32.2,89.96,
USW00013958,2003-06-08,2003,6,8,31.1,87.98,
USW00013958,2003-06-09,2003,6,9,33.9,93.02,
USW00013958,2003-06-10,2003,6,10,31.1,87.98,
USW00013958,2003-06-11,2003,6,11,35.0,95.0,
USW00013958,2003-06-12,2003,6,12,35.0,95.0,
USW00013958,2003-06-13,2003,6,13,33.3,91.94,
USW00013958,2003-06-14,2003,6,14,32.8,91.04,
USW00013958,2003-06-15,2003,6,15,28.9,84.02,
USW00013958,2003-06-16,2003,6,16,32.2,89.96,
USW00013958,2003-06-17,2003,6,17,32.2,89.96,
USW00013958,2003-06-18,2003,6,18,32.8,91.04,
USW00013958,2003-06-19,2003,6,19,34.4,93.92,
USW00013958,2003-06-20,2003,6,20,35.0,95.0,
USW00013958,2003-06-21,2003,6,21,35.6,96.08,
USW00013958,2003-06-22,2003,6,22,35.6,96.08,
USW00013958,2003-06-23,2003,6,23,36.1,96.98,
USW00013958,2003-06-24,2003,6,24,36.1,96.98,
USW00013958,2003-06-25,2003,6,25,36.7,98.06,
USW00013958,2003-06-26,2003,6,26,35.0,95.0,
USW00013958,2003-06-27,2003,6,27,32.8,91.04,
USW00013958,2003-06-28,2003,6,28,35.6,96.08,
USW00013958,2003-06-29,2003,6,29,34.4,93.92,
USW00013958,2003-06-30,2003,6,30,35.0,95.0,
USW00013958,2003-07-01,2003,7,1,36.7,98.06,
USW00013958,2003-07-02,2003,7,2,35.0,95.0,
USW00013958,2003-07-03,2003,7,3,35.6,96.08,
USW00013958,2003-07-04,2003,7,4,31.1,87.98,
USW00013958,2003-07-05,2003,7,5,28.3,82.94,
USW00013958,2003-07-06,2003,7,6,33.9,93.02,
USW00013958,2003-07-07,2003,7,7,32.2,89.96,
USW00013958,2003-07-08,2003,7,8,32.8,91.04,
USW00013958,2003-07-09,2003,7,9,32.8,91.04,
USW00013958,2003-07-10,2003,7,10,34.4,93.92,
USW00013958,2003-07-11,2003,7,11,36.7,98.06,
USW00013958,2003-07-12,2003,7,12,36.1,96.98,
USW00013958,2003-07-13,2003,7,13,37.2,98.96,
USW00013958,2003-07-14,2003,7,14,36.1,96.98,
USW00013958,2003-07-15,2003,7,15,31.1,87.98,
USW00013958,2003-07-16,2003,7,16,32.2,89.96,
USW00013958,2003-07-17,2003,7,17,35.0,95.0,
USW00013958,2003-07-18,2003,7,18,36.1,96.98,
USW00013958,2003-07-19,2003,7,19,36.1,96.98,
USW00013958,2003-07-20,2003,7,20,36.1,96.98,
USW00013958,2003-07-21,2003,7,21,36.7,98.06,
USW00013958,2003-07-22,2003,7,22,36.7,98.06,
USW00013958,2003-07-23,2003,7,23,32.8,91.04,
USW00013958,2003-07-24,2003,7,24,36.1,96.98,
USW00013958,2003-07-25,2003,7,25,36.1,96.98,
USW00013958,2003-07-26,2003,7,26,36.7,98.06,
USW00013958,2003-07-27,2003,7,27,36.7,98.06,
USW00013958,2003-07-28,2003,7,28,35.0,95.0,
USW00013958,2003-07-29,2003,7,29,37.2,98.96,
USW00013958,2003-07-30,2003,7,30,38.3,100.94,
USW00013958,2003-07-31,2003,7,31,37.8,100.04,
USW00013958,2003-08-01,2003,8,1,38.3,100.94,
USW00013958,2003-08-02,2003,8,2,38.3,100.94,
USW00013958,2003-08-03,2003,8,3,36.7,98.06,
USW00013958,2003-08-04,2003,8,4,38.3,100.94,
USW00013958,2003-08-05,2003,8,5,38.3,100.94,
USW00013958,2003-08-06,2003,8,6,39.4,102.92,
USW00013958,2003-08-07,2003,8,7,42.2,107.96,
USW00013958,2003-08-08,2003,8,8,43.3,109.94,
USW00013958,2003-08-09,2003,8,9,37.2,98.96,
USW00013958,2003-08-10,2003,8,10,37.2,98.96,
USW00013958,2003-08-11,2003,8,11,36.1,96.98,
USW00013958,2003-08-12,2003,8,12,32.8,91.04,
USW00013958,2003-08-13,2003,8,13,31.1,87.98,
USW00013958,2003-08-14,2003,8,14,27.8,82.04,
USW00013958,2003-08-15,2003,8,15,35.6,96.08,
USW00013958,2003-08-16,2003,8,16,36.7,98.06,
USW00013958,2003-08-17,2003,8,17,36.1,96.98,
USW00013958,2003-08-18,2003,8,18,37.2,98.96,
USW00013958,2003-08-19,2003,8,19,36.1,96.98,
USW00013958,2003-08-20,2003,8,20,36.1,96.98,
USW00013958,2003-08-21,2003,8,21,35.6,96.08,
USW00013958,2003-08-22,2003,8,22,34.4,93.92,
USW00013958,2003-08-23,2003,8,23,34.4,93.92,
USW00013958,2003-08-24,2003,8,24,36.7,98.06,
USW00013958,2003-08-25,2003,8,25,36.7,98.06,
USW00013958,2003-08-26,2003,8,26,36.7,98.06,
USW00013958,2003-08-27,2003,8,27,37.8,100.04,
USW00013958,2003-08-28,2003,8,28,37.2,98.96,
USW00013958,2003-08-29,2003,8,29,37.2,98.96,
USW00013958,2003-08-30,2003,8,30,36.7,98.06,
USW00013958,2003-08-31,2003,8,31,30.0,86.0,
USW00013958,2004-06-01,2004,6,1,36.1,96.98,
USW00013958,2004-06-02,2004,6,2,35.0,95.0,
USW00013958,2004-06-03,2004,6,3,33.3,91.94,
USW00013958,2004-06-04,2004,6,4,33.3,91.94,
USW00013958,2004-06-05,2004,6,5,31.7,89.06,
USW00013958,2004-06-06,2004,6,6,32.8,91.04,
USW00013958,2004-06-07,2004,6,7,31.7,89.06,
USW00013958,2004-06-08,2004,6,8,25.0,77.0,
USW00013958,2004-06-09,2004,6,9,26.7,80.06,
USW00013958,2004-06-10,2004,6,10,31.1,87.98,
USW00013958,2004-06-11,2004,6,11,31.1,87.98,
USW00013958,2004-06-12,2004,6,12,32.2,89.96,
USW00013958,2004-06-13,2004,6,13,32.2,89.96,
USW00013958,2004-06-14,2004,6,14,32.8,91.04,
USW00013958,2004-06-15,2004,6,15,30.6,87.08,
USW00013958,2004-06-16,2004,6,16,32.2,89.96,
USW00013958,2004-06-17,2004,6,17,31.7,89.06,
USW00013958,2004-06-18,2004,6,18,33.3,91.94,
USW00013958,2004-06-19,2004,6,19,33.3,91.94,
USW00013958,2004-06-20,2004,6,20,33.9,93.02,
USW00013958,2004-06-21,2004,6,21,32.8,91.04,
USW00013958,2004-06-22,2004,6,22,29.4,84.92,
USW00013958,2004-06-23,2004,6,23,30.6,87.08,
USW00013958,2004-06-24,2004,6,24,30.6,87.08,
USW00013958,2004-06-25,2004,6,25,32.2,89.96,
USW00013958,2004-06-26,2004,6,26,29.4,84.92,
USW00013958,2004-06-27,2004,6,27,29.4,84.92,
USW00013958,2004-06-28,2004,6,28,31.7,89.06,
USW00013958,2004-06-29,2004,6,29,26.1,78.98,
USW00013958,2004-06-30,2004,6,30,29.4,84.92,
USW00013958,2004-07-01,2004,7,1,31.7,89.06,
USW00013958,2004-07-02,2004,7,2,33.3,91.94,
USW00013958,2004-07-03,2004,7,3,32.2,89.96,
USW00013958,2004-07-04,2004,7,4,32.8,91.04,
USW00013958,2004-07-05,2004,7,5,32.8,91.04,
USW00013958,2004-07-06,2004,7,6,33.3,91.94,
USW00013958,2004-07-07,2004,7,7,33.3,91.94,
USW00013958,2004-07-08,2004,7,8,33.3,91.94,
USW00013958,2004-07-09,2004,7,9,33.3,91.94,
USW00013958,2004-07-10,2004,7,10,32.8,91.04,
USW00013958,2004-07-11,2004,7,11,32.2,89.96,
USW00013958,2004-07-12,2004,7,12,32.8,91.04,
USW00013958,2004-07-13,2004,7,13,33.9,93.02,
USW00013958,2004-07-14,2004,7,14,35.6,96.08,
USW00013958,2004-07-15,2004,7,15,35.0,95.0,
USW00013958,2004-07-16,2004,7,16,33.9,93.02,
USW00013958,2004-07-17,2004,7,17,36.7,98.06,
USW00013958,2004-07-18,2004,7,18,33.3,91.94,
USW00013958,2004-07-19,2004,7,19,35.6,96.08,
USW00013958,2004-07-20,2004,7,20,33.9,93.02,
USW00013958,2004-07-21,2004,7,21,33.9,93.02,
USW00013958,2004-07-22,2004,7,22,34.4,93.92,
USW00013958,2004-07-23,2004,7,23,35.6,96.08,
USW00013958,2004-07-24,2004,7,24,35.6,96.08,
USW00013958,2004-07-25,2004,7,25,35.0,95.0,
USW00013958,2004-07-26,2004,7,26,31.1,87.98,
USW00013958,2004-07-27,2004,7,27,32.8,91.04,
USW00013958,2004-07-28,2004,7,28,35.0,95.0,
USW00013958,2004-07-29,2004,7,29,34.4,93.92,
USW00013958,2004-07-30,2004,7,30,32.2,89.96,
USW00013958,2004-07-31,2004,7,31,35.6,96.08,
USW00013958,2004-08-01,2004,8,1,36.1,96.98,
USW00013958,2004-08-02,2004,8,2,36.1,96.98,
USW00013958,2004-08-03,2004,8,3,36.7,98.06,
USW00013958,2004-08-04,2004,8,4,37.2,98.96,
USW00013958,2004-08-05,2004,8,5,38.3,100.94,
USW00013958,2004-08-06,2004,8,6,34.4,93.92,
USW00013958,2004-08-07,2004,8,7,33.3,91.94,
USW00013958,2004-08-08,2004,8,8,33.9,93.02,
USW00013958,2004-08-09,2004,8,9,34.4,93.92,
USW00013958,2004-08-10,2004,8,10,36.7,98.06,
USW00013958,2004-08-11,2004,8,11,35.6,96.08,
USW00013958,2004-08-12,2004,8,12,32.2,89.96,
USW00013958,2004-08-13,2004,8,13,32.2,89.96,
USW00013958,2004-08-14,2004,8,14,32.2,89.96,
USW00013958,2004-08-15,2004,8,15,31.1,87.98,
USW00013958,2004-08-16,2004,8,16,32.8,91.04,
USW00013958,2004-08-17,2004,8,17,33.3,91.94,
USW00013958,2004-08-18,2004,8,18,35.0,95.0,
USW00013958,2004-08-19,2004,8,19,36.7,98.06,
USW00013958,2004-08-20,2004,8,20,36.1,96.98,
USW00013958,2004-08-21,2004,8,21,32.2,89.96,
USW00013958,2004-08-22,2004,8,22,30.6,87.08,
USW00013958,2004-08-23,2004,8,23,32.8,91.04,
USW00013958,2004-08-24,2004,8,24,35.0,95.0,
USW00013958,2004-08-25,2004,8,25,35.6,96.08,
USW00013958,2004-08-26,2004,8,26,36.7,98.06,
USW00013958,2004-08-27,2004,8,27,36.1,96.98,
USW00013958,2004-08-28,2004,8,28,33.9,93.02,
USW00013958,2004-08-29,2004,8,29,33.9,93.02,
USW00013958,2004-08-30,2004,8,30,34.4,93.92,
USW00013958,2004-08-31,2004,8,31,33.3,91.94,
USW00013958,2005-06-01,2005,6,1,31.7,89.06,
USW00013958,2005-06-02,2005,6,2,32.2,89.96,
USW00013958,2005-06-03,2005,6,3,30.6,87.08,
USW00013958,2005-06-04,2005,6,4,33.3,91.94,
USW00013958,2005-06-05,2005,6,5,33.9,93.02,
USW00013958,2005-06-06,2005,6,6,33.3,91.94,
USW00013958,2005-06-07,2005,6,7,33.9,93.02,
USW00013958,2005-06-08,2005,6,8,33.9,93.02,
USW00013958,2005-06-09,2005,6,9,33.3,91.94,
USW00013958,2005-06-10,2005,6,10,33.9,93.02,
USW00013958,2005-06-11,2005,6,11,34.4,93.92,
USW00013958,2005-06-12,2005,6,12,33.9,93.02,
USW00013958,2005-06-13,2005,6,13,32.8,91.04,
USW00013958,2005-06-14,2005,6,14,35.0,95.0,
USW00013958,2005-06-15,2005,6,15,36.1,96.98,
USW00013958,2005-06-16,2005,6,16,36.1,96.98,
USW00013958,2005-06-17,2005,6,17,36.1,96.98,
USW00013958,2005-06-18,2005,6,18,35.6,96.08,
USW00013958,2005-06-19,2005,6,19,35.0,95.0,
USW00013958,2005-06-20,2005,6,20,35.0,95.0,
USW00013958,2005-06-21,2005,6,21,35.0,95.0,
USW00013958,2005-06-22,2005,6,22,35.0,95.0,
USW00013958,2005-06-23,2005,6,23,35.6,96.08,
USW00013958,2005-06-24,2005,6,24,35.0,95.0,
USW00013958,2005-06-25,2005,6,25,35.0,95.0,
USW00013958,2005-06-26,2005,6,26,35.6,96.08,
USW00013958,2005-06-27,2005,6,27,35.6,96.08,
USW00013958,2005-06-28,2005,6,28,35.6,96.08,
USW00013958,2005-06-29,2005,6,29,36.7,98.06,
USW00013958,2005-06-30,2005,6,30,37.8,100.04,
USW00013958,2005-07-01,2005,7,1,38.3,100.94,
USW00013958,2005-07-02,2005,7,2,38.9,102.02,
USW00013958,2005-07-03,2005,7,3,38.3,100.94,
USW00013958,2005-07-04,2005,7,4,38.3,100.94,
USW00013958,2005-07-05,2005,7,5,37.2,98.96,
USW00013958,2005-07-06,2005,7,6,40.0,104.0,
USW00013958,2005-07-07,2005,7,7,40.0,104.0,
USW00013958,2005-07-08,2005,7,8,35.0,95.0,
USW00013958,2005-07-09,2005,7,9,36.1,96.98,
USW00013958,2005-07-10,2005,7,10,36.7,98.06,
USW00013958,2005-07-11,2005,7,11,38.3,100.94,
USW00013958,2005-07-12,2005,7,12,37.2,98.96,
USW00013958,2005-07-13,2005,7,13,38.3,100.94,
USW00013958,2005-07-14,2005,7,14,38.3,100.94,
USW00013958,2005-07-15,2005,7,15,31.7,89.06,
USW00013958,2005-07-16,2005,7,16,30.6,87.08,
USW00013958,2005-07-17,2005,7,17,30.0,86.0,
USW00013958,2005-07-18,2005,7,18,35.0,95.0,
USW00013958,2005-07-19,2005,7,19,35.0,95.0,
USW00013958,2005-07-20,2005,7,20,31.7,89.06,
USW00013958,2005-07-21,2005,7,21,34.4,93.92,
USW00013958,2005-07-22,2005,7,22,36.1,96.98,
USW00013958,2005-07-23,2005,7,23,35.6,96.08,
USW00013958,2005-07-24,2005,7,24,35.0,95.0,
USW00013958,2005-07-25,2005,7,25,34.4,93.92,
USW00013958,2005-07-26,2005,7,26,34.4,93.92,
USW00013958,2005-07-27,2005,7,27,35.0,95.0,
USW00013958,2005-07-28,2005,7,28,33.9,93.02,
USW00013958,2005-07-29,2005,7,29,32.2,89.96,
USW00013958,2005-07-30,2005,7,30,35.6,96.08,
USW00013958,2005-07-31,2005,7,31,36.7,98.06,
USW00013958,2005-08-01,2005,8,1,36.7,98.06,
USW00013958,2005-08-02,2005,8,2,36.7,98.06,
USW00013958,2005-08-03,2005,8,3,36.7,98.06,
USW00013958,2005-08-04,2005,8,4,36.7,98.06,
USW00013958,2005-08-05,2005,8,5,32.2,89.96,
USW00013958,2005-08-06,2005,8,6,35.6,96.08,
USW00013958,2005-08-07,2005,8,7,35.0,95.0,
USW00013958,2005-08-08,2005,8,8,35.6,96.08,
USW00013958,2005-08-09,2005,8,9,31.7,89.06,
USW00013958,2005-08-10,2005,8,10,26.7,80.06,
USW00013958,2005-08-11,2005,8,11,34.4,93.92,
USW00013958,2005-08-12,2005,8,12,35.6,96.08,
USW00013958,2005-08-13,2005,8,13,34.4,93.92,
USW00013958,2005-08-14,2005,8,14,36.1,96.98,
USW00013958,2005-08-15,2005,8,15,34.4,93.92,
USW00013958,2005-08-16,2005,8,16,35.6,96.08,
USW00013958,2005-08-17,2005,8,17,36.1,96.98,
USW00013958,2005-08-18,2005,8,18,37.2,98.96,
USW00013958,2005-08-19,2005,8,19,36.7,98.06,
USW00013958,2005-08-20,2005,8,20,37.2,98.96,
USW00013958,2005-08-21,2005,8,21,37.8,100.04,
USW00013958,2005-08-22,2005,8,22,38.3,100.94,
USW00013958,2005-08-23,2005,8,23,38.3,100.94,
USW00013958,2005-08-24,2005,8,24,37.2,98.96,
USW00013958,2005-08-25,2005,8,25,37.2,98.96,
USW00013958,2005-08-26,2005,8,26,38.3,100.94,
USW00013958,2005-08-27,2005,8,27,38.9,102.02,
USW00013958,2005-08-28,2005,8,28,34.4,93.92,
USW00013958,2005-08-29,2005,8,29,35.6,96.08,
USW00013958,2005-08-30,2005,8,30,36.7,98.06,
USW00013958,2005-08-31,2005,8,31,38.9,102.02,
USW00013958,2006-06-01,2006,6,1,27.8,82.04,
USW00013958,2006-06-02,2006,6,2,32.2,89.96,
USW00013958,2006-06-03,2006,6,3,34.4,93.92,
USW00013958,2006-06-04,2006,6,4,35.0,95.0,
USW00013958,2006-06-05,2006,6,5,35.0,95.0,
USW00013958,2006-06-06,2006,6,6,35.6,96.08,
USW00013958,2006-06-07,2006,6,7,36.7,98.06,
USW00013958,2006-06-08,2006,6,8,36.7,98.06,
USW00013958,2006-06-09,2006,6,9,36.1,96.98,
USW00013958,2006-06-10,2006,6,10,36.1,96.98,
USW00013958,2006-06-11,2006,6,11,35.6,96.08,
USW00013958,2006-06-12,2006,6,12,36.7,98.06,
USW00013958,2006-06-13,2006,6,13,38.3,100.94,
USW00013958,2006-06-14,2006,6,14,36.1,96.98,
USW00013958,2006-06-15,2006,6,15,37.2,98.96,
USW00013958,2006-06-16,2006,6,16,34.4,93.92,
USW00013958,2006-06-17,2006,6,17,32.8,91.04,
USW00013958,2006-06-18,2006,6,18,35.0,95.0,
USW00013958,2006-06-19,2006,6,19,34.4,93.92,
USW00013958,2006-06-20,2006,6,20,31.1,87.98,
USW00013958,2006-06-21,2006,6,21,32.2,89.96,
USW00013958,2006-06-22,2006,6,22,34.4,93.92,
USW00013958,2006-06-23,2006,6,23,35.0,95.0,
USW00013958,2006-06-24,2006,6,24,31.1,87.98,
USW00013958,2006-06-25,2006,6,25,35.0,95.0,
USW00013958,2006-06-26,2006,6,26,33.9,93.02,
USW00013958,2006-06-27,2006,6,27,32.2,89.96,
USW00013958,2006-06-28,2006,6,28,33.9,93.02,
USW00013958,2006-06-29,2006,6,29,33.3,91.94,
USW00013958,2006-06-30,2006,6,30,34.4,93.92,
USW00013958,2006-07-01,2006,7,1,33.9,93.02,
USW00013958,2006-07-02,2006,7,2,31.1,87.98,
USW00013958,2006-07-03,2006,7,3,32.8,91.04,
USW00013958,2006-07-04,2006,7,4,33.3,91.94,
USW00013958,2006-07-05,2006,7,5,32.8,91.04,
USW00013958,2006-07-06,2006,7,6,33.9,93.02,
USW00013958,2006-07-07,2006,7,7,32.8,91.04,
USW00013958,2006-07-08,2006,7,8,34.4,93.92,
USW00013958,2006-07-09,2006,7,9,36.7,98.06,
USW00013958,2006-07-10,2006,7,10,36.1,96.98,
USW00013958,2006-07-11,2006,7,11,37.2,98.96,
USW00013958,2006-07-12,2006,7,12,37.2,98.96,
USW00013958,2006-07-13,2006,7,13,36.7,98.06,
USW00013958,2006-07-14,2006,7,14,36.1,96.98,
USW00013958,2006-07-15,2006,7,15,37.2,98.96,
USW00013958,2006-07-16,2006,7,16,38.3,100.94,
USW00013958,2006-07-17,2006,7,17,38.9,102.02,
USW00013958,2006-07-18,2006,7,18,39.4,102.92,
USW00013958,2006-07-19,2006,7,19,37.2,98.96,
USW00013958,2006-07-20,2006,7,20,37.2,98.96,
USW00013958,2006-07-21,2006,7,21,37.8,100.04,
USW00013958,2006-07-22,2006,7,22,38.3,100.94,
USW00013958,2006-07-23,2006,7,23,37.2,98.96,
USW00013958,2006-07-24,2006,7,24,37.8,100.04,
USW00013958,2006-07-25,2006,7,25,34.4,93.92,
USW00013958,2006-07-26,2006,7,26,33.3,91.94,
USW00013958,2006-07-27,2006,7,27,35.6,96.08,
USW00013958,2006-07-28,2006,7,28,37.2,98.96,
USW00013958,2006-07-29,2006,7,29,38.3,100.94,
USW00013958,2006-07-30,2006,7,30,37.2,98.96,
USW00013958,2006-07-31,2006,7,31,38.3,100.94,
USW00013958,2006-08-01,2006,8,1,38.3,100.94,
USW00013958,2006-08-02,2006,8,2,37.2,98.96,
USW00013958,2006-08-03,2006,8,3,38.3,100.94,
USW00013958,2006-08-04,2006,8,4,38.3,100.94,
USW00013958,2006-08-05,2006,8,5,38.3,100.94,
USW00013958,2006-08-06,2006,8,6,38.3,100.94,
USW00013958,2006-08-07,2006,8,7,37.2,98.96,
USW00013958,2006-08-08,2006,8,8,37.2,98.96,
USW00013958,2006-08-09,2006,8,9,38.3,100.94,
USW00013958,2006-08-10,2006,8,10,38.9,102.02,
USW00013958,2006-08-11,2006,8,11,38.9,102.02,
USW00013958,2006-08-12,2006,8,12,38.9,102.02,
USW00013958,2006-08-13,2006,8,13,38.9,102.02,
USW00013958,2006-08-14,2006,8,14,38.3,100.94,
USW00013958,2006-08-15,2006,8,15,39.4,102.92,
USW00013958,2006-08-16,2006,8,16,40.0,104.0,
USW00013958,2006-08-17,2006,8,17,39.4,102.92,
USW00013958,2006-08-18,2006,8,18,38.9,102.02,
USW00013958,2006-08-19,2006,8,19,36.1,96.98,
USW00013958,2006-08-20,2006,8,20,38.3,100.94,
USW00013958,2006-08-21,2006,8,21,39.4,102.92,
USW00013958,2006-08-22,2006,8,22,37.8,100.04,
USW00013958,2006-08-23,2006,8,23,38.9,102.02,
USW00013958,2006-08-24,2006,8,24,40.0,104.0,
USW00013958,2006-08-25,2006,8,25,39.4,102.92,
USW00013958,2006-08-26,2006,8,26,40.0,104.0,
USW00013958,2006-08-27,2006,8,27,39.4,102.92,
USW00013958,2006-08-28,2006,8,28,35.6,96.08,
USW00013958,2006-08-29,2006,8,29,32.2,89.96,
USW00013958,2006-08-30,2006,8,30,34.4,93.92,
USW00013958,2006-08-31,2006,8,31,38.9,102.02,
USW00013958,2007-06-01,2007,6,1,31.7,89.06,
USW00013958,2007-06-02,2007,6,2,32.2,89.96,
USW00013958,2007-06-03,2007,6,3,33.3,91.94,
USW00013958,2007-06-04,2007,6,4,31.7,89.06,
USW00013958,2007-06-05,2007,6,5,31.7,89.06,
USW00013958,2007-06-06,2007,6,6,31.7,89.06,
USW00013958,2007-06-07,2007,6,7,33.3,91.94,
USW00013958,2007-06-08,2007,6,8,33.9,93.02,
USW00013958,2007-06-09,2007,6,9,33.3,91.94,
USW00013958,2007-06-10,2007,6,10,33.9,93.02,
USW00013958,2007-06-11,2007,6,11,33.3,91.94,
USW00013958,2007-06-12,2007,6,12,33.3,91.94,
USW00013958,2007-06-13,2007,6,13,34.4,93.92,
USW00013958,2007-06-14,2007,6,14,34.4,93.92,
USW00013958,2007-06-15,2007,6,15,32.8,91.04,
USW00013958,2007-06-16,2007,6,16,29.4,84.92,
USW00013958,2007-06-17,2007,6,17,31.7,89.06,
USW00013958,2007-06-18,2007,6,18,33.3,91.94,
USW00013958,2007-06-19,2007,6,19,34.4,93.92,
USW00013958,2007-06-20,2007,6,20,27.2,80.96,
USW00013958,2007-06-21,2007,6,21,30.0,86.0,
USW00013958,2007-06-22,2007,6,22,29.4,84.92,
USW00013958,2007-06-23,2007,6,23,30.0,86.0,
USW00013958,2007-06-24,2007,6,24,31.7,89.06,
USW00013958,2007-06-25,2007,6,25,27.8,82.04,
USW00013958,2007-06-26,2007,6,26,32.2,89.96,
USW00013958,2007-06-27,2007,6,27,32.2,89.96,
USW00013958,2007-06-28,2007,6,28,28.9,84.02,
USW00013958,2007-06-29,2007,6,29,32.2,89.96,
USW00013958,2007-06-30,2007,6,30,32.8,91.04,
USW00013958,2007-07-01,2007,7,1,33.3,91.94,
USW00013958,2007-07-02,2007,7,2,31.1,87.98,
USW00013958,2007-07-03,2007,7,3,28.9,84.02,
USW00013958,2007-07-04,2007,7,4,27.2,80.96,
USW00013958,2007-07-05,2007,7,5,29.4,84.92,
USW00013958,2007-07-06,2007,7,6,31.7,89.06,
USW00013958,2007-07-07,2007,7,7,32.2,89.96,
USW00013958,2007-07-08,2007,7,8,32.2,89.96,
USW00013958,2007-07-09,2007,7,9,32.8,91.04,
USW00013958,2007-07-10,2007,7,10,33.3,91.94,
USW00013958,2007-07-11,2007,7,11,33.9,93.02,
USW00013958,2007-07-12,2007,7,12,34.4,93.92,
USW00013958,2007-07-13,2007,7,13,33.9,93.02,
USW00013958,2007-07-14,2007,7,14,30.6,87.08,
USW00013958,2007-07-15,2007,7,15,33.9,93.02,
USW00013958,2007-07-16,2007,7,16,33.9,93.02,
USW00013958,2007-07-17,2007,7,17,30.0,86.0,
USW00013958,2007-07-18,2007,7,18,30.0,86.0,
USW00013958,2007-07-19,2007,7,19,28.9,84.02,
USW00013958,2007-07-20,2007,7,20,25.0,77.0,
USW00013958,2007-07-21,2007,7,21,30.6,87.08,
USW00013958,2007-07-22,2007,7,22,33.3,91.94,
USW00013958,2007-07-23,2007,7,23,33.3,91.94,
USW00013958,2007-07-24,2007,7,24,31.7,89.06,
USW00013958,2007-07-25,2007,7,25,26.7,80.06,
USW00013958,2007-07-26,2007,7,26,30.6,87.08,
USW00013958,2007-07-27,2007,7,27,28.9,84.02,
USW00013958,2007-07-28,2007,7,28,32.2,89.96,
USW00013958,2007-07-29,2007,7,29,33.9,93.02,
USW00013958,2007-07-30,2007,7,30,33.3,91.94,
USW00013958,2007-07-31,2007,7,31,33.9,93.02,
USW00013958,2007-08-01,2007,8,1,35.0,95.0,
USW00013958,2007-08-02,2007,8,2,35.0,95.0,
USW00013958,2007-08-03,2007,8,3,33.9,93.02,
USW00013958,2007-08-04,2007,8,4,33.9,93.02,
USW00013958,2007-08-05,2007,8,5,33.9,93.02,
USW00013958,2007-08-06,2007,8,6,33.9,93.02,
USW00013958,2007-08-07,2007,8,7,34.4,93.92,
USW00013958,2007-08-08,2007,8,8,34.4,93.92,
USW00013958,2007-08-09,2007,8,9,35.0,95.0,
USW00013958,2007-08-10,2007,8,10,36.1,96.98,
USW00013958,2007-08-11,2007,8,11,36.1,96.98,
USW00013958,2007-08-12,2007,8,12,37.8,100.04,
USW00013958,2007-08-13,2007,8,13,37.8,100.04,
USW00013958,2007-08-14,2007,8,14,37.8,100.04,
USW00013958,2007-08-15,2007,8,15,36.1,96.98,
USW00013958,2007-08-16,2007,8,16,29.4,84.92,
USW00013958,2007-08-17,2007,8,17,33.9,93.02,
USW00013958,2007-08-18,2007,8,18,34.4,93.92,
USW00013958,2007-08-19,2007,8,19,34.4,93.92,
USW00013958,2007-08-20,2007,8,20,34.4,93.92,
USW00013958,2007-08-21,2007,8,21,33.9,93.02,
USW00013958,2007-08-22,2007,8,22,34.4,93.92,
USW00013958,2007-08-23,2007,8,23,35.0,95.0,
USW00013958,2007-08-24,2007,8,24,34.4,93.92,
USW00013958,2007-08-25,2007,8,25,35.0,95.0,
USW00013958,2007-08-26,2007,8,26,34.4,93.92,
USW00013958,2007-08-27,2007,8,27,34.4,93.92,
USW00013958,2007-08-28,2007,8,28,33.9,93.02,
USW00013958,2007-08-29,2007,8,29,35.0,95.0,
USW00013958,2007-08-30,2007,8,30,33.9,93.02,
USW00013958,2007-08-31,2007,8,31,33.9,93.02,
USW00013958,2008-06-01,2008,6,1,37.8,100.04,
USW00013958,2008-06-02,2008,6,2,38.3,100.94,
USW00013958,2008-06-03,2008,6,3,37.8,100.04,
USW00013958,2008-06-04,2008,6,4,37.2,98.96,
USW00013958,2008-06-05,2008,6,5,35.0,95.0,
USW00013958,2008-06-06,2008,6,6,36.1,96.98,
USW00013958,2008-06-07,2008,6,7,37.8,100.04,
USW00013958,2008-06-08,2008,6,8,37.8,100.04,
USW00013958,2008-06-09,2008,6,9,38.3,100.94,
USW00013958,2008-06-10,2008,6,10,38.9,102.02,
USW00013958,2008-06-11,2008,6,11,38.3,100.94,
USW00013958,2008-06-12,2008,6,12,37.2,98.96,
USW00013958,2008-06-13,2008,6,13,37.2,98.96,
USW00013958,2008-06-14,2008,6,14,37.2,98.96,
USW00013958,2008-06-15,2008,6,15,38.3,100.94,
USW00013958,2008-06-16,2008,6,16,38.3,100.94,
USW00013958,2008-06-17,2008,6,17,38.3,100.94,
USW00013958,2008-06-18,2008,6,18,39.4,102.92,
USW00013958,2008-06-19,2008,6,19,38.3,100.94,
USW00013958,2008-06-20,2008,6,20,33.3,91.94,
USW00013958,2008-06-21,2008,6,21,36.1,96.98,
USW00013958,2008-06-22,2008,6,22,37.8,100.04,
USW00013958,2008-06-23,2008,6,23,37.8,100.04,
USW00013958,2008-06-24,2008,6,24,36.7,98.06,
USW00013958,2008-06-25,2008,6,25,37.8,100.04,
USW00013958,2008-06-26,2008,6,26,37.8,100.04,
USW00013958,2008-06-27,2008,6,27,38.3,100.94,
USW00013958,2008-06-28,2008,6,28,38.3,100.94,
USW00013958,2008-06-29,2008,6,29,37.8,100.04,
USW00013958,2008-06-30,2008,6,30,33.9,93.02,
USW00013958,2008-07-01,2008,7,1,36.7,98.06,
USW00013958,2008-07-02,2008,7,2,33.9,93.02,
USW00013958,2008-07-03,2008,7,3,36.7,98.06,
USW00013958,2008-07-04,2008,7,4,35.6,96.08,
USW00013958,2008-07-05,2008,7,5,36.1,96.98,
USW00013958,2008-07-06,2008,7,6,35.6,96.08,
USW00013958,2008-07-07,2008,7,7,36.7,98.06,
USW00013958,2008-07-08,2008,7,8,36.1,96.98,
USW00013958,2008-07-09,2008,7,9,37.8,100.04,
USW00013958,2008-07-10,2008,7,10,36.7,98.06,
USW00013958,2008-07-11,2008,7,11,37.8,100.04,
USW00013958,2008-07-12,2008,7,12,38.3,100.94,
USW00013958,2008-07-13,2008,7,13,38.3,100.94,
USW00013958,2008-07-14,2008,7,14,40.6,105.08,
USW00013958,2008-07-15,2008,7,15,37.8,100.04,
USW00013958,2008-07-16,2008,7,16,36.1,96.98,
USW00013958,2008-07-17,2008,7,17,37.8,100.04,
USW00013958,2008-07-18,2008,7,18,37.2,98.96,
USW00013958,2008-07-19,2008,7,19,37.8,100.04,
USW00013958,2008-07-20,2008,7,20,38.3,100.94,
USW00013958,2008-07-21,2008,7,21,38.9,102.02,
USW00013958,2008-07-22,2008,7,22,38.9,102.02,
USW00013958,2008-07-23,2008,7,23,36.7,98.06,
USW00013958,2008-07-24,2008,7,24,32.2,89.96,
USW00013958,2008-07-25,2008,7,25,36.7,98.06,
USW00013958,2008-07-26,2008,7,26,37.8,100.04,
USW00013958,2008-07-27,2008,7,27,38.9,102.02,
USW00013958,2008-07-28,2008,7,28,39.4,102.92,
USW00013958,2008-07-29,2008,7,29,38.9,102.02,
USW00013958,2008-07-30,2008,7,30,37.2,98.96,
USW00013958,2008-07-31,2008,7,31,38.9,102.02,
USW00013958,2008-08-01,2008,8,1,38.3,100.94,
USW00013958,2008-08-02,2008,8,2,38.9,102.02,
USW00013958,2008-08-03,2008,8,3,40.6,105.08,
USW00013958,2008-08-04,2008,8,4,39.4,102.92,
USW00013958,2008-08-05,2008,8,5,35.6,96.08,
USW00013958,2008-08-06,2008,8,6,37.2,98.96,
USW00013958,2008-08-07,2008,8,7,38.3,100.94,
USW00013958,2008-08-08,2008,8,8,38.9,102.02,
USW00013958,2008-08-09,2008,8,9,38.9,102.02,
USW00013958,2008-08-10,2008,8,10,40.0,104.0,
USW00013958,2008-08-11,2008,8,11,37.8,100.04,
USW00013958,2008-08-12,2008,8,12,33.3,91.94,
USW00013958,2008-08-13,2008,8,13,37.8,100.04,
USW00013958,2008-08-14,2008,8,14,38.3,100.94,
USW00013958,2008-08-15,2008,8,15,37.2,98.96,
USW00013958,2008-08-16,2008,8,16,33.9,93.02,
USW00013958,2008-08-17,2008,8,17,33.9,93.02,
USW00013958,2008-08-18,2008,8,18,30.0,86.0,
USW00013958,2008-08-19,2008,8,19,30.6,87.08,
USW00013958,2008-08-20,2008,8,20,34.4,93.92,
USW00013958,2008-08-21,2008,8,21,36.1,96.98,
USW00013958,2008-08-22,2008,8,22,36.1,96.98,
USW00013958,2008-08-23,2008,8,23,35.6,96.08,
USW00013958,2008-08-24,2008,8,24,35.6,96.08,
USW00013958,2008-08-25,2008,8,25,36.1,96.98,
USW00013958,2008-08-26,2008,8,26,35.6,96.08,
USW00013958,2008-08-27,2008,8,27,36.1,96.98,
USW00013958,2008-08-28,2008,8,28,35.6,96.08,
USW00013958,2008-08-29,2008,8,29,36.7,98.06,
USW00013958,2008-08-30,2008,8,30,35.6,96.08,
USW00013958,2008-08-31,2008,8,31,36.1,96.98,
USW00013958,2009-06-01,2009,6,1,33.3,91.94,
USW00013958,2009-06-02,2009,6,2,35.6,96.08,
USW00013958,2009-06-03,2009,6,3,33.3,91.94,
USW00013958,2009-06-04,2009,6,4,32.2,89.96,
USW00013958,2009-06-05,2009,6,5,34.4,93.92,
USW00013958,2009-06-06,2009,6,6,36.7,98.06,
USW00013958,2009-06-07,2009,6,7,35.6,96.08,
USW00013958,2009-06-08,2009,6,8,35.6,96.08,
USW00013958,2009-06-09,2009,6,9,36.1,96.98,
USW00013958,2009-06-10,2009,6,10,37.2,98.96,
USW00013958,2009-06-11,2009,6,11,36.7,98.06,
USW00013958,2009-06-12,2009,6,12,36.1,96.98,
USW00013958,2009-06-13,2009,6,13,37.8,100.04,
USW00013958,2009-06-14,2009,6,14,37.8,100.04,
USW00013958,2009-06-15,2009,6,15,38.3,100.94,
USW00013958,2009-06-16,2009,6,16,38.3,100.94,
USW00013958,2009-06-17,2009,6,17,37.8,100.04,
USW00013958,2009-06-18,2009,6,18,37.8,100.04,
USW00013958,2009-06-19,2009,6,19,36.1,96.98,
USW00013958,2009-06-20,2009,6,20,38.9,102.02,
USW00013958,2009-06-21,2009,6,21,38.3,100.94,
USW00013958,2009-06-22,2009,6,22,38.3,100.94,
USW00013958,2009-06-23,2009,6,23,39.4,102.92,
USW00013958,2009-06-24,2009,6,24,40.6,105.08,
USW00013958,2009-06-25,2009,6,25,41.1,105.98,
USW00013958,2009-06-26,2009,6,26,40.6,105.08,
USW00013958,2009-06-27,2009,6,27,40.6,105.08,
USW00013958,2009-06-28,2009,6,28,39.4,102.92,
USW00013958,2009-06-29,2009,6,29,41.1,105.98,
USW00013958,2009-06-30,2009,6,30,32.8,91.04,
USW00013958,2009-07-01,2009,7,1,33.9,93.02,
USW00013958,2009-07-02,2009,7,2,40.0,104.0,
USW00013958,2009-07-03,2009,7,3,38.9,102.02,
USW00013958,2009-07-04,2009,7,4,40.0,104.0,
USW00013958,2009-07-05,2009,7,5,40.6,105.08,
USW00013958,2009-07-06,2009,7,6,36.1,96.98,
USW00013958,2009-07-07,2009,7,7,38.3,100.94,
USW00013958,2009-07-08,2009,7,8,41.1,105.98,
USW00013958,2009-07-09,2009,7,9,40.6,105.08,
USW00013958,2009-07-10,2009,7,10,39.4,102.92,
USW00013958,2009-07-11,2009,7,11,38.3,100.94,
USW00013958,2009-07-12,2009,7,12,38.9,102.02,
USW00013958,2009-07-13,2009,7,13,40.6,105.08,
USW00013958,2009-07-14,2009,7,14,40.0,104.0,
USW00013958,2009-07-15,2009,7,15,40.0,104.0,
USW00013958,2009-07-16,2009,7,16,40.6,105.08,
USW00013958,2009-07-17,2009,7,17,38.3,100.94,
USW00013958,2009-07-18,2009,7,18,38.9,102.02,
USW00013958,2009-07-19,2009,7,19,37.8,100.04,
USW00013958,2009-07-20,2009,7,20,38.3,100.94,
USW00013958,2009-07-21,2009,7,21,39.4,102.92,
USW00013958,2009-07-22,2009,7,22,38.3,100.94,
USW00013958,2009-07-23,2009,7,23,37.2,98.96,
USW00013958,2009-07-24,2009,7,24,37.8,100.04,
USW00013958,2009-07-25,2009,7,25,40.0,104.0,
USW00013958,2009-07-26,2009,7,26,40.6,105.08,
USW00013958,2009-07-27,2009,7,27,40.6,105.08,
USW00013958,2009-07-28,2009,7,28,40.0,104.0,
USW00013958,2009-07-29,2009,7,29,36.7,98.06,
USW00013958,2009-07-30,2009,7,30,36.1,96.98,
USW00013958,2009-07-31,2009,7,31,38.3,100.94,
USW00013958,2009-08-01,2009,8,1,38.9,102.02,
USW00013958,2009-08-02,2009,8,2,36.1,96.98,
USW00013958,2009-08-03,2009,8,3,40.0,104.0,
USW00013958,2009-08-04,2009,8,4,39.4,102.92,
USW00013958,2009-08-05,2009,8,5,40.0,104.0,
USW00013958,2009-08-06,2009,8,6,40.6,105.08,
USW00013958,2009-08-07,2009,8,7,40.0,104.0,
USW00013958,2009-08-08,2009,8,8,39.4,102.92,
USW00013958,2009-08-09,2009,8,9,39.4,102.92,
USW00013958,2009-08-10,2009,8,10,39.4,102.92,
USW00013958,2009-08-11,2009,8,11,40.6,105.08,
USW00013958,2009-08-12,2009,8,12,38.9,102.02,
USW00013958,2009-08-13,2009,8,13,38.3,100.94,
USW00013958,2009-08-14,2009,8,14,38.9,102.02,
USW00013958,2009-08-15,2009,8,15,38.9,102.02,
USW00013958,2009-08-16,2009,8,16,38.9,102.02,
USW00013958,2009-08-17,2009,8,17,38.9,102.02,
USW00013958,2009-08-18,2009,8,18,37.8,100.04,
USW00013958,2009-08-19,2009,8,19,37.2,98.96,
USW00013958,2009-08-20,2009,8,20,39.4,102.92,
USW00013958,2009-08-21,2009,8,21,39.4,102.92,
USW00013958,2009-08-22,2009,8,22,39.4,102.92,
USW00013958,2009-08-23,2009,8,23,40.6,105.08,
USW00013958,2009-08-24,2009,8,24,39.4,102.92,
USW00013958,2009-08-25,2009,8,25,39.4,102.92,
USW00013958,2009-08-26,2009,8,26,40.0,104.0,
USW00013958,2009-08-27,2009,8,27,39.4,102.92,
USW00013958,2009-08-28,2009,8,28,37.2,98.96,
USW00013958,2009-08-29,2009,8,29,35.6,96.08,
USW00013958,2009-08-30,2009,8,30,35.0,95.0,
USW00013958,2009-08-31,2009,8,31,33.9,93.02,
USW00013958,2010-06-01,2010,6,1,34.4,93.92,
USW00013958,2010-06-02,2010,6,2,36.1,96.98,
USW00013958,2010-06-03,2010,6,3,23.3,73.94,
USW00013958,2010-06-04,2010,6,4,35.0,95.0,
USW00013958,2010-06-05,2010,6,5,33.9,93.02,
USW00013958,2010-06-06,2010,6,6,34.4,93.92,
USW00013958,2010-06-07,2010,6,7,34.4,93.92,
USW00013958,2010-06-08,2010,6,8,32.2,89.96,
USW00013958,2010-06-09,2010,6,9,30.0,86.0,
USW00013958,2010-06-10,2010,6,10,33.9,93.02,
USW00013958,2010-06-11,2010,6,11,33.3,91.94,
USW00013958,2010-06-12,2010,6,12,33.9,93.02,
USW00013958,2010-06-13,2010,6,13,34.4,93.92,
USW00013958,2010-06-14,2010,6,14,33.9,93.02,
USW00013958,2010-06-15,2010,6,15,35.0,95.0,
USW00013958,2010-06-16,2010,6,16,35.0,95.0,
USW00013958,2010-06-17,2010,6,17,33.3,91.94,
USW00013958,2010-06-18,2010,6,18,34.4,93.92,
USW00013958,2010-06-19,2010,6,19,35.0,95.0,
USW00013958,2010-06-20,2010,6,20,34.4,93.92,
USW00013958,2010-06-21,2010,6,21,35.0,95.0,
USW00013958,2010-06-22,2010,6,22,35.0,95.0,
USW00013958,2010-06-23,2010,6,23,35.6,96.08,
USW00013958,2010-06-24,2010,6,24,33.3,91.94,
USW00013958,2010-06-25,2010,6,25,36.1,96.98,
USW00013958,2010-06-26,2010,6,26,36.7,98.06,
USW00013958,2010-06-27,2010,6,27,37.2,98.96,
USW00013958,2010-06-28,2010,6,28,37.2,98.96,
USW00013958,2010-06-29,2010,6,29,33.3,91.94,
USW00013958,2010-06-30,2010,6,30,30.0,86.0,
USW00013958,2010-07-01,2010,7,1,28.3,82.94,
USW00013958,2010-07-02,2010,7,2,30.6,87.08,
USW00013958,2010-07-03,2010,7,3,32.2,89.96,
USW00013958,2010-07-04,2010,7,4,33.3,91.94,
USW00013958,2010-07-05,2010,7,5,34.4,93.92,
USW00013958,2010-07-06,2010,7,6,35.0,95.0,
USW00013958,2010-07-07,2010,7,7,34.4,93.92,
USW00013958,2010-07-08,2010,7,8,28.9,84.02,
USW00013958,2010-07-09,2010,7,9,31.7,89.06,
USW00013958,2010-07-10,2010,7,10,33.9,93.02,
USW00013958,2010-07-11,2010,7,11,33.3,91.94,
USW00013958,2010-07-12,2010,7,12,33.3,91.94,
USW00013958,2010-07-13,2010,7,13,33.9,93.02,
USW00013958,2010-07-14,2010,7,14,35.0,95.0,
USW00013958,2010-07-15,2010,7,15,35.6,96.08,
USW00013958,2010-07-16,2010,7,16,36.1,96.98,
USW00013958,2010-07-17,2010,7,17,36.7,98.06,
USW00013958,2010-07-18,2010,7,18,36.7,98.06,
USW00013958,2010-07-19,2010,7,19,36.1,96.98,
USW00013958,2010-07-20,2010,7,20,35.0,95.0,
USW00013958,2010-07-21,2010,7,21,35.6,96.08,
USW00013958,2010-07-22,2010,7,22,35.0,95.0,
USW00013958,2010-07-23,2010,7,23,33.9,93.02,
USW00013958,2010-07-24,2010,7,24,35.0,95.0,
USW00013958,2010-07-25,2010,7,25,36.1,96.98,
USW00013958,2010-07-26,2010,7,26,36.7,98.06,
USW00013958,2010-07-27,2010,7,27,32.8,91.04,
USW00013958,2010-07-28,2010,7,28,28.3,82.94,
USW00013958,2010-07-29,2010,7,29,34.4,93.92,
USW00013958,2010-07-30,2010,7,30,35.6,96.08,
USW00013958,2010-07-31,2010,7,31,37.2,98.96,
USW00013958,2010-08-01,2010,8,1,38.9,102.02,
USW00013958,2010-08-02,2010,8,2,38.3,100.94,
USW00013958,2010-08-03,2010,8,3,37.2,98.96,
USW00013958,2010-08-04,2010,8,4,36.7,98.06,
USW00013958,2010-08-05,2010,8,5,37.8,100.04,
USW00013958,2010-08-06,2010,8,6,38.9,102.02,
USW00013958,2010-08-07,2010,8,7,36.7,98.06,
USW00013958,2010-08-08,2010,8,8,37.2,98.96,
USW00013958,2010-08-09,2010,8,9,37.8,100.04,
USW00013958,2010-08-10,2010,8,10,38.9,102.02,
USW00013958,2010-08-11,2010,8,11,37.8,100.04,
USW00013958,2010-08-12,2010,8,12,37.2,98.96,
USW00013958,2010-08-13,2010,8,13,38.3,100.94,
USW00013958,2010-08-14,2010,8,14,38.9,102.02,
USW00013958,2010-08-15,2010,8,15,39.4,102.92,
USW00013958,2010-08-16,2010,8,16,40.6,105.08,
USW00013958,2010-08-17,2010,8,17,38.9,102.02,
USW00013958,2010-08-18,2010,8,18,39.4,102.92,
USW00013958,2010-08-19,2010,8,19,38.3,100.94,
USW00013958,2010-08-20,2010,8,20,38.3,100.94,
USW00013958,2010-08-21,2010,8,21,38.9,102.02,
USW00013958,2010-08-22,2010,8,22,39.4,102.92,
USW00013958,2010-08-23,2010,8,23,41.1,105.98,
USW00013958,2010-08-24,2010,8,24,41.7,107.06,
USW00013958,2010-08-25,2010,8,25,35.6,96.08,
USW00013958,2010-08-26,2010,8,26,33.9,93.02,
USW00013958,2010-08-27,2010,8,27,36.1,96.98,
USW00013958,2010-08-28,2010,8,28,37.2,98.96,
USW00013958,2010-08-29,2010,8,29,36.7,98.06,
USW00013958,2010-08-30,2010,8,30,37.8,100.04,
USW00013958,2010-08-31,2010,8,31,38.3,100.94,
USW00013958,2011-06-01,2011,6,1,36.1,96.98,
USW00013958,2011-06-02,2011,6,2,37.2,98.96,
USW00013958,2011-06-03,2011,6,3,37.2,98.96,
USW00013958,2011-06-04,2011,6,4,36.7,98.06,
USW00013958,2011-06-05,2011,6,5,38.3,100.94,
USW00013958,2011-06-06,2011,6,6,39.4,102.92,
USW00013958,2011-06-07,2011,6,7,37.8,100.04,
USW00013958,2011-06-08,2011,6,8,37.2,98.96,
USW00013958,2011-06-09,2011,6,9,37.2,98.96,
USW00013958,2011-06-10,2011,6,10,37.8,100.04,
USW00013958,2011-06-11,2011,6,11,37.2,98.96,
USW00013958,2011-06-12,2011,6,12,37.8,100.04,
USW00013958,2011-06-13,2011,6,13,38.3,100.94,
USW00013958,2011-06-14,2011,6,14,39.4,102.92,
USW00013958,2011-06-15,2011,6,15,40.0,104.0,
USW00013958,2011-06-16,2011,6,16,39.4,102.92,
USW00013958,2011-06-17,2011,6,17,41.1,105.98,
USW00013958,2011-06-18,2011,6,18,41.1,105.98,
USW00013958,2011-06-19,2011,6,19,40.6,105.08,
USW00013958,2011-06-20,2011,6,20,38.9,102.02,
USW00013958,2011-06-21,2011,6,21,38.3,100.94,
USW00013958,2011-06-22,2011,6,22,32.2,89.96,
USW00013958,2011-06-23,2011,6,23,35.0,95.0,
USW00013958,2011-06-24,2011,6,24,36.1,96.98,
USW00013958,2011-06-25,2011,6,25,36.1,96.98,
USW00013958,2011-06-26,2011,6,26,36.1,96.98,
USW00013958,2011-06-27,2011,6,27,37.2,98.96,
USW00013958,2011-06-28,2011,6,28,37.2,98.96,
USW00013958,2011-06-29,2011,6,29,37.2,98.96,
USW00013958,2011-06-30,2011,6,30,37.8,100.04,
USW00013958,2011-07-01,2011,7,1,37.2,98.96,
USW00013958,2011-07-02,2011,7,2,38.3,100.94,
USW00013958,2011-07-03,2011,7,3,38.9,102.02,
USW00013958,2011-07-04,2011,7,4,38.3,100.94,
USW00013958,2011-07-05,2011,7,5,38.3,100.94,
USW00013958,2011-07-06,2011,7,6,38.9,102.02,
USW00013958,2011-07-07,2011,7,7,37.8,100.04,
USW00013958,2011-07-08,2011,7,8,38.9,102.02,
USW00013958,2011-07-09,2011,7,9,37.8,100.04,
USW00013958,2011-07-10,2011,7,10,38.3,100.94,
USW00013958,2011-07-11,2011,7,11,38.9,102.02,
USW00013958,2011-07-12,2011,7,12,38.9,102.02,
USW00013958,2011-07-13,2011,7,13,38.9,102.02,
USW00013958,2011-07-14,2011,7,14,40.0,104.0,
USW00013958,2011-07-15,2011,7,15,40.0,104.0,
USW00013958,2011-07-16,2011,7,16,37.2,98.96,
USW00013958,2011-07-17,2011,7,17,38.3,100.94,
USW00013958,2011-07-18,2011,7,18,37.8,100.04,
USW00013958,2011-07-19,2011,7,19,39.4,102.92,
USW00013958,2011-07-20,2011,7,20,38.9,102.02,
USW00013958,2011-07-21,2011,7,21,39.4,102.92,
USW00013958,2011-07-22,2011,7,22,40.0,104.0,
USW00013958,2011-07-23,2011,7,23,40.0,104.0,
USW00013958,2011-07-24,2011,7,24,40.6,105.08,
USW00013958,2011-07-25,2011,7,25,40.6,105.08,
USW00013958,2011-07-26,2011,7,26,39.4,102.92,
USW00013958,2011-07-27,2011,7,27,40.0,104.0,
USW00013958,2011-07-28,2011,7,28,40.0,104.0,
USW00013958,2011-07-29,2011,7,29,38.9,102.02,
USW00013958,2011-07-30,2011,7,30,38.9,102.02,
USW00013958,2011-07-31,2011,7,31,38.9,102.02,
USW00013958,2011-08-01,2011,8,1,41.7,107.06,
USW00013958,2011-08-02,2011,8,2,41.7,107.06,
USW00013958,2011-08-03,2011,8,3,41.1,105.98,
USW00013958,2011-08-04,2011,8,4,41.7,107.06,
USW00013958,2011-08-05,2011,8,5,41.1,105.98,
USW00013958,2011-08-06,2011,8,6,40.0,104.0,
USW00013958,2011-08-07,2011,8,7,39.4,102.92,
USW00013958,2011-08-08,2011,8,8,41.1,105.98,
USW00013958,2011-08-09,2011,8,9,41.1,105.98,
USW00013958,2011-08-10,2011,8,10,40.0,104.0,
USW00013958,2011-08-11,2011,8,11,40.0,104.0,
USW00013958,2011-08-12,2011,8,12,39.4,102.92,
USW00013958,2011-08-13,2011,8,13,36.1,96.98,
USW00013958,2011-08-14,2011,8,14,40.6,105.08,
USW00013958,2011-08-15,2011,8,15,40.6,105.08,
USW00013958,2011-08-16,2011,8,16,40.0,104.0,
USW00013958,2011-08-17,2011,8,17,39.4,102.92,
USW00013958,2011-08-18,2011,8,18,41.1,105.98,
USW00013958,2011-08-19,2011,8,19,41.7,107.06,
USW00013958,2011-08-20,2011,8,20,41.1,105.98,
USW00013958,2011-08-21,2011,8,21,39.4,102.92,
USW00013958,2011-08-22,2011,8,22,40.6,105.08,
USW00013958,2011-08-23,2011,8,23,40.0,104.0,
USW00013958,2011-08-24,2011,8,24,41.1,105.98,
USW00013958,2011-08-25,2011,8,25,34.4,93.92,
USW00013958,2011-08-26,2011,8,26,39.4,102.92,
USW00013958,2011-08-27,2011,8,27,43.3,109.94,
USW00013958,2011-08-28,2011,8,28,44.4,111.92,
USW00013958,2011-08-29,2011,8,29,42.8,109.04,
USW00013958,2011-08-30,2011,8,30,40.6,105.08,
USW00013958,2011-08-31,2011,8,31,39.4,102.92,
USW00013958,2012-06-01,2012,6,1,33.3,91.94,
USW00013958,2012-06-02,2012,6,2,34.4,93.92,
USW00013958,2012-06-03,2012,6,3,33.3,91.94,
USW00013958,2012-06-04,2012,6,4,33.3,91.94,
USW00013958,2012-06-05,2012,6,5,35.0,95.0,
USW00013958,2012-06-06,2012,6,6,35.6,96.08,
USW00013958,2012-06-07,2012,6,7,32.8,91.04,
USW00013958,2012-06-08,2012,6,8,31.1,87.98,
USW00013958,2012-06-09,2012,6,9,34.4,93.92,
USW00013958,2012-06-10,2012,6,10,36.1,96.98,
USW00013958,2012-06-11,2012,6,11,38.3,100.94,
USW00013958,2012-06-12,2012,6,12,36.1,96.98,
USW00013958,2012-06-13,2012,6,13,35.6,96.08,
USW00013958,2012-06-14,2012,6,14,36.1,96.98,
USW00013958,2012-06-15,2012,6,15,36.1,96.98,
USW00013958,2012-06-16,2012,6,16,36.1,96.98,
USW00013958,2012-06-17,2012,6,17,35.6,96.08,
USW00013958,2012-06-18,2012,6,18,36.1,96.98,
USW00013958,2012-06-19,2012,6,19,35.0,95.0,
USW00013958,2012-06-20,2012,6,20,34.4,93.92,
USW00013958,2012-06-21,2012,6,21,35.0,95.0,
USW00013958,2012-06-22,2012,6,22,36.7,98.06,
USW00013958,2012-06-23,2012,6,23,37.2,98.96,
USW00013958,2012-06-24,2012,6,24,38.3,100.94,
USW00013958,2012-06-25,2012,6,25,40.6,105.08,
USW00013958,2012-06-26,2012,6,26,42.8,109.04,
USW00013958,2012-06-27,2012,6,27,41.1,105.98,
USW00013958,2012-06-28,2012,6,28,37.8,100.04,
USW00013958,2012-06-29,2012,6,29,37.2,98.96,
USW00013958,2012-06-30,2012,6,30,34.4,93.92,
USW00013958,2012-07-01,2012,7,1,32.2,89.96,
USW00013958,2012-07-02,2012,7,2,36.1,96.98,
USW00013958,2012-07-03,2012,7,3,36.7,98.06,
USW00013958,2012-07-04,2012,7,4,37.2,98.96,
USW00013958,2012-07-05,2012,7,5,37.8,100.04,
USW00013958,2012-07-06,2012,7,6,37.2,98.96,
USW00013958,2012-07-07,2012,7,7,37.8,100.04,
USW00013958,2012-07-08,2012,7,8,37.2,98.96,
USW00013958,2012-07-09,2012,7,9,37.2,98.96,
USW00013958,2012-07-10,2012,7,10,32.8,91.04,
USW00013958,2012-07-11,2012,7,11,31.1,87.98,
USW00013958,2012-07-12,2012,7,12,35.6,96.08,
USW00013958,2012-07-13,2012,7,13,36.1,96.98,
USW00013958,2012-07-14,2012,7,14,35.0,95.0,
USW00013958,2012-07-15,2012,7,15,33.9,93.02,
USW00013958,2012-07-16,2012,7,16,33.9,93.02,
USW00013958,2012-07-17,2012,7,17,32.2,89.96,
USW00013958,2012-07-18,2012,7,18,33.3,91.94,
USW00013958,2012-07-19,2012,7,19,35.0,95.0,
USW00013958,2012-07-20,2012,7,20,36.7,98.06,
USW00013958,2012-07-21,2012,7,21,37.8,100.04,
USW00013958,2012-07-22,2012,7,22,34.4,93.92,
USW00013958,2012-07-23,2012,7,23,35.0,95.0,
USW00013958,2012-07-24,2012,7,24,35.6,96.08,
USW00013958,2012-07-25,2012,7,25,35.6,96.08,
USW00013958,2012-07-26,2012,7,26,36.1,96.98,
USW00013958,2012-07-27,2012,7,27,36.1,96.98,
USW00013958,2012-07-28,2012,7,28,37.2,98.96,
USW00013958,2012-07-29,2012,7,29,37.8,100.04,
USW00013958,2012-07-30,2012,7,30,37.2,98.96,
USW00013958,2012-07-31,2012,7,31,38.3,100.94,
USW00013958,2012-08-01,2012,8,1,38.9,102.02,
USW00013958,2012-08-02,2012,8,2,38.9,102.02,
USW00013958,2012-08-03,2012,8,3,38.3,100.94,
USW00013958,2012-08-04,2012,8,4,37.8,100.04,
USW00013958,2012-08-05,2012,8,5,36.1,96.98,
USW00013958,2012-08-06,2012,8,6,36.1,96.98,
USW00013958,2012-08-07,2012,8,7,38.3,100.94,
USW00013958,2012-08-08,2012,8,8,38.3,100.94,
USW00013958,2012-08-09,2012,8,9,39.4,102.92,
USW00013958,2012-08-10,2012,8,10,41.7,107.06,
USW00013958,2012-08-11,2012,8,11,39.4,102.92,
USW00013958,2012-08-12,2012,8,12,38.9,102.02,
USW00013958,2012-08-13,2012,8,13,39.4,102.92,
USW00013958,2012-08-14,2012,8,14,38.9,102.02,
USW00013958,2012-08-15,2012,8,15,38.9,102.02,
USW00013958,2012-08-16,2012,8,16,38.3,100.94,
USW00013958,2012-08-17,2012,8,17,38.9,102.02,
USW00013958,2012-08-18,2012,8,18,31.7,89.06,
USW00013958,2012-08-19,2012,8,19,32.2,89.96,
USW00013958,2012-08-20,2012,8,20,35.6,96.08,
USW00013958,2012-08-21,2012,8,21,33.9,93.02,
USW00013958,2012-08-22,2012,8,22,33.3,91.94,
USW00013958,2012-08-23,2012,8,23,34.4,93.92,
USW00013958,2012-08-24,2012,8,24,36.1,96.98,
USW00013958,2012-08-25,2012,8,25,36.7,98.06,
USW00013958,2012-08-26,2012,8,26,35.6,96.08,
USW00013958,2012-08-27,2012,8,27,36.7,98.06,
USW00013958,2012-08-28,2012,8,28,36.7,98.06,
USW00013958,2012-08-29,2012,8,29,36.7,98.06,
USW00013958,2012-08-30,2012,8,30,39.4,102.92,
USW00013958,2012-08-31,2012,8,31,37.8,100.04,
USW00013958,2013-06-01,2013,6,1,35.0,95.0,
USW00013958,2013-06-02,2013,6,2,32.2,89.96,
USW00013958,2013-06-03,2013,6,3,34.4,93.92,
USW00013958,2013-06-04,2013,6,4,34.4,93.92,
USW00013958,2013-06-05,2013,6,5,34.4,93.92,
USW00013958,2013-06-06,2013,6,6,36.1,96.98,
USW00013958,2013-06-07,2013,6,7,31.1,87.98,
USW00013958,2013-06-08,2013,6,8,33.3,91.94,
USW00013958,2013-06-09,2013,6,9,32.2,89.96,
USW00013958,2013-06-10,2013,6,10,35.6,96.08,
USW00013958,2013-06-11,2013,6,11,35.6,96.08,
USW00013958,2013-06-12,2013,6,12,36.1,96.98,
USW00013958,2013-06-13,2013,6,13,36.1,96.98,
USW00013958,2013-06-14,2013,6,14,33.9,93.02,
USW00013958,2013-06-15,2013,6,15,33.3,91.94,
USW00013958,2013-06-16,2013,6,16,36.7,98.06,
USW00013958,2013-06-17,2013,6,17,37.2,98.96,
USW00013958,2013-06-18,2013,6,18,35.0,95.0,
USW00013958,2013-06-19,2013,6,19,36.7,98.06,
USW00013958,2013-06-20,2013,6,20,36.7,98.06,
USW00013958,2013-06-21,2013,6,21,37.2,98.96,
USW00013958,2013-06-22,2013,6,22,37.2,98.96,
USW00013958,2013-06-23,2013,6,23,37.2,98.96,
USW00013958,2013-06-24,2013,6,24,37.2,98.96,
USW00013958,2013-06-25,2013,6,25,38.3,100.94,
USW00013958,2013-06-26,2013,6,26,38.9,102.02,
USW00013958,2013-06-27,2013,6,27,39.4,102.92,
USW00013958,2013-06-28,2013,6,28,41.1,105.98,
USW00013958,2013-06-29,2013,6,29,42.2,107.96,
USW00013958,2013-06-30,2013,6,30,35.6,96.08,
USW00013958,2013-07-01,2013,7,1,32.8,91.04,
USW00013958,2013-07-02,2013,7,2,35.0,95.0,
USW00013958,2013-07-03,2013,7,3,35.6,96.08,
USW00013958,2013-07-04,2013,7,4,35.6,96.08,
USW00013958,2013-07-05,2013,7,5,37.2,98.96,
USW00013958,2013-07-06,2013,7,6,37.2,98.96,
USW00013958,2013-07-07,2013,7,7,38.9,102.02,
USW00013958,2013-07-08,2013,7,8,32.8,91.04,
USW00013958,2013-07-09,2013,7,9,38.9,102.02,
USW00013958,2013-07-10,2013,7,10,38.9,102.02,
USW00013958,2013-07-11,2013,7,11,38.9,102.02,
USW00013958,2013-07-12,2013,7,12,39.4,102.92,
USW00013958,2013-07-13,2013,7,13,40.6,105.08,
USW00013958,2013-07-14,2013,7,14,36.7,98.06,
USW00013958,2013-07-15,2013,7,15,25.6,78.08,
USW00013958,2013-07-16,2013,7,16,34.4,93.92,
USW00013958,2013-07-17,2013,7,17,33.3,91.94,
USW00013958,2013-07-18,2013,7,18,35.0,95.0,
USW00013958,2013-07-19,2013,7,19,35.6,96.08,
USW00013958,2013-07-20,2013,7,20,35.6,96.08,
USW00013958,2013-07-21,2013,7,21,35.6,96.08,
USW00013958,2013-07-22,2013,7,22,37.2,98.96,
USW00013958,2013-07-23,2013,7,23,37.2,98.96,
USW00013958,2013-07-24,2013,7,24,36.1,96.98,
USW00013958,2013-07-25,2013,7,25,37.8,100.04,
USW00013958,2013-07-26,2013,7,26,37.8,100.04,
USW00013958,2013-07-27,2013,7,27,32.2,89.96,
USW00013958,2013-07-28,2013,7,28,36.7,98.06,
USW00013958,2013-07-29,2013,7,29,38.3,100.94,
USW00013958,2013-07-30,2013,7,30,38.3,100.94,
USW00013958,2013-07-31,2013,7,31,38.9,102.02,
USW00013958,2013-08-01,2013,8,1,39.4,102.92,
USW00013958,2013-08-02,2013,8,2,38.9,102.02,
USW00013958,2013-08-03,2013,8,3,38.9,102.02,
USW00013958,2013-08-04,2013,8,4,38.3,100.94,
USW00013958,2013-08-05,2013,8,5,40.0,104.0,
USW00013958,2013-08-06,2013,8,6,40.6,105.08,
USW00013958,2013-08-07,2013,8,7,41.1,105.98,
USW00013958,2013-08-08,2013,8,8,40.6,105.08,
USW00013958,2013-08-09,2013,8,9,40.0,104.0,
USW00013958,2013-08-10,2013,8,10,41.1,105.98,
USW00013958,2013-08-11,2013,8,11,38.3,100.94,
USW00013958,2013-08-12,2013,8,12,38.3,100.94,
USW00013958,2013-08-13,2013,8,13,39.4,102.92,
USW00013958,2013-08-14,2013,8,14,41.7,107.06,
USW00013958,2013-08-15,2013,8,15,36.1,96.98,
USW00013958,2013-08-16,2013,8,16,36.1,96.98,
USW00013958,2013-08-17,2013,8,17,35.6,96.08,
USW00013958,2013-08-18,2013,8,18,36.7,98.06,
USW00013958,2013-08-19,2013,8,19,36.7,98.06,
USW00013958,2013-08-20,2013,8,20,37.2,98.96,
USW00013958,2013-08-21,2013,8,21,37.2,98.96,
USW00013958,2013-08-22,2013,8,22,37.8,100.04,
USW00013958,2013-08-23,2013,8,23,38.3,100.94,
USW00013958,2013-08-24,2013,8,24,38.3,100.94,
USW00013958,2013-08-25,2013,8,25,36.1,96.98,
USW00013958,2013-08-26,2013,8,26,33.3,91.94,
USW00013958,2013-08-27,2013,8,27,31.1,87.98,
USW00013958,2013-08-28,2013,8,28,37.2,98.96,
USW00013958,2013-08-29,2013,8,29,38.9,102.02,
USW00013958,2013-08-30,2013,8,30,40.6,105.08,
USW00013958,2013-08-31,2013,8,31,40.0,104.0,
USW00013958,2014-06-01,2014,6,1,31.1,87.98,
USW00013958,2014-06-02,2014,6,2,32.8,91.04,
USW00013958,2014-06-03,2014,6,3,32.2,89.96,
USW00013958,2014-06-04,2014,6,4,32.8,91.04,
USW00013958,2014-06-05,2014,6,5,32.8,91.04,
USW00013958,2014-06-06,2014,6,6,33.3,91.94,
USW00013958,2014-06-07,2014,6,7,33.3,91.94,
USW00013958,2014-06-08,2014,6,8,32.2,89.96,
USW00013958,2014-06-09,2014,6,9,30.0,86.0,
USW00013958,2014-06-10,2014,6,10,33.3,91.94,
USW00013958,2014-06-11,2014,6,11,34.4,93.92,
USW00013958,2014-06-12,2014,6,12,33.3,91.94,
USW00013958,2014-06-13,2014,6,13,31.7,89.06,
USW00013958,2014-06-14,2014,6,14,30.6,87.08,
USW00013958,2014-06-15,2014,6,15,32.8,91.04,
USW00013958,2014-06-16,2014,6,16,33.3,91.94,
USW00013958,2014-06-17,2014,6,17,33.3,91.94,
USW00013958,2014-06-18,2014,6,18,33.3,91.94,
USW00013958,2014-06-19,2014,6,19,32.8,91.04,
USW00013958,2014-06-20,2014,6,20,32.8,91.04,
USW00013958,2014-06-21,2014,6,21,33.3,91.94,
USW00013958,2014-06-22,2014,6,22,32.2,89.96,
USW00013958,2014-06-23,2014,6,23,31.1,87.98,
USW00013958,2014-06-24,2014,6,24,33.9,93.02,
USW00013958,2014-06-25,2014,6,25,31.7,89.06,
USW00013958,2014-06-26,2014,6,26,31.1,87.98,
USW00013958,2014-06-27,2014,6,27,32.8,91.04,
USW00013958,2014-06-28,2014,6,28,33.9,93.02,
USW00013958,2014-06-29,2014,6,29,35.0,95.0,
USW00013958,2014-06-30,2014,6,30,35.6,96.08,
USW00013958,2014-07-01,2014,7,1,35.6,96.08,
USW00013958,2014-07-02,2014,7,2,36.1,96.98,
USW00013958,2014-07-03,2014,7,3,35.6,96.08,
USW00013958,2014-07-04,2014,7,4,33.9,93.02,
USW00013958,2014-07-05,2014,7,5,34.4,93.92,
USW00013958,2014-07-06,2014,7,6,35.0,95.0,
USW00013958,2014-07-07,2014,7,7,35.6,96.08,
USW00013958,2014-07-08,2014,7,8,36.7,98.06,
USW00013958,2014-07-09,2014,7,9,36.7,98.06,
USW00013958,2014-07-10,2014,7,10,35.6,96.08,
USW00013958,2014-07-11,2014,7,11,35.0,95.0,
USW00013958,2014-07-12,2014,7,12,36.7,98.06,
USW00013958,2014-07-13,2014,7,13,37.8,100.04,
USW00013958,2014-07-14,2014,7,14,38.3,100.94,
USW00013958,2014-07-15,2014,7,15,33.3,91.94,
USW00013958,2014-07-16,2014,7,16,35.0,95.0,
USW00013958,2014-07-17,2014,7,17,31.7,89.06,
USW00013958,2014-07-18,2014,7,18,25.6,78.08,
USW00013958,2014-07-19,2014,7,19,30.0,86.0,
USW00013958,2014-07-20,2014,7,20,34.4,93.92,
USW00013958,2014-07-21,2014,7,21,35.6,96.08,
USW00013958,2014-07-22,2014,7,22,35.6,96.08,
USW00013958,2014-07-23,2014,7,23,36.1,96.98,
USW00013958,2014-07-24,2014,7,24,34.4,93.92,
USW00013958,2014-07-25,2014,7,25,35.6,96.08,
USW00013958,2014-07-26,2014,7,26,36.7,98.06,
USW00013958,2014-07-27,2014,7,27,36.7,98.06,
USW00013958,2014-07-28,2014,7,28,37.2,98.96,
USW00013958,2014-07-29,2014,7,29,36.1,96.98,
USW00013958,2014-07-30,2014,7,30,35.6,96.08,
USW00013958,2014-07-31,2014,7,31,36.1,96.98,
USW00013958,2014-08-01,2014,8,1,32.8,91.04,
USW00013958,2014-08-02,2014,8,2,32.2,89.96,
USW00013958,2014-08-03,2014,8,3,34.4,93.92,
USW00013958,2014-08-04,2014,8,4,34.4,93.92,
USW00013958,2014-08-05,2014,8,5,36.1,96.98,
USW00013958,2014-08-06,2014,8,6,37.2,98.96,
USW00013958,2014-08-07,2014,8,7,38.9,102.02,
USW00013958,2014-08-08,2014,8,8,38.9,102.02,
USW00013958,2014-08-09,2014,8,9,37.8,100.04,
USW00013958,2014-08-10,2014,8,10,38.3,100.94,
USW00013958,2014-08-11,2014,8,11,38.9,102.02,
USW00013958,2014-08-12,2014,8,12,37.8,100.04,
USW00013958,2014-08-13,2014,8,13,36.1,96.98,
USW00013958,2014-08-14,2014,8,14,36.7,98.06,
USW00013958,2014-08-15,2014,8,15,38.3,100.94,
USW00013958,2014-08-16,2014,8,16,40.0,104.0,
USW00013958,2014-08-17,2014,8,17,38.3,100.94,
USW00013958,2014-08-18,2014,8,18,38.9,102.02,
USW00013958,2014-08-19,2014,8,19,35.6,96.08,
USW00013958,2014-08-20,2014,8,20,38.9,102.02,
USW00013958,2014-08-21,2014,8,21,39.4,102.92,
USW00013958,2014-08-22,2014,8,22,39.4,102.92,
USW00013958,2014-08-23,2014,8,23,38.3,100.94,
USW00013958,2014-08-24,2014,8,24,38.3,100.94,
USW00013958,2014-08-25,2014,8,25,38.3,100.94,
USW00013958,2014-08-26,2014,8,26,38.3,100.94,
USW00013958,2014-08-27,2014,8,27,36.7,98.06,
USW00013958,2014-08-28,2014,8,28,37.2,98.96,
USW00013958,2014-08-29,2014,8,29,35.6,96.08,
USW00013958,2014-08-30,2014,8,30,35.0,95.0,
USW00013958,2014-08-31,2014,8,31,37.2,98.96,
USW00013958,2015-06-01,2015,6,1,31.1,87.98,
USW00013958,2015-06-02,2015,6,2,32.2,89.96,
USW00013958,2015-06-03,2015,6,3,31.7,89.06,
USW00013958,2015-06-04,2015,6,4,31.1,87.98,
USW00013958,2015-06-05,2015,6,5,32.2,89.96,
USW00013958,2015-06-06,2015,6,6,32.2,89.96,
USW00013958,2015-06-07,2015,6,7,32.8,91.04,
USW00013958,2015-06-08,2015,6,8,33.9,93.02,
USW00013958,2015-06-09,2015,6,9,35.0,95.0,
USW00013958,2015-06-10,2015,6,10,33.9,93.02,
USW00013958,2015-06-11,2015,6,11,34.4,93.92,
USW00013958,2015-06-12,2015,6,12,33.9,93.02,
USW00013958,2015-06-13,2015,6,13,35.0,95.0,
USW00013958,2015-06-14,2015,6,14,30.0,86.0,
USW00013958,2015-06-15,2015,6,15,31.7,89.06,
USW00013958,2015-06-16,2015,6,16,28.3,82.94,
USW00013958,2015-06-17,2015,6,17,31.7,89.06,
USW00013958,2015-06-18,2015,6,18,32.2,89.96,
USW00013958,2015-06-19,2015,6,19,28.9,84.02,
USW00013958,2015-06-20,2015,6,20,28.3,82.94,
USW00013958,2015-06-21,2015,6,21,30.0,86.0,
USW00013958,2015-06-22,2015,6,22,31.7,89.06,
USW00013958,2015-06-23,2015,6,23,33.3,91.94,
USW00013958,2015-06-24,2015,6,24,33.3,91.94,
USW00013958,2015-06-25,2015,6,25,33.9,93.02,
USW00013958,2015-06-26,2015,6,26,33.9,93.02,
USW00013958,2015-06-27,2015,6,27,32.8,91.04,
USW00013958,2015-06-28,2015,6,28,32.8,91.04,
USW00013958,2015-06-29,2015,6,29,33.9,93.02,
USW00013958,2015-06-30,2015,6,30,34.4,93.92,
USW00013958,2015-07-01,2015,7,1,32.8,91.04,
USW00013958,2015-07-02,2015,7,2,32.8,91.04,
USW00013958,2015-07-03,2015,7,3,32.8,91.04,
USW00013958,2015-07-04,2015,7,4,33.3,91.94,
USW00013958,2015-07-05,2015,7,5,32.8,91.04,
USW00013958,2015-07-06,2015,7,6,32.8,91.04,
USW00013958,2015-07-07,2015,7,7,32.8,91.04,
USW00013958,2015-07-08,2015,7,8,32.8,91.04,
USW00013958,2015-07-09,2015,7,9,33.9,93.02,
USW00013958,2015-07-10,2015,7,10,34.4,93.92,
USW00013958,2015-07-11,2015,7,11,33.9,93.02,
USW00013958,2015-07-12,2015,7,12,34.4,93.92,
USW00013958,2015-07-13,2015,7,13,35.6,96.08,
USW00013958,2015-07-14,2015,7,14,36.1,96.98,
USW00013958,2015-07-15,2015,7,15,35.0,95.0,
USW00013958,2015-07-16,2015,7,16,35.0,95.0,
USW00013958,2015-07-17,2015,7,17,35.6,96.08,
USW00013958,2015-07-18,2015,7,18,36.7,98.06,
USW00013958,2015-07-19,2015,7,19,36.1,96.98,
USW00013958,2015-07-20,2015,7,20,36.1,96.98,
USW00013958,2015-07-21,2015,7,21,36.1,96.98,
USW00013958,2015-07-22,2015,7,22,36.1,96.98,
USW00013958,2015-07-23,2015,7,23,37.2,98.96,
USW00013958,2015-07-24,2015,7,24,37.2,98.96,
USW00013958,2015-07-25,2015,7,25,36.7,98.06,
USW00013958,2015-07-26,2015,7,26,36.7,98.06,
USW00013958,2015-07-27,2015,7,27,37.8,100.04,
USW00013958,2015-07-28,2015,7,28,37.8,100.04,
USW00013958,2015-07-29,2015,7,29,38.3,100.94,
USW00013958,2015-07-30,2015,7,30,38.3,100.94,
USW00013958,2015-07-31,2015,7,31,38.9,102.02,
USW00013958,2015-08-01,2015,8,1,37.2,98.96,
USW00013958,2015-08-02,2015,8,2,37.8,100.04,
USW00013958,2015-08-03,2015,8,3,37.2,98.96,
USW00013958,2015-08-04,2015,8,4,37.8,100.04,
USW00013958,2015-08-05,2015,8,5,38.3,100.94,
USW00013958,2015-08-06,2015,8,6,38.9,102.02,
USW00013958,2015-08-07,2015,8,7,38.3,100.94,
USW00013958,2015-08-08,2015,8,8,38.9,102.02,
USW00013958,2015-08-09,2015,8,9,39.4,102.92,
USW00013958,2015-08-10,2015,8,10,40.0,104.0,
USW00013958,2015-08-11,2015,8,11,40.6,105.08,
USW00013958,2015-08-12,2015,8,12,40.6,105.08,
USW00013958,2015-08-13,2015,8,13,40.0,104.0,
USW00013958,2015-08-14,2015,8,14,38.3,100.94,
USW00013958,2015-08-15,2015,8,15,36.7,98.06,
USW00013958,2015-08-16,2015,8,16,36.7,98.06,
USW00013958,2015-08-17,2015,8,17,36.7,98.06,
USW00013958,2015-08-18,2015,8,18,37.2,98.96,
USW00013958,2015-08-19,2015,8,19,37.2,98.96,
USW00013958,2015-08-20,2015,8,20,28.9,84.02,
USW00013958,2015-08-21,2015,8,21,33.3,91.94,
USW00013958,2015-08-22,2015,8,22,37.2,98.96,
USW00013958,2015-08-23,2015,8,23,38.3,100.94,
USW00013958,2015-08-24,2015,8,24,38.3,100.94,
USW00013958,2015-08-25,2015,8,25,38.3,100.94,
USW00013958,2015-08-26,2015,8,26,36.7,98.06,
USW00013958,2015-08-27,2015,8,27,36.7,98.06,
USW00013958,2015-08-28,2015,8,28,36.7,98.06,
USW00013958,2015-08-29,2015,8,29,35.0,95.0,
USW00013958,2015-08-30,2015,8,30,35.6,96.08,
USW00013958,2015-08-31,2015,8,31,36.1,96.98,
USW00013958,2016-06-01,2016,6,1,30.6,87.08,
USW00013958,2016-06-02,2016,6,2,28.9,84.02,
USW00013958,2016-06-03,2016,6,3,29.4,84.92,
USW00013958,2016-06-04,2016,6,4,30.0,86.0,
USW00013958,2016-06-05,2016,6,5,31.1,87.98,
USW00013958,2016-06-06,2016,6,6,32.2,89.96,
USW00013958,2016-06-07,2016,6,7,33.3,91.94,
USW00013958,2016-06-08,2016,6,8,33.3,91.94,
USW00013958,2016-06-09,2016,6,9,33.3,91.94,
USW00013958,2016-06-10,2016,6,10,32.8,91.04,
USW00013958,2016-06-11,2016,6,11,33.9,93.02,
USW00013958,2016-06-12,2016,6,12,34.4,93.92,
USW00013958,2016-06-13,2016,6,13,34.4,93.92,
USW00013958,2016-06-14,2016,6,14,34.4,93.92,
USW00013958,2016-06-15,2016,6,15,35.6,96.08,
USW00013958,2016-06-16,2016,6,16,35.6,96.08,
USW00013958,2016-06-17,2016,6,17,36.1,96.98,
USW00013958,2016-06-18,2016,6,18,35.6,96.08,
USW00013958,2016-06-19,2016,6,19,34.4,93.92,
USW00013958,2016-06-20,2016,6,20,35.0,95.0,
USW00013958,2016-06-21,2016,6,21,35.6,96.08,
USW00013958,2016-06-22,2016,6,22,35.6,96.08,
USW00013958,2016-06-23,2016,6,23,35.0,95.0,
USW00013958,2016-06-24,2016,6,24,33.9,93.02,
USW00013958,2016-06-25,2016,6,25,31.1,87.98,
USW00013958,2016-06-26,2016,6,26,35.0,95.0,
USW00013958,2016-06-27,2016,6,27,35.6,96.08,
USW00013958,2016-06-28,2016,6,28,38.3,100.94,
USW00013958,2016-06-29,2016,6,29,35.6,96.08,
USW00013958,2016-06-30,2016,6,30,34.4,93.92,
USW00013958,2016-07-01,2016,7,1,35.6,96.08,
USW00013958,2016-07-02,2016,7,2,36.7,98.06,
USW00013958,2016-07-03,2016,7,3,36.7,98.06,
USW00013958,2016-07-04,2016,7,4,37.2,98.96,
USW00013958,2016-07-05,2016,7,5,37.2,98.96,
USW00013958,2016-07-06,2016,7,6,37.8,100.04,
USW00013958,2016-07-07,2016,7,7,37.2,98.96,
USW00013958,2016-07-08,2016,7,8,37.8,100.04,
USW00013958,2016-07-09,2016,7,9,37.2,98.96,
USW00013958,2016-07-10,2016,7,10,36.1,96.98,
USW00013958,2016-07-11,2016,7,11,37.8,100.04,
USW00013958,2016-07-12,2016,7,12,37.8,100.04,
USW00013958,2016-07-13,2016,7,13,38.3,100.94,
USW00013958,2016-07-14,2016,7,14,38.3,100.94,
USW00013958,2016-07-15,2016,7,15,38.3,100.94,
USW00013958,2016-07-16,2016,7,16,37.8,100.04,
USW00013958,2016-07-17,2016,7,17,37.2,98.96,
USW00013958,2016-07-18,2016,7,18,37.2,98.96,
USW00013958,2016-07-19,2016,7,19,37.8,100.04,
USW00013958,2016-07-20,2016,7,20,38.3,100.94,
USW00013958,2016-07-21,2016,7,21,38.3,100.94,
USW00013958,2016-07-22,2016,7,22,38.9,102.02,
USW00013958,2016-07-23,2016,7,23,38.3,100.94,
USW00013958,2016-07-24,2016,7,24,38.3,100.94,
USW00013958,2016-07-25,2016,7,25,38.9,102.02,
USW00013958,2016-07-26,2016,7,26,33.9,93.02,
USW00013958,2016-07-27,2016,7,27,33.3,91.94,
USW00013958,2016-07-28,2016,7,28,36.1,96.98,
USW00013958,2016-07-29,2016,7,29,35.6,96.08,
USW00013958,2016-07-30,2016,7,30,36.1,96.98,
USW00013958,2016-07-31,2016,7,31,36.7,98.06,
USW00013958,2016-08-01,2016,8,1,37.2,98.96,
USW00013958,2016-08-02,2016,8,2,36.7,98.06,
USW00013958,2016-08-03,2016,8,3,37.2,98.96,
USW00013958,2016-08-04,2016,8,4,37.2,98.96,
USW00013958,2016-08-05,2016,8,5,37.8,100.04,
USW00013958,2016-08-06,2016,8,6,37.8,100.04,
USW00013958,2016-08-07,2016,8,7,37.8,100.04,
USW00013958,2016-08-08,2016,8,8,37.8,100.04,
USW00013958,2016-08-09,2016,8,9,38.9,102.02,
USW00013958,2016-08-10,2016,8,10,38.9,102.02,
USW00013958,2016-08-11,2016,8,11,38.9,102.02,
USW00013958,2016-08-12,2016,8,12,40.6,105.08,
USW00013958,2016-08-13,2016,8,13,35.6,96.08,
USW00013958,2016-08-14,2016,8,14,28.9,84.02,
USW00013958,2016-08-15,2016,8,15,24.4,75.92,
USW00013958,2016-08-16,2016,8,16,28.3,82.94,
USW00013958,2016-08-17,2016,8,17,28.9,84.02,
USW00013958,2016-08-18,2016,8,18,31.1,87.98,
USW00013958,2016-08-19,2016,8,19,33.9,93.02,
USW00013958,2016-08-20,2016,8,20,28.3,82.94,
USW00013958,2016-08-21,2016,8,21,27.8,82.04,
USW00013958,2016-08-22,2016,8,22,32.8,91.04,
USW00013958,2016-08-23,2016,8,23,34.4,93.92,
USW00013958,2016-08-24,2016,8,24,33.9,93.02,
USW00013958,2016-08-25,2016,8,25,34.4,93.92,
USW00013958,2016-08-26,2016,8,26,33.9,93.02,
USW00013958,2016-08-27,2016,8,27,33.3,91.94,
USW00013958,2016-08-28,2016,8,28,33.3,91.94,
USW00013958,2016-08-29,2016,8,29,32.8,91.04,
USW00013958,2016-08-30,2016,8,30,33.3,91.94,
USW00013958,2016-08-31,2016,8,31,34.4,93.92,
USW00013958,2017-06-01,2017,6,1,31.7,89.06,
USW00013958,2017-06-02,2017,6,2,33.3,91.94,
USW00013958,2017-06-03,2017,6,3,33.3,91.94,
USW00013958,2017-06-04,2017,6,4,32.8,91.04,
USW00013958,2017-06-05,2017,6,5,32.2,89.96,
USW00013958,2017-06-06,2017,6,6,33.3,91.94,
USW00013958,2017-06-07,2017,6,7,35.0,95.0,
USW00013958,2017-06-08,2017,6,8,33.9,93.02,
USW00013958,2017-06-09,2017,6,9,32.2,89.96,
USW00013958,2017-06-10,2017,6,10,33.9,93.02,
USW00013958,2017-06-11,2017,6,11,33.9,93.02,
USW00013958,2017-06-12,2017,6,12,34.4,93.92,
USW00013958,2017-06-13,2017,6,13,36.7,98.06,
USW00013958,2017-06-14,2017,6,14,35.6,96.08,
USW00013958,2017-06-15,2017,6,15,37.2,98.96,
USW00013958,2017-06-16,2017,6,16,36.7,98.06,
USW00013958,2017-06-17,2017,6,17,38.3,100.94,
USW00013958,2017-06-18,2017,6,18,37.8,100.04,
USW00013958,2017-06-19,2017,6,19,33.3,91.94,
USW00013958,2017-06-20,2017,6,20,36.7,98.06,
USW00013958,2017-06-21,2017,6,21,36.1,96.98,
USW00013958,2017-06-22,2017,6,22,37.2,98.96,
USW00013958,2017-06-23,2017,6,23,40.0,104.0,
USW00013958,2017-06-24,2017,6,24,29.4,84.92,
USW00013958,2017-06-25,2017,6,25,32.2,89.96,
USW00013958,2017-06-26,2017,6,26,32.8,91.04,
USW00013958,2017-06-27,2017,6,27,32.8,91.04,
USW00013958,2017-06-28,2017,6,28,33.3,91.94,
USW00013958,2017-06-29,2017,6,29,37.2,98.96,
USW00013958,2017-06-30,2017,6,30,36.7,98.06,
USW00013958,2017-07-01,2017,7,1,36.7,98.06,
USW00013958,2017-07-02,2017,7,2,37.8,100.04,
USW00013958,2017-07-03,2017,7,3,37.2,98.96,
USW00013958,2017-07-04,2017,7,4,38.3,100.94,
USW00013958,2017-07-05,2017,7,5,37.2,98.96,
USW00013958,2017-07-06,2017,7,6,37.8,100.04,
USW00013958,2017-07-07,2017,7,7,37.2,98.96,
USW00013958,2017-07-08,2017,7,8,37.8,100.04,
USW00013958,2017-07-09,2017,7,9,38.3,100.94,
USW00013958,2017-07-10,2017,7,10,37.8,100.04,
USW00013958,2017-07-11,2017,7,11,38.3,100.94,
USW00013958,2017-07-12,2017,7,12,38.3,100.94,
USW00013958,2017-07-13,2017,7,13,38.9,102.02,
USW00013958,2017-07-14,2017,7,14,38.3,100.94,
USW00013958,2017-07-15,2017,7,15,39.4,102.92,
USW00013958,2017-07-16,2017,7,16,37.2,98.96,
USW00013958,2017-07-17,2017,7,17,36.7,98.06,
USW00013958,2017-07-18,2017,7,18,37.8,100.04,
USW00013958,2017-07-19,2017,7,19,38.3,100.94,
USW00013958,2017-07-20,2017,7,20,39.4,102.92,
USW00013958,2017-07-21,2017,7,21,40.0,104.0,
USW00013958,2017-07-22,2017,7,22,39.4,102.92,
USW00013958,2017-07-23,2017,7,23,39.4,102.92,
USW00013958,2017-07-24,2017,7,24,38.9,102.02,
USW00013958,2017-07-25,2017,7,25,39.4,102.92,
USW00013958,2017-07-26,2017,7,26,39.4,102.92,
USW00013958,2017-07-27,2017,7,27,39.4,102.92,
USW00013958,2017-07-28,2017,7,28,40.6,105.08,
USW00013958,2017-07-29,2017,7,29,41.7,107.06,
USW00013958,2017-07-30,2017,7,30,41.1,105.98,
USW00013958,2017-07-31,2017,7,31,37.2,98.96,
USW00013958,2017-08-01,2017,8,1,37.8,100.04,
USW00013958,2017-08-02,2017,8,2,30.6,87.08,
USW00013958,2017-08-03,2017,8,3,35.0,95.0,
USW00013958,2017-08-04,2017,8,4,37.2,98.96,
USW00013958,2017-08-05,2017,8,5,38.9,102.02,
USW00013958,2017-08-06,2017,8,6,38.3,100.94,
USW00013958,2017-08-07,2017,8,7,29.4,84.92,
USW00013958,2017-08-08,2017,8,8,34.4,93.92,
USW00013958,2017-08-09,2017,8,9,35.6,96.08,
USW00013958,2017-08-10,2017,8,10,37.8,100.04,
USW00013958,2017-08-11,2017,8,11,37.8,100.04,
USW00013958,2017-08-12,2017,8,12,37.8,100.04,
USW00013958,2017-08-13,2017,8,13,38.3,100.94,
USW00013958,2017-08-14,2017,8,14,37.8,100.04,
USW00013958,2017-08-15,2017,8,15,37.2,98.96,
USW00013958,2017-08-16,2017,8,16,38.3,100.94,
USW00013958,2017-08-17,2017,8,17,38.9,102.02,
USW00013958,2017-08-18,2017,8,18,38.3,100.94,
USW00013958,2017-08-19,2017,8,19,38.3,100.94,
USW00013958,2017-08-20,2017,8,20,38.3,100.94,
USW00013958,2017-08-21,2017,8,21,37.2,98.96,
USW00013958,2017-08-22,2017,8,22,37.8,100.04,
USW00013958,2017-08-23,2017,8,23,37.8,100.04,
USW00013958,2017-08-24,2017,8,24,35.6,96.08,
USW00013958,2017-08-25,2017,8,25,32.2,89.96,
USW00013958,2017-08-26,2017,8,26,24.4,75.92,
USW00013958,2017-08-27,2017,8,27,23.3,73.94,
USW00013958,2017-08-28,2017,8,28,30.0,86.0,
USW00013958,2017-08-29,2017,8,29,32.2,89.96,
USW00013958,2017-08-30,2017,8,30,33.9,93.02,
USW00013958,2017-08-31,2017,8,31,33.9,93.02,
USW00013958,2018-06-01,2018,6,1,37.2,98.96,
USW00013958,2018-06-02,2018,6,2,38.3,100.94,
USW00013958,2018-06-03,2018,6,3,37.8,100.04,
USW00013958,2018-06-04,2018,6,4,31.7,89.06,
USW00013958,2018-06-05,2018,6,5,37.2,98.96,
USW00013958,2018-06-06,2018,6,6,37.2,98.96,
USW00013958,2018-06-07,2018,6,7,36.7,98.06,
USW00013958,2018-06-08,2018,6,8,35.0,95.0,
USW00013958,2018-06-09,2018,6,9,35.6,96.08,
USW00013958,2018-06-10,2018,6,10,37.2,98.96,
USW00013958,2018-06-11,2018,6,11,36.7,98.06,
USW00013958,2018-06-12,2018,6,12,37.8,100.04,
USW00013958,2018-06-13,2018,6,13,37.2,98.96,
USW00013958,2018-06-14,2018,6,14,37.2,98.96,
USW00013958,2018-06-15,2018,6,15,36.7,98.06,
USW00013958,2018-06-16,2018,6,16,34.4,93.92,
USW00013958,2018-06-17,2018,6,17,34.4,93.92,
USW00013958,2018-06-18,2018,6,18,33.9,93.02,
USW00013958,2018-06-19,2018,6,19,26.7,80.06,
USW00013958,2018-06-20,2018,6,20,28.9,84.02,
USW00013958,2018-06-21,2018,6,21,34.4,93.92,
USW00013958,2018-06-22,2018,6,22,38.3,100.94,
USW00013958,2018-06-23,2018,6,23,37.8,100.04,
USW00013958,2018-06-24,2018,6,24,37.8,100.04,
USW00013958,2018-06-25,2018,6,25,35.0,95.0,
USW00013958,2018-06-26,2018,6,26,37.8,100.04,
USW00013958,2018-06-27,2018,6,27,38.3,100.94,
USW00013958,2018-06-28,2018,6,28,37.8,100.04,
USW00013958,2018-06-29,2018,6,29,37.8,100.04,
USW00013958,2018-06-30,2018,6,30,38.3,100.94,
USW00013958,2018-07-01,2018,7,1,40.0,104.0,
USW00013958,2018-07-02,2018,7,2,38.9,102.02,
USW00013958,2018-07-03,2018,7,3,39.4,102.92,
USW00013958,2018-07-04,2018,7,4,36.1,96.98,
USW00013958,2018-07-05,2018,7,5,34.4,93.92,
USW00013958,2018-07-06,2018,7,6,35.6,96.08,
USW00013958,2018-07-07,2018,7,7,34.4,93.92,
USW00013958,2018-07-08,2018,7,8,33.9,93.02,
USW00013958,2018-07-09,2018,7,9,28.3,82.94,
USW00013958,2018-07-10,2018,7,10,33.9,93.02,
USW00013958,2018-07-11,2018,7,11,35.6,96.08,
USW00013958,2018-07-12,2018,7,12,35.6,96.08,
USW00013958,2018-07-13,2018,7,13,35.6,96.08,
USW00013958,2018-07-14,2018,7,14,36.1,96.98,
USW00013958,2018-07-15,2018,7,15,36.1,96.98,
USW00013958,2018-07-16,2018,7,16,37.2,98.96,
USW00013958,2018-07-17,2018,7,17,38.3,100.94,
USW00013958,2018-07-18,2018,7,18,38.9,102.02,
USW00013958,2018-07-19,2018,7,19,39.4,102.92,
USW00013958,2018-07-20,2018,7,20,39.4,102.92,
USW00013958,2018-07-21,2018,7,21,40.0,104.0,
USW00013958,2018-07-22,2018,7,22,41.1,105.98,
USW00013958,2018-07-23,2018,7,23,43.3,109.94,
USW00013958,2018-07-24,2018,7,24,38.3,100.94,
USW00013958,2018-07-25,2018,7,25,38.3,100.94,
USW00013958,2018-07-26,2018,7,26,38.3,100.94,
USW00013958,2018-07-27,2018,7,27,39.4,102.92,
USW00013958,2018-07-28,2018,7,28,38.9,102.02,
USW00013958,2018-07-29,2018,7,29,39.4,102.92,
USW00013958,2018-07-30,2018,7,30,37.8,100.04,
USW00013958,2018-07-31,2018,7,31,36.7,98.06,
USW00013958,2018-08-01,2018,8,1,37.8,100.04,
USW00013958,2018-08-02,2018,8,2,37.8,100.04,
USW00013958,2018-08-03,2018,8,3,37.2,98.96,
USW00013958,2018-08-04,2018,8,4,38.3,100.94,
USW00013958,2018-08-05,2018,8,5,36.7,98.06,
USW00013958,2018-08-06,2018,8,6,36.7,98.06,
USW00013958,2018-08-07,2018,8,7,37.8,100.04,
USW00013958,2018-08-08,2018,8,8,38.9,102.02,
USW00013958,2018-08-09,2018,8,9,38.3,100.94,
USW00013958,2018-08-10,2018,8,10,35.6,96.08,
USW00013958,2018-08-11,2018,8,11,35.6,96.08,
USW00013958,2018-08-12,2018,8,12,32.2,89.96,
USW00013958,2018-08-13,2018,8,13,37.2,98.96,
USW00013958,2018-08-14,2018,8,14,37.8,100.04,
USW00013958,2018-08-15,2018,8,15,38.9,102.02,
USW00013958,2018-08-16,2018,8,16,39.4,102.92,
USW00013958,2018-08-17,2018,8,17,40.6,105.08,
USW00013958,2018-08-18,2018,8,18,40.0,104.0,
USW00013958,2018-08-19,2018,8,19,39.4,102.92,
USW00013958,2018-08-20,2018,8,20,40.0,104.0,
USW00013958,2018-08-21,2018,8,21,40.0,104.0,
USW00013958,2018-08-22,2018,8,22,40.0,104.0,
USW00013958,2018-08-23,2018,8,23,40.0,104.0,
USW00013958,2018-08-24,2018,8,24,39.4,102.92,
USW00013958,2018-08-25,2018,8,25,38.9,102.02,
USW00013958,2018-08-26,2018,8,26,38.9,102.02,
USW00013958,2018-08-27,2018,8,27,38.9,102.02,
USW00013958,2018-08-28,2018,8,28,39.4,102.92,
USW00013958,2018-08-29,2018,8,29,38.9,102.02,
USW00013958,2018-08-30,2018,8,30,37.2,98.96,
USW00013958,2018-08-31,2018,8,31,37.8,100.04,
USW00013958,2019-06-01,2019,6,1,33.3,91.94,
USW00013958,2019-06-02,2019,6,2,34.4,93.92,
USW00013958,2019-06-03,2019,6,3,33.9,93.02,
USW00013958,2019-06-04,2019,6,4,28.9,84.02,
USW00013958,2019-06-05,2019,6,5,32.8,91.04,
USW00013958,2019-06-06,2019,6,6,32.2,89.96,
USW00013958,2019-06-07,2019,6,7,35.0,95.0,
USW00013958,2019-06-08,2019,6,8,36.7,98.06,
USW00013958,2019-06-09,2019,6,9,36.7,98.06,
USW00013958,2019-06-10,2019,6,10,31.1,87.98,
USW00013958,2019-06-11,2019,6,11,27.2,80.96,
USW00013958,2019-06-12,2019,6,12,32.2,89.96,
USW00013958,2019-06-13,2019,6,13,32.8,91.04,
USW00013958,2019-06-14,2019,6,14,33.3,91.94,
USW00013958,2019-06-15,2019,6,15,35.0,95.0,
USW00013958,2019-06-16,2019,6,16,35.0,95.0,
USW00013958,2019-06-17,2019,6,17,32.2,89.96,
USW00013958,2019-06-18,2019,6,18,35.0,95.0,
USW00013958,2019-06-19,2019,6,19,36.1,96.98,
USW00013958,2019-06-20,2019,6,20,36.1,96.98,
USW00013958,2019-06-21,2019,6,21,35.0,95.0,
USW00013958,2019-06-22,2019,6,22,33.9,93.02,
USW00013958,2019-06-23,2019,6,23,35.6,96.08,
USW00013958,2019-06-24,2019,6,24,28.3,82.94,
USW00013958,2019-06-25,2019,6,25,34.4,93.92,
USW00013958,2019-06-26,2019,6,26,33.9,93.02,
USW00013958,2019-06-27,2019,6,27,35.0,95.0,
USW00013958,2019-06-28,2019,6,28,34.4,93.92,
USW00013958,2019-06-29,2019,6,29,35.6,96.08,
USW00013958,2019-06-30,2019,6,30,30.0,86.0,
USW00013958,2019-07-01,2019,7,1,33.3,91.94,
USW00013958,2019-07-02,2019,7,2,33.9,93.02,
USW00013958,2019-07-03,2019,7,3,33.3,91.94,
USW00013958,2019-07-04,2019,7,4,33.9,93.02,
USW00013958,2019-07-05,2019,7,5,35.6,96.08,
USW00013958,2019-07-06,2019,7,6,35.0,95.0,
USW00013958,2019-07-07,2019,7,7,36.1,96.98,
USW00013958,2019-07-08,2019,7,8,36.1,96.98,
USW00013958,2019-07-09,2019,7,9,36.1,96.98,
USW00013958,2019-07-10,2019,7,10,36.7,98.06,
USW00013958,2019-07-11,2019,7,11,36.7,98.06,
USW00013958,2019-07-12,2019,7,12,37.2,98.96,
USW00013958,2019-07-13,2019,7,13,36.1,96.98,
USW00013958,2019-07-14,2019,7,14,37.8,100.04,
USW00013958,2019-07-15,2019,7,15,36.7,98.06,
USW00013958,2019-07-16,2019,7,16,37.8,100.04,
USW00013958,2019-07-17,2019,7,17,37.8,100.04,
USW00013958,2019-07-18,2019,7,18,37.8,100.04,
USW00013958,2019-07-19,2019,7,19,37.8,100.04,
USW00013958,2019-07-20,2019,7,20,37.8,100.04,
USW00013958,2019-07-21,2019,7,21,37.8,100.04,
USW00013958,2019-07-22,2019,7,22,37.2,98.96,
USW00013958,2019-07-23,2019,7,23,35.0,95.0,
USW00013958,2019-07-24,2019,7,24,33.3,91.94,
USW00013958,2019-07-25,2019,7,25,33.9,93.02,
USW00013958,2019-07-26,2019,7,26,33.9,93.02,
USW00013958,2019-07-27,2019,7,27,36.1,96.98,
USW00013958,2019-07-28,2019,7,28,38.3,100.94,
USW00013958,2019-07-29,2019,7,29,38.3,100.94,
USW00013958,2019-07-30,2019,7,30,39.4,102.92,
USW00013958,2019-07-31,2019,7,31,39.4,102.92,
USW00013958,2019-08-01,2019,8,1,37.8,100.04,
USW00013958,2019-08-02,2019,8,2,37.8,100.04,
USW00013958,2019-08-03,2019,8,3,36.7,98.06,
USW00013958,2019-08-04,2019,8,4,35.0,95.0,
USW00013958,2019-08-05,2019,8,5,37.8,100.04,
USW00013958,2019-08-06,2019,8,6,38.9,102.02,
USW00013958,2019-08-07,2019,8,7,38.9,102.02,
USW00013958,2019-08-08,2019,8,8,40.0,104.0,
USW00013958,2019-08-09,2019,8,9,40.6,105.08,
USW00013958,2019-08-10,2019,8,10,40.0,104.0,
USW00013958,2019-08-11,2019,8,11,40.0,104.0,
USW00013958,2019-08-12,2019,8,12,40.6,105.08,
USW00013958,2019-08-13,2019,8,13,40.6,105.08,
USW00013958,2019-08-14,2019,8,14,40.0,104.0,
USW00013958,2019-08-15,2019,8,15,39.4,102.92,
USW00013958,2019-08-16,2019,8,16,40.0,104.0,
USW00013958,2019-08-17,2019,8,17,40.0,104.0,
USW00013958,2019-08-18,2019,8,18,39.4,102.92,
USW00013958,2019-08-19,2019,8,19,39.4,102.92,
USW00013958,2019-08-20,2019,8,20,39.4,102.92,
USW00013958,2019-08-21,2019,8,21,38.3,100.94,
USW00013958,2019-08-22,2019,8,22,38.9,102.02,
USW00013958,2019-08-23,2019,8,23,37.8,100.04,
USW00013958,2019-08-24,2019,8,24,37.2,98.96,
USW00013958,2019-08-25,2019,8,25,38.3,100.94,
USW00013958,2019-08-26,2019,8,26,38.9,102.02,
USW00013958,2019-08-27,2019,8,27,34.4,93.92,
USW00013958,2019-08-28,2019,8,28,38.9,102.02,
USW00013958,2019-08-29,2019,8,29,38.9,102.02,
USW00013958,2019-08-30,2019,8,30,37.8,100.04,
USW00013958,2019-08-31,2019,8,31,37.8,100.04,
USW00013958,2020-06-01,2020,6,1,28.9,84.02,
USW00013958,2020-06-02,2020,6,2,32.2,89.96,
USW00013958,2020-06-03,2020,6,3,33.9,93.02,
USW00013958,2020-06-04,2020,6,4,34.4,93.92,
USW00013958,2020-06-05,2020,6,5,34.4,93.92,
USW00013958,2020-06-06,2020,6,6,35.6,96.08,
USW00013958,2020-06-07,2020,6,7,35.6,96.08,
USW00013958,2020-06-08,2020,6,8,37.2,98.96,
USW00013958,2020-06-09,2020,6,9,37.8,100.04,
USW00013958,2020-06-10,2020,6,10,34.4,93.92,
USW00013958,2020-06-11,2020,6,11,35.6,96.08,
USW00013958,2020-06-12,2020,6,12,34.4,93.92,
USW00013958,2020-06-13,2020,6,13,34.4,93.92,
USW00013958,2020-06-14,2020,6,14,34.4,93.92,
USW00013958,2020-06-15,2020,6,15,35.6,96.08,
USW00013958,2020-06-16,2020,6,16,35.0,95.0,
USW00013958,2020-06-17,2020,6,17,35.6,96.08,
USW00013958,2020-06-18,2020,6,18,36.1,96.98,
USW00013958,2020-06-19,2020,6,19,36.1,96.98,
USW00013958,2020-06-20,2020,6,20,34.4,93.92,
USW00013958,2020-06-21,2020,6,21,35.6,96.08,
USW00013958,2020-06-22,2020,6,22,34.4,93.92,
USW00013958,2020-06-23,2020,6,23,33.9,93.02,
USW00013958,2020-06-24,2020,6,24,30.0,86.0,
USW00013958,2020-06-25,2020,6,25,34.4,93.92,
USW00013958,2020-06-26,2020,6,26,30.0,86.0,
USW00013958,2020-06-27,2020,6,27,33.9,93.02,
USW00013958,2020-06-28,2020,6,28,31.1,87.98,
USW00013958,2020-06-29,2020,6,29,32.2,89.96,
USW00013958,2020-06-30,2020,6,30,33.9,93.02,
USW00013958,2020-07-01,2020,7,1,35.0,95.0,
USW00013958,2020-07-02,2020,7,2,36.7,98.06,
USW00013958,2020-07-03,2020,7,3,37.2,98.96,
USW00013958,2020-07-04,2020,7,4,37.8,100.04,
USW00013958,2020-07-05,2020,7,5,37.8,100.04,
USW00013958,2020-07-06,2020,7,6,34.4,93.92,
USW00013958,2020-07-07,2020,7,7,37.8,100.04,
USW00013958,2020-07-08,2020,7,8,37.2,98.96,
USW00013958,2020-07-09,2020,7,9,38.3,100.94,
USW00013958,2020-07-10,2020,7,10,38.9,102.02,
USW00013958,2020-07-11,2020,7,11,40.0,104.0,
USW00013958,2020-07-12,2020,7,12,40.6,105.08,
USW00013958,2020-07-13,2020,7,13,42.2,107.96,
USW00013958,2020-07-14,2020,7,14,41.1,105.98,
USW00013958,2020-07-15,2020,7,15,39.4,102.92,
USW00013958,2020-07-16,2020,7,16,38.9,102.02,
USW00013958,2020-07-17,2020,7,17,38.9,102.02,
USW00013958,2020-07-18,2020,7,18,36.7,98.06,
USW00013958,2020-07-19,2020,7,19,37.2,98.96,
USW00013958,2020-07-20,2020,7,20,37.8,100.04,
USW00013958,2020-07-21,2020,7,21,36.1,96.98,
USW00013958,2020-07-22,2020,7,22,37.8,100.04,
USW00013958,2020-07-23,2020,7,23,38.3,100.94,
USW00013958,2020-07-24,2020,7,24,37.8,100.04,
USW00013958,2020-07-25,2020,7,25,34.4,93.92,
USW00013958,2020-07-26,2020,7,26,36.1,96.98,
USW00013958,2020-07-27,2020,7,27,36.7,98.06,
USW00013958,2020-07-28,2020,7,28,38.9,102.02,
USW00013958,2020-07-29,2020,7,29,38.9,102.02,
USW00013958,2020-07-30,2020,7,30,38.3,100.94,
USW00013958,2020-07-31,2020,7,31,38.9,102.02,
USW00013958,2020-08-01,2020,8,1,37.2,98.96,
USW00013958,2020-08-02,2020,8,2,38.3,100.94,
USW00013958,2020-08-03,2020,8,3,39.4,102.92,
USW00013958,2020-08-04,2020,8,4,38.9,102.02,
USW00013958,2020-08-05,2020,8,5,39.4,102.92,
USW00013958,2020-08-06,2020,8,6,39.4,102.92,
USW00013958,2020-08-07,2020,8,7,39.4,102.92,
USW00013958,2020-08-08,2020,8,8,40.0,104.0,
USW00013958,2020-08-09,2020,8,9,39.4,102.92,
USW00013958,2020-08-10,2020,8,10,39.4,102.92,
USW00013958,2020-08-11,2020,8,11,40.0,104.0,
USW00013958,2020-08-12,2020,8,12,41.1,105.98,
USW00013958,2020-08-13,2020,8,13,40.0,104.0,
USW00013958,2020-08-14,2020,8,14,41.7,107.06,
USW00013958,2020-08-15,2020,8,15,41.7,107.06,
USW00013958,2020-08-16,2020,8,16,41.1,105.98,
USW00013958,2020-08-17,2020,8,17,38.3,100.94,
USW00013958,2020-08-18,2020,8,18,40.0,104.0,
USW00013958,2020-08-19,2020,8,19,40.0,104.0,
USW00013958,2020-08-20,2020,8,20,38.3,100.94,
USW00013958,2020-08-21,2020,8,21,40.0,104.0,
USW00013958,2020-08-22,2020,8,22,33.9,93.02,
USW00013958,2020-08-23,2020,8,23,36.1,96.98,
USW00013958,2020-08-24,2020,8,24,37.8,100.04,
USW00013958,2020-08-25,2020,8,25,38.3,100.94,
USW00013958,2020-08-26,2020,8,26,36.1,96.98,
USW00013958,2020-08-27,2020,8,27,38.3,100.94,
USW00013958,2020-08-28,2020,8,28,41.1,105.98,
USW00013958,2020-08-29,2020,8,29,40.6,105.08,
USW00013958,2020-08-30,2020,8,30,39.4,102.92,
USW00013958,2020-08-31,2020,8,31,40.0,104.0,
USW00013958,2021-06-01,2021,6,1,30.6,87.08,
USW00013958,2021-06-02,2021,6,2,31.7,89.06,
USW00013958,2021-06-03,2021,6,3,22.8,73.04,
USW00013958,2021-06-04,2021,6,4,29.4,84.92,
USW00013958,2021-06-05,2021,6,5,28.3,82.94,
USW00013958,2021-06-06,2021,6,6,32.8,91.04,
USW00013958,2021-06-07,2021,6,7,32.8,91.04,
USW00013958,2021-06-08,2021,6,8,33.9,93.02,
USW00013958,2021-06-09,2021,6,9,35.0,95.0,
USW00013958,2021-06-10,2021,6,10,34.4,93.92,
USW00013958,2021-06-11,2021,6,11,33.9,93.02,
USW00013958,2021-06-12,2021,6,12,35.0,95.0,
USW00013958,2021-06-13,2021,6,13,37.2,98.96,
USW00013958,2021-06-14,2021,6,14,37.8,100.04,
USW00013958,2021-06-15,2021,6,15,37.2,98.96,
USW00013958,2021-06-16,2021,6,16,36.1,96.98,
USW00013958,2021-06-17,2021,6,17,36.1,96.98,
USW00013958,2021-06-18,2021,6,18,34.4,93.92,
USW00013958,2021-06-19,2021,6,19,35.6,96.08,
USW00013958,2021-06-20,2021,6,20,35.0,95.0,
USW00013958,2021-06-21,2021,6,21,35.6,96.08,
USW00013958,2021-06-22,2021,6,22,31.7,89.06,
USW00013958,2021-06-23,2021,6,23,36.7,98.06,
USW00013958,2021-06-24,2021,6,24,36.7,98.06,
USW00013958,2021-06-25,2021,6,25,36.1,96.98,
USW00013958,2021-06-26,2021,6,26,36.7,98.06,
USW00013958,2021-06-27,2021,6,27,33.3,91.94,
USW00013958,2021-06-28,2021,6,28,32.8,91.04,
USW00013958,2021-06-29,2021,6,29,31.1,87.98,
USW00013958,2021-06-30,2021,6,30,33.9,93.02,
USW00013958,2021-07-01,2021,7,1,35.6,96.08,
USW00013958,2021-07-02,2021,7,2,36.1,96.98,
USW00013958,2021-07-03,2021,7,3,33.9,93.02,
USW00013958,2021-07-04,2021,7,4,30.0,86.0,
USW00013958,2021-07-05,2021,7,5,29.4,84.92,
USW00013958,2021-07-06,2021,7,6,32.2,89.96,
USW00013958,2021-07-07,2021,7,7,31.1,87.98,
USW00013958,2021-07-08,2021,7,8,31.7,89.06,
USW00013958,2021-07-09,2021,7,9,27.2,80.96,
USW00013958,2021-07-10,2021,7,10,34.4,93.92,
USW00013958,2021-07-11,2021,7,11,32.8,91.04,
USW00013958,2021-07-12,2021,7,12,31.1,87.98,
USW00013958,2021-07-13,2021,7,13,32.8,91.04,
USW00013958,2021-07-14,2021,7,14,33.9,93.02,
USW00013958,2021-07-15,2021,7,15,33.9,93.02,
USW00013958,2021-07-16,2021,7,16,34.4,93.92,
USW00013958,2021-07-17,2021,7,17,34.4,93.92,
USW00013958,2021-07-18,2021,7,18,35.0,95.0,
USW00013958,2021-07-19,2021,7,19,36.1,96.98,
USW00013958,2021-07-20,2021,7,20,33.3,91.94,
USW00013958,2021-07-21,2021,7,21,33.9,93.02,
USW00013958,2021-07-22,2021,7,22,34.4,93.92,
USW00013958,2021-07-23,2021,7,23,35.0,95.0,
USW00013958,2021-07-24,2021,7,24,36.7,98.06,
USW00013958,2021-07-25,2021,7,25,37.8,100.04,
USW00013958,2021-07-26,2021,7,26,37.2,98.96,
USW00013958,2021-07-27,2021,7,27,36.7,98.06,
USW00013958,2021-07-28,2021,7,28,36.1,96.98,
USW00013958,2021-07-29,2021,7,29,36.7,98.06,
USW00013958,2021-07-30,2021,7,30,36.1,96.98,
USW00013958,2021-07-31,2021,7,31,36.7,98.06,
USW00013958,2021-08-01,2021,8,1,38.3,100.94,
USW00013958,2021-08-02,2021,8,2,30.0,86.0,
USW00013958,2021-08-03,2021,8,3,33.9,93.02,
USW00013958,2021-08-04,2021,8,4,33.3,91.94,
USW00013958,2021-08-05,2021,8,5,30.0,86.0,
USW00013958,2021-08-06,2021,8,6,33.3,91.94,
USW00013958,2021-08-07,2021,8,7,35.6,96.08,
USW00013958,2021-08-08,2021,8,8,36.7,98.06,
USW00013958,2021-08-09,2021,8,9,37.2,98.96,
USW00013958,2021-08-10,2021,8,10,37.2,98.96,
USW00013958,2021-08-11,2021,8,11,37.2,98.96,
USW00013958,2021-08-12,2021,8,12,37.2,98.96,
USW00013958,2021-08-13,2021,8,13,37.2,98.96,
USW00013958,2021-08-14,2021,8,14,37.2,98.96,
USW00013958,2021-08-15,2021,8,15,34.4,93.92,
USW00013958,2021-08-16,2021,8,16,34.4,93.92,
USW00013958,2021-08-17,2021,8,17,33.9,93.02,
USW00013958,2021-08-18,2021,8,18,35.0,95.0,
USW00013958,2021-08-19,2021,8,19,36.1,96.98,
USW00013958,2021-08-20,2021,8,20,35.0,95.0,
USW00013958,2021-08-21,2021,8,21,36.7,98.06,
USW00013958,2021-08-22,2021,8,22,36.7,98.06,
USW00013958,2021-08-23,2021,8,23,36.1,96.98,
USW00013958,2021-08-24,2021,8,24,36.7,98.06,
USW00013958,2021-08-25,2021,8,25,36.7,98.06,
USW00013958,2021-08-26,2021,8,26,37.8,100.04,
USW00013958,2021-08-27,2021,8,27,32.2,89.96,
USW00013958,2021-08-28,2021,8,28,34.4,93.92,
USW00013958,2021-08-29,2021,8,29,35.6,96.08,
USW00013958,2021-08-30,2021,8,30,35.6,96.08,
USW00013958,2021-08-31,2021,8,31,37.8,100.04,
USW00013958,2022-06-01,2022,6,1,36.1,96.98,
USW00013958,2022-06-02,2022,6,2,33.3,91.94,
USW00013958,2022-06-03,2022,6,3,33.9,93.02,
USW00013958,2022-06-04,2022,6,4,33.9,93.02,
USW00013958,2022-06-05,2022,6,5,37.2,98.96,
USW00013958,2022-06-06,2022,6,6,39.4,102.92,
USW00013958,2022-06-07,2022,6,7,39.4,102.92,
USW00013958,2022-06-08,2022,6,8,38.3,100.94,
USW00013958,2022-06-09,2022,6,9,38.3,100.94,
USW00013958,2022-06-10,2022,6,10,39.4,102.92,
USW00013958,2022-06-11,2022,6,11,40.0,104.0,
USW00013958,2022-06-12,2022,6,12,40.6,105.08,
USW00013958,2022-06-13,2022,6,13,38.9,102.02,
USW00013958,2022-06-14,2022,6,14,38.3,100.94,
USW00013958,2022-06-15,2022,6,15,36.7,98.06,
USW00013958,2022-06-16,2022,6,16,39.4,102.92,
USW00013958,2022-06-17,2022,6,17,37.8,100.04,
USW00013958,2022-06-18,2022,6,18,37.8,100.04,
USW00013958,2022-06-19,2022,6,19,38.9,102.02,
USW00013958,2022-06-20,2022,6,20,39.4,102.92,
USW00013958,2022-06-21,2022,6,21,38.3,100.94,
USW00013958,2022-06-22,2022,6,22,38.3,100.94,
USW00013958,2022-06-23,2022,6,23,40.0,104.0,
USW00013958,2022-06-24,2022,6,24,39.4,102.92,
USW00013958,2022-06-25,2022,6,25,39.4,102.92,
USW00013958,2022-06-26,2022,6,26,39.4,102.92,
USW00013958,2022-06-27,2022,6,27,38.9,102.02,
USW00013958,2022-06-28,2022,6,28,34.4,93.92,
USW00013958,2022-06-29,2022,6,29,37.2,98.96,
USW00013958,2022-06-30,2022,6,30,37.2,98.96,
USW00013958,2022-07-01,2022,7,1,36.1,96.98,
USW00013958,2022-07-02,2022,7,2,38.3,100.94,
USW00013958,2022-07-03,2022,7,3,38.3,100.94,
USW00013958,2022-07-04,2022,7,4,38.3,100.94,
USW00013958,2022-07-05,2022,7,5,38.3,100.94,
USW00013958,2022-07-06,2022,7,6,38.9,102.02,
USW00013958,2022-07-07,2022,7,7,38.9,102.02,
USW00013958,2022-07-08,2022,7,8,40.0,104.0,
USW00013958,2022-07-09,2022,7,9,41.1,105.98,
USW00013958,2022-07-10,2022,7,10,43.3,109.94,
USW00013958,2022-07-11,2022,7,11,42.8,109.04,
USW00013958,2022-07-12,2022,7,12,42.8,109.04,
USW00013958,2022-07-13,2022,7,13,42.2,107.96,
USW00013958,2022-07-14,2022,7,14,39.4,102.92,
USW00013958,2022-07-15,2022,7,15,37.2,98.96,
USW00013958,2022-07-16,2022,7,16,38.9,102.02,
USW00013958,2022-07-17,2022,7,17,40.0,104.0,
USW00013958,2022-07-18,2022,7,18,41.1,105.98,
USW00013958,2022-07-19,2022,7,19,41.1,105.98,
USW00013958,2022-07-20,2022,7,20,41.1,105.98,
USW00013958,2022-07-21,2022,7,21,40.6,105.08,
USW00013958,2022-07-22,2022,7,22,39.4,102.92,
USW00013958,2022-07-23,2022,7,23,40.0,104.0,
USW00013958,2022-07-24,2022,7,24,40.6,105.08,
USW00013958,2022-07-25,2022,7,25,40.0,104.0,
USW00013958,2022-07-26,2022,7,26,40.0,104.0,
USW00013958,2022-07-27,2022,7,27,39.4,102.92,
USW00013958,2022-07-28,2022,7,28,39.4,102.92,
USW00013958,2022-07-29,2022,7,29,40.0,104.0,
USW00013958,2022-07-30,2022,7,30,40.0,104.0,
USW00013958,2022-07-31,2022,7,31,39.4,102.92,
USW00013958,2022-08-01,2022,8,1,39.4,102.92,
USW00013958,2022-08-02,2022,8,2,40.6,105.08,
USW00013958,2022-08-03,2022,8,3,41.1,105.98,
USW00013958,2022-08-04,2022,8,4,41.1,105.98,
USW00013958,2022-08-05,2022,8,5,40.0,104.0,
USW00013958,2022-08-06,2022,8,6,37.2,98.96,
USW00013958,2022-08-07,2022,8,7,38.9,102.02,
USW00013958,2022-08-08,2022,8,8,38.9,102.02,
USW00013958,2022-08-09,2022,8,9,38.9,102.02,
USW00013958,2022-08-10,2022,8,10,40.0,104.0,
USW00013958,2022-08-11,2022,8,11,38.9,102.02,
USW00013958,2022-08-12,2022,8,12,40.0,104.0,
USW00013958,2022-08-13,2022,8,13,38.9,102.02,
USW00013958,2022-08-14,2022,8,14,34.4,93.92,
USW00013958,2022-08-15,2022,8,15,38.9,102.02,
USW00013958,2022-08-16,2022,8,16,38.3,100.94,
USW00013958,2022-08-17,2022,8,17,39.4,102.92,
USW00013958,2022-08-18,2022,8,18,39.4,102.92,
USW00013958,2022-08-19,2022,8,19,35.0,95.0,
USW00013958,2022-08-20,2022,8,20,38.3,100.94,
USW00013958,2022-08-21,2022,8,21,35.0,95.0,
USW00013958,2022-08-22,2022,8,22,36.7,98.06,
USW00013958,2022-08-23,2022,8,23,33.3,91.94,
USW00013958,2022-08-24,2022,8,24,34.4,93.92,
USW00013958,2022-08-25,2022,8,25,36.1,96.98,
USW00013958,2022-08-26,2022,8,26,36.7,98.06,
USW00013958,2022-08-27,2022,8,27,37.2,98.96,
USW00013958,2022-08-28,2022,8,28,36.7,98.06,
USW00013958,2022-08-29,2022,8,29,37.2,98.96,
USW00013958,2022-08-30,2022,8,30,30.6,87.08,
USW00013958,2022-08-31,2022,8,31,33.3,91.94,
USW00013958,2023-06-01,2023,6,1,32.8,91.04,
USW00013958,2023-06-02,2023,6,2,32.8,91.04,
USW00013958,2023-06-03,2023,6,3,33.9,93.02,
USW00013958,2023-06-04,2023,6,4,28.3,82.94,
USW00013958,2023-06-05,2023,6,5,31.1,87.98,
USW00013958,2023-06-06,2023,6,6,31.7,89.06,
USW00013958,2023-06-07,2023,6,7,32.8,91.04,
USW00013958,2023-06-08,2023,6,8,31.7,89.06,
USW00013958,2023-06-09,2023,6,9,37.8,100.04,
USW00013958,2023-06-10,2023,6,10,36.7,98.06,
USW00013958,2023-06-11,2023,6,11,37.8,100.04,
USW00013958,2023-06-12,2023,6,12,36.7,98.06,
USW00013958,2023-06-13,2023,6,13,34.4,93.92,
USW00013958,2023-06-14,2023,6,14,35.6,96.08,
USW00013958,2023-06-15,2023,6,15,38.3,100.94,
USW00013958,2023-06-16,2023,6,16,39.4,102.92,
USW00013958,2023-06-17,2023,6,17,36.1,96.98,
USW00013958,2023-06-18,2023,6,18,41.1,105.98,
USW00013958,2023-06-19,2023,6,19,40.0,104.0,
USW00013958,2023-06-20,2023,6,20,41.1,105.98,
USW00013958,2023-06-21,2023,6,21,39.4,102.92,
USW00013958,2023-06-22,2023,6,22,34.4,93.92,
USW00013958,2023-06-23,2023,6,23,37.2,98.96,
USW00013958,2023-06-24,2023,6,24,39.4,102.92,
USW00013958,2023-06-25,2023,6,25,39.4,102.92,
USW00013958,2023-06-26,2023,6,26,40.6,105.08,
USW00013958,2023-06-27,2023,6,27,40.6,105.08,
USW00013958,2023-06-28,2023,6,28,39.4,102.92,
USW00013958,2023-06-29,2023,6,29,38.3,100.94,
USW00013958,2023-06-30,2023,6,30,38.9,102.02,
USW00013958,2023-07-01,2023,7,1,38.9,102.02,
USW00013958,2023-07-02,2023,7,2,36.7,98.06,
USW00013958,2023-07-03,2023,7,3,37.2,98.96,
USW00013958,2023-07-04,2023,7,4,36.1,96.98,
USW00013958,2023-07-05,2023,7,5,37.2,98.96,
USW00013958,2023-07-06,2023,7,6,33.3,91.94,
USW00013958,2023-07-07,2023,7,7,35.0,95.0,
USW00013958,2023-07-08,2023,7,8,38.9,102.02,
USW00013958,2023-07-09,2023,7,9,40.0,104.0,
USW00013958,2023-07-10,2023,7,10,40.6,105.08,
USW00013958,2023-07-11,2023,7,11,40.6,105.08,
USW00013958,2023-07-12,2023,7,12,42.2,107.96,
USW00013958,2023-07-13,2023,7,13,41.7,107.06,
USW00013958,2023-07-14,2023,7,14,41.7,107.06,
USW00013958,2023-07-15,2023,7,15,41.7,107.06,
USW00013958,2023-07-16,2023,7,16,41.1,105.98,
USW00013958,2023-07-17,2023,7,17,42.2,107.96,
USW00013958,2023-07-18,2023,7,18,41.7,107.06,
USW00013958,2023-07-19,2023,7,19,41.1,105.98,
USW00013958,2023-07-20,2023,7,20,41.1,105.98,
USW00013958,2023-07-21,2023,7,21,40.0,104.0,
USW00013958,2023-07-22,2023,7,22,40.6,105.08,
USW00013958,2023-07-23,2023,7,23,41.1,105.98,
USW00013958,2023-07-24,2023,7,24,40.6,105.08,
USW00013958,2023-07-25,2023,7,25,40.0,104.0,
USW00013958,2023-07-26,2023,7,26,39.4,102.92,
USW00013958,2023-07-27,2023,7,27,39.4,102.92,
USW00013958,2023-07-28,2023,7,28,38.9,102.02,
USW00013958,2023-07-29,2023,7,29,40.0,104.0,
USW00013958,2023-07-30,2023,7,30,40.0,104.0,
USW00013958,2023-07-31,2023,7,31,41.7,107.06,
USW00013958,2023-08-01,2023,8,1,41.1,105.98,
USW00013958,2023-08-02,2023,8,2,40.6,105.08,
USW00013958,2023-08-03,2023,8,3,40.0,104.0,
USW00013958,2023-08-04,2023,8,4,40.6,105.08,
USW00013958,2023-08-05,2023,8,5,41.1,105.98,
USW00013958,2023-08-06,2023,8,6,40.6,105.08,
USW00013958,2023-08-07,2023,8,7,41.1,105.98,
USW00013958,2023-08-08,2023,8,8,41.1,105.98,
USW00013958,2023-08-09,2023,8,9,42.2,107.96,
USW00013958,2023-08-10,2023,8,10,41.7,107.06,
USW00013958,2023-08-11,2023,8,11,42.2,107.96,
USW00013958,2023-08-12,2023,8,12,41.1,105.98,
USW00013958,2023-08-13,2023,8,13,41.1,105.98,
USW00013958,2023-08-14,2023,8,14,41.1,105.98,
USW00013958,2023-08-15,2023,8,15,38.9,102.02,
USW00013958,2023-08-16,2023,8,16,40.0,104.0,
USW00013958,2023-08-17,2023,8,17,43.3,109.94,
USW00013958,2023-08-18,2023,8,18,41.1,105.98,
USW00013958,2023-08-19,2023,8,19,40.0,104.0,
USW00013958,2023-08-20,2023,8,20,41.7,107.06,
USW00013958,2023-08-21,2023,8,21,40.6,105.08,
USW00013958,2023-08-22,2023,8,22,37.2,98.96,
USW00013958,2023-08-23,2023,8,23,38.3,100.94,
USW00013958,2023-08-24,2023,8,24,40.6,105.08,
USW00013958,2023-08-25,2023,8,25,41.7,107.06,
USW00013958,2023-08-26,2023,8,26,41.7,107.06,
USW00013958,2023-08-27,2023,8,27,42.8,109.04,
USW00013958,2023-08-28,2023,8,28,37.8,100.04,
USW00013958,2023-08-29,2023,8,29,37.2,98.96,
USW00013958,2023-08-30,2023,8,30,38.3,100.94,
USW00013958,2023-08-31,2023,8,31,38.9,102.02,
USW00013958,2024-06-01,2024,6,1,33.3,91.94,
USW00013958,2024-06-02,2024,6,2,34.4,93.92,
USW00013958,2024-06-03,2024,6,3,35.0,95.0,
USW00013958,2024-06-04,2024,6,4,36.1,96.98,
USW00013958,2024-06-05,2024,6,5,33.3,91.94,
USW00013958,2024-06-06,2024,6,6,37.2,98.96,
USW00013958,2024-06-07,2024,6,7,36.7,98.06,
USW00013958,2024-06-08,2024,6,8,36.7,98.06,
USW00013958,2024-06-09,2024,6,9,36.1,96.98,
USW00013958,2024-06-10,2024,6,10,36.1,96.98,
USW00013958,2024-06-11,2024,6,11,35.6,96.08,
USW00013958,2024-06-12,2024,6,12,33.9,93.02,
USW00013958,2024-06-13,2024,6,13,36.1,96.98,
USW00013958,2024-06-14,2024,6,14,36.7,98.06,
USW00013958,2024-06-15,2024,6,15,36.7,98.06,
USW00013958,2024-06-16,2024,6,16,36.7,98.06,
USW00013958,2024-06-17,2024,6,17,36.7,98.06,
USW00013958,2024-06-18,2024,6,18,36.1,96.98,
USW00013958,2024-06-19,2024,6,19,28.3,82.94,
USW00013958,2024-06-20,2024,6,20,32.8,91.04,
USW00013958,2024-06-21,2024,6,21,33.9,93.02,
USW00013958,2024-06-22,2024,6,22,35.0,95.0,
USW00013958,2024-06-23,2024,6,23,35.6,96.08,
USW00013958,2024-06-24,2024,6,24,36.1,96.98,
USW00013958,2024-06-25,2024,6,25,36.7,98.06,
USW00013958,2024-06-26,2024,6,26,36.1,96.98,
USW00013958,2024-06-27,2024,6,27,37.8,100.04,
USW00013958,2024-06-28,2024,6,28,37.8,100.04,
USW00013958,2024-06-29,2024,6,29,38.3,100.94,
USW00013958,2024-06-30,2024,6,30,37.8,100.04,
USW00013958,2024-07-01,2024,7,1,38.3,100.94,
USW00013958,2024-07-02,2024,7,2,38.9,102.02,
USW00013958,2024-07-03,2024,7,3,38.3,100.94,
USW00013958,2024-07-04,2024,7,4,38.3,100.94,
USW00013958,2024-07-05,2024,7,5,38.3,100.94,
USW00013958,2024-07-06,2024,7,6,37.2,98.96,
USW00013958,2024-07-07,2024,7,7,35.0,95.0,
USW00013958,2024-07-08,2024,7,8,35.6,96.08,
USW00013958,2024-07-09,2024,7,9,36.7,98.06,
USW00013958,2024-07-10,2024,7,10,37.8,100.04,
USW00013958,2024-07-11,2024,7,11,37.8,100.04,
USW00013958,2024-07-12,2024,7,12,33.9,93.02,
USW00013958,2024-07-13,2024,7,13,34.4,93.92,
USW00013958,2024-07-14,2024,7,14,35.6,96.08,
USW00013958,2024-07-15,2024,7,15,37.8,100.04,
USW00013958,2024-07-16,2024,7,16,38.3,100.94,
USW00013958,2024-07-17,2024,7,17,38.3,100.94,
USW00013958,2024-07-18,2024,7,18,36.7,98.06,
USW00013958,2024-07-19,2024,7,19,36.7,98.06,
USW00013958,2024-07-20,2024,7,20,36.7,98.06,
USW00013958,2024-07-21,2024,7,21,36.7,98.06,
USW00013958,2024-07-22,2024,7,22,31.1,87.98,
USW00013958,2024-07-23,2024,7,23,27.2,80.96,
USW00013958,2024-07-24,2024,7,24,33.3,91.94,
USW00013958,2024-07-25,2024,7,25,32.8,91.04,
USW00013958,2024-07-26,2024,7,26,31.1,87.98,
USW00013958,2024-07-27,2024,7,27,30.0,86.0,
USW00013958,2024-07-28,2024,7,28,31.7,89.06,
USW00013958,2024-07-29,2024,7,29,36.1,96.98,
USW00013958,2024-07-30,2024,7,30,35.6,96.08,
USW00013958,2024-07-31,2024,7,31,35.6,96.08,
USW00013958,2024-08-01,2024,8,1,36.7,98.06,
USW00013958,2024-08-02,2024,8,2,37.8,100.04,
USW00013958,2024-08-03,2024,8,3,37.8,100.04,
USW00013958,2024-08-04,2024,8,4,36.7,98.06,
USW00013958,2024-08-05,2024,8,5,36.1,96.98,
USW00013958,2024-08-06,2024,8,6,36.7,98.06,
USW00013958,2024-08-07,2024,8,7,38.9,102.02,
USW00013958,2024-08-08,2024,8,8,38.3,100.94,
USW00013958,2024-08-09,2024,8,9,37.2,98.96,
USW00013958,2024-08-10,2024,8,10,37.2,98.96,
USW00013958,2024-08-11,2024,8,11,37.2,98.96,
USW00013958,2024-08-12,2024,8,12,37.8,100.04,
USW00013958,2024-08-13,2024,8,13,37.8,100.04,
USW00013958,2024-08-14,2024,8,14,38.3,100.94,
USW00013958,2024-08-15,2024,8,15,38.9,102.02,
USW00013958,2024-08-16,2024,8,16,38.3,100.94,
USW00013958,2024-08-17,2024,8,17,38.3,100.94,
USW00013958,2024-08-18,2024,8,18,38.9,102.02,
USW00013958,2024-08-19,2024,8,19,40.0,104.0,
USW00013958,2024-08-20,2024,8,20,41.1,105.98,
USW00013958,2024-08-21,2024,8,21,42.8,109.04,
USW00013958,2024-08-22,2024,8,22,41.7,107.06,
USW00013958,2024-08-23,2024,8,23,38.9,102.02,
USW00013958,2024-08-24,2024,8,24,37.2,98.96,
USW00013958,2024-08-25,2024,8,25,37.2,98.96,
USW00013958,2024-08-26,2024,8,26,33.9,93.02,
USW00013958,2024-08-27,2024,8,27,33.3,91.94,
USW00013958,2024-08-28,2024,8,28,36.1,96.98,
USW00013958,2024-08-29,2024,8,29,34.4,93.92,
USW00013958,2024-08-30,2024,8,30,34.4,93.92,
USW00013958,2024-08-31,2024,8,31,35.6,96.08,
USW00013958,2025-06-01,2025,6,1,35.6,96.08,
USW00013958,2025-06-02,2025,6,2,35.0,95.0,
USW00013958,2025-06-03,2025,6,3,34.4,93.92,
USW00013958,2025-06-04,2025,6,4,32.2,89.96,
USW00013958,2025-06-05,2025,6,5,35.0,95.0,
USW00013958,2025-06-06,2025,6,6,35.6,96.08,
USW00013958,2025-06-07,2025,6,7,35.6,96.08,
USW00013958,2025-06-08,2025,6,8,35.6,96.08,
USW00013958,2025-06-09,2025,6,9,37.2,98.96,
USW00013958,2025-06-10,2025,6,10,33.3,91.94,
USW00013958,2025-06-11,2025,6,11,31.7,89.06,
USW00013958,2025-06-12,2025,6,12,27.2,80.96,
USW00013958,2025-06-13,2025,6,13,35.0,95.0,
USW00013958,2025-06-14,2025,6,14,35.6,96.08,
USW00013958,2025-06-15,2025,6,15,36.1,96.98,
USW00013958,2025-06-16,2025,6,16,35.0,95.0,
USW00013958,2025-06-17,2025,6,17,35.6,96.08,
USW00013958,2025-06-18,2025,6,18,35.6,96.08,
USW00013958,2025-06-19,2025,6,19,37.2,98.96,
USW00013958,2025-06-20,2025,6,20,36.7,98.06,
USW00013958,2025-06-21,2025,6,21,35.6,96.08,
USW00013958,2025-06-22,2025,6,22,36.1,96.98,
USW00013958,2025-06-23,2025,6,23,36.7,98.06,
USW00013958,2025-06-24,2025,6,24,35.0,95.0,
USW00013958,2025-06-25,2025,6,25,35.6,96.08,
USW00013958,2025-06-26,2025,6,26,36.7,98.06,
USW00013958,2025-06-27,2025,6,27,35.6,96.08,
USW00013958,2025-06-28,2025,6,28,36.7,98.06,
USW00013958,2025-06-29,2025,6,29,36.7,98.06,
USW00013958,2025-06-30,2025,6,30,36.1,96.98,
USW00013958,2025-07-01,2025,7,1,35.0,95.0,
USW00013958,2025-07-02,2025,7,2,34.4,93.92,
USW00013958,2025-07-03,2025,7,3,28.3,82.94,
USW00013958,2025-07-04,2025,7,4,27.8,82.04,
USW00013958,2025-07-05,2025,7,5,25.0,77.0,
USW00013958,2025-07-06,2025,7,6,32.2,89.96,
USW00013958,2025-07-07,2025,7,7,32.2,89.96,
USW00013958,2025-07-08,2025,7,8,35.0,95.0,
USW00013958,2025-07-09,2025,7,9,31.1,87.98,
USW00013958,2025-07-10,2025,7,10,33.9,93.02,
USW00013958,2025-07-11,2025,7,11,33.9,93.02,
USW00013958,2025-07-12,2025,7,12,33.9,93.02,
USW00013958,2025-07-13,2025,7,13,28.9,84.02,
USW00013958,2025-07-14,2025,7,14,34.4,93.92,
USW00013958,2025-07-15,2025,7,15,35.0,95.0,
USW00013958,2025-07-16,2025,7,16,35.0,95.0,
USW00013958,2025-07-17,2025,7,17,35.6,96.08,
USW00013958,2025-07-18,2025,7,18,35.6,96.08,
USW00013958,2025-07-19,2025,7,19,32.2,89.96,
USW00013958,2025-07-20,2025,7,20,32.2,89.96,
USW00013958,2025-07-21,2025,7,21,33.9,93.02,
USW00013958,2025-07-22,2025,7,22,36.7,98.06,
USW00013958,2025-07-23,2025,7,23,36.7,98.06,
USW00013958,2025-07-24,2025,7,24,37.8,100.04,
USW00013958,2025-07-25,2025,7,25,32.2,89.96,
USW00013958,2025-07-26,2025,7,26,35.6,96.08,
USW00013958,2025-07-27,2025,7,27,36.1,96.98,
USW00013958,2025-07-28,2025,7,28,36.1,96.98,
USW00013958,2025-07-29,2025,7,29,37.8,100.04,
USW00013958,2025-07-30,2025,7,30,38.3,100.94,
USW00013958,2025-07-31,2025,7,31,38.9,102.02,
USW00013958,2025-08-01,2025,8,1,38.9,102.02,
USW00013958,2025-08-02,2025,8,2,37.2,98.96,
USW00013958,2025-08-03,2025,8,3,37.2,98.96,
USW00013958,2025-08-04,2025,8,4,32.2,89.96,
USW00013958,2025-08-05,2025,8,5,35.6,96.08,
USW00013958,2025-08-06,2025,8,6,37.2,98.96,
USW00013958,2025-08-07,2025,8,7,37.8,100.04,
USW00013958,2025-08-08,2025,8,8,38.3,100.94,
USW00013958,2025-08-09,2025,8,9,37.8,100.04,
USW00013958,2025-08-10,2025,8,10,37.2,98.96,
USW00013958,2025-08-11,2025,8,11,38.3,100.94,
USW00013958,2025-08-12,2025,8,12,36.7,98.06,
USW00013958,2025-08-13,2025,8,13,35.6,96.08,
USW00013958,2025-08-14,2025,8,14,38.9,102.02,
USW00013958,2025-08-15,2025,8,15,37.2,98.96,
USW00013958,2025-08-16,2025,8,16,37.8,100.04,
USW00013958,2025-08-17,2025,8,17,37.8,100.04,
USW00013958,2025-08-18,2025,8,18,39.4,102.92,
USW00013958,2025-08-19,2025,8,19,36.1,96.98,
USW00013958,2025-08-20,2025,8,20,38.3,100.94,
USW00013958,2025-08-21,2025,8,21,35.6,96.08,
USW00013958,2025-08-22,2025,8,22,35.0,95.0,
USW00013958,2025-08-23,2025,8,23,34.4,93.92,
USW00013958,2025-08-24,2025,8,24,37.2,98.96,
USW00013958,2025-08-25,2025,8,25,36.7,98.06,
USW00013958,2025-08-26,2025,8,26,36.7,98.06,
USW00013958,2025-08-27,2025,8,27,36.7,98.06,
USW00013958,2025-08-28,2025,8,28,38.9,102.02,
USW00013958,2025-08-29,2025,8,29,39.4,102.92,
USW00013958,2025-08-30,2025,8,30,38.3,100.94,
USW00013958,2025-08-31,2025,8,31,32.2,89.96,
USW00013958,2026-06-01,2026,6,1,33.9,93.02,
USW00013958,2026-06-02,2026,6,2,34.4,93.92,
USW00013958,2026-06-03,2026,6,3,30.6,87.08,
USW00013958,2026-06-04,2026,6,4,30.6,87.08,
USW00013958,2026-06-05,2026,6,5,29.4,84.92,
USW00013958,2026-06-06,2026,6,6,32.8,91.04,
USW00013958,2026-06-07,2026,6,7,32.8,91.04,
USW00013958,2026-06-08,2026,6,8,32.8,91.04,
USW00013958,2026-06-09,2026,6,9,33.3,91.94,
USW00013958,2026-06-10,2026,6,10,33.9,93.02,
USW00013958,2026-06-11,2026,6,11,34.4,93.92,
USW00013958,2026-06-12,2026,6,12,34.4,93.92,
USW00013958,2026-06-13,2026,6,13,33.9,93.02,
USW00013958,2026-06-14,2026,6,14,33.9,93.02,
USW00013958,2026-06-15,2026,6,15,29.4,84.92,
USW00013958,2026-06-16,2026,6,16,32.8,91.04,
USW00013958,2026-06-17,2026,6,17,32.2,89.96,
USW00013958,2026-06-18,2026,6,18,36.1,96.98,
USW00013958,2026-06-19,2026,6,19,31.1,87.98,
USW00013958,2026-06-20,2026,6,20,32.2,89.96,
USW00013958,2026-06-21,2026,6,21,33.3,91.94,
USW00013958,2026-06-22,2026,6,22,34.4,93.92,
USW00013958,2026-06-23,2026,6,23,34.4,93.92,
USW00013958,2026-06-24,2026,6,24,33.9,93.02,
USW00013958,2026-06-25,2026,6,25,33.9,93.02,
USW00013958,2026-06-26,2026,6,26,34.4,93.92,
USW00013958,2026-06-27,2026,6,27,35.6,96.08,
USW00013958,2026-06-28,2026,6,28,34.4,93.92,
USW00013958,2026-06-29,2026,6,29,36.1,96.98,
USW00013958,2026-06-30,2026,6,30,35.0,95.0,
USW00013958,2026-07-01,2026,7,1,36.1,96.98,
USW00013958,2026-07-02,2026,7,2,36.1,96.98,
USW00013958,2026-07-03,2026,7,3,36.7,98.06,
USW00013958,2026-07-04,2026,7,4,36.1,96.98,
USW00013958,2026-07-05,2026,7,5,36.1,96.98,
USW00013958,2026-07-06,2026,7,6,36.7,98.06,
USW00013958,2026-07-07,2026,7,7,36.7,98.06,
USW00013958,2026-07-08,2026,7,8,37.8,100.04,
USW00013958,2026-07-09,2026,7,9,37.2,98.96,
USW00013958,2026-07-10,2026,7,10,36.1,96.98,
USW00013958,2026-07-11,2026,7,11,32.8,91.04,
USW00013958,2026-07-12,2026,7,12,35.6,96.08,
USW00013958,2026-07-13,2026,7,13,34.4,93.92,
USW00013958,2026-07-14,2026,7,14,26.1,78.98,
USW00013958,2026-07-15,2026,7,15,25.6,78.08,
USW00013958,2026-07-16,2026,7,16,31.1,87.98,
USW00013958,2026-07-17,2026,7,17,34.4,93.92,
USW00013958,2026-07-18,2026,7,18,34.4,93.92,
USW00013958,2026-07-19,2026,7,19,35.0,95.0,
USW00013958,2026-07-20,2026,7,20,36.1,96.98,
USW00013958,2026-07-21,2026,7,21,37.8,100.04,
USW00013958,2026-07-22,2026,7,22,39.4,102.92,
USW00013958,2026-07-23,2026,7,23,36.7,98.06,
USW00013958,2026-07-24,2026,7,24,35.0,95.0,
USW00013958,2026-07-25,2026,7,25,35.6,96.08,
USW00013958,2026-07-26,2026,7,26,36.1,96.98,
USW00013958,2026-07-27,2026,7,27,36.7,98.06,
USW00013958,2026-07-28,2026,7,28,36.7,98.06,
USW00013958,2026-07-29,2026,7,29,36.7,98.06,
USW00013958,2026-07-30,2026,7,30,37.8,100.04,
USW00013958,2026-07-31,2026,7,31,37.8,100.04,
USW00013958,2026-08-01,2026,8,1,34.4,93.92,
USW00013958,2026-08-02,2026,8,2,37.8,100.04,
USW00013958,2026-08-03,2026,8,3,38.9,102.02,
USW00013958,2026-08-04,2026,8,4,38.3,100.94,
USW00013958,2026-08-05,2026,8,5,38.3,100.94,
USW00013958,2026-08-06,2026,8,6,38.3,100.94,
USW00013958,2026-08-07,2026,8,7,38.3,100.94,
USW00013958,2026-08-08,2026,8,8,37.8,100.04,
USW00013958,2026-08-09,2026,8,9,37.8,100.04,
USW00013958,2026-08-10,2026,8,10,37.8,100.04,
USW00013958,2026-08-11,2026,8,11,38.9,102.02,
USW00013958,2026-08-12,2026,8,12,38.9,102.02,
USW00013958,2026-08-13,2026,8,13,40.0,104.0,
USW00013958,2026-08-14,2026,8,14,37.2,98.96,
USW00013958,2026-08-15,2026,8,15,39.4,102.92,
USW00013958,2026-08-16,2026,8,16,38.9,102.02,
USW00013958,2026-08-17,2026,8,17,40.0,104.0,
USW00013958,2026-08-18,2026,8,18,39.4,102.92,
USW00013958,2026-08-19,2026,8,19,40.0,104.0,
USW00013958,2026-08-20,2026,8,20,40.0,104.0,
USW00013958,2026-08-21,2026,8,21,40.0,104.0,
USW00013958,2026-08-22,2026,8,22,41.7,107.06,
USW00013958,2026-08-23,2026,8,23,41.7,107.06,
USW00013958,2026-08-24,2026,8,24,40.6,105.08,
USW00013958,2026-08-25,2026,8,25,39.4,102.92,
USW00013958,2026-08-26,2026,8,26,40.6,105.08,
USW00013958,2026-08-27,2026,8,27,41.1,105.98,
USW00013958,2026-08-28,2026,8,28,37.8,100.04,
USW00013958,2026-08-29,2026,8,29,37.8,100.04,
USW00013958,2026-08-30,2026,8,30,37.8,100.04,
USW00013958,2026-08-31,2026,8,31,37.8,100.04,
